timestamp_utc,window_end_step,probability,label,hours_to_next_event
2023-01-01T23:50:00Z,523622,0.016493,0,
2023-01-02T00:50:00Z,523628,0.013639,0,
2023-01-02T01:50:00Z,523634,0.013559,0,
2023-01-02T02:50:00Z,523640,0.014125,0,
2023-01-02T03:50:00Z,523646,0.014683,0,
2023-01-02T04:50:00Z,523652,0.013457,0,
2023-01-02T05:50:00Z,523658,0.009520,0,
2023-01-02T06:50:00Z,523664,0.013204,0,
2023-01-02T07:50:00Z,523670,0.011497,0,
2023-01-02T08:50:00Z,523676,0.012683,0,
2023-01-02T09:50:00Z,523682,0.015896,0,
2023-01-02T10:50:00Z,523688,0.014486,0,
2023-01-02T11:50:00Z,523694,0.011610,0,
2023-01-02T12:50:00Z,523700,0.010635,0,
2023-01-02T13:50:00Z,523706,0.017310,0,
2023-01-02T14:50:00Z,523712,0.018208,0,
2023-01-02T15:50:00Z,523718,0.023949,0,
2023-01-02T16:50:00Z,523724,0.021705,0,
2023-01-02T17:50:00Z,523730,0.020179,0,
2023-01-02T18:50:00Z,523736,0.014926,0,
2023-01-02T19:50:00Z,523742,0.014368,0,
2023-01-02T20:50:00Z,523748,0.014629,0,
2023-01-02T21:50:00Z,523754,0.018402,0,
2023-01-02T22:50:00Z,523760,0.019033,0,
2023-01-02T23:50:00Z,523766,0.020541,0,
2023-01-03T00:50:00Z,523772,0.007398,0,
2023-01-03T01:50:00Z,523778,0.018023,0,
2023-01-03T02:50:00Z,523784,0.016376,0,
2023-01-03T03:50:00Z,523790,0.015694,0,
2023-01-03T04:50:00Z,523796,0.015978,0,
2023-01-03T05:50:00Z,523802,0.004044,0,
2023-01-03T06:50:00Z,523808,0.012485,0,
2023-01-03T07:50:00Z,523814,0.010107,0,
2023-01-03T08:50:00Z,523820,0.008118,0,
2023-01-03T09:50:00Z,523826,0.011201,0,
2023-01-03T10:50:00Z,523832,0.014866,0,
2023-01-03T11:50:00Z,523838,0.016270,0,
2023-01-03T12:50:00Z,523844,0.015500,0,
2023-01-03T13:50:00Z,523850,0.013826,0,
2023-01-03T14:50:00Z,523856,0.014794,0,
2023-01-03T15:50:00Z,523862,0.017283,0,
2023-01-03T16:50:00Z,523868,0.022889,0,
2023-01-03T17:50:00Z,523874,0.025386,0,
2023-01-03T18:50:00Z,523880,0.028436,0,
2023-01-03T19:50:00Z,523886,0.030544,0,
2023-01-03T20:50:00Z,523892,0.024793,0,
2023-01-03T21:50:00Z,523898,0.024761,0,
2023-01-03T22:50:00Z,523904,0.028071,0,
2023-01-03T23:50:00Z,523910,0.034428,0,
2023-01-04T00:50:00Z,523916,0.034278,0,
2023-01-04T01:50:00Z,523922,0.040242,0,
2023-01-04T02:50:00Z,523928,0.040846,0,
2023-01-04T03:50:00Z,523934,0.050576,0,
2023-01-04T04:50:00Z,523940,0.058083,0,
2023-01-04T05:50:00Z,523946,0.057697,0,
2023-01-04T06:50:00Z,523952,0.057864,0,
2023-01-04T07:50:00Z,523958,0.061567,0,
2023-01-04T08:50:00Z,523964,0.063727,0,
2023-01-04T09:50:00Z,523970,0.064695,0,
2023-01-04T10:50:00Z,523976,0.062106,0,
2023-01-04T11:50:00Z,523982,0.058639,0,
2023-01-04T12:50:00Z,523988,0.060648,0,
2023-01-04T13:50:00Z,523994,0.059567,0,
2023-01-04T14:50:00Z,524000,0.056462,0,
2023-01-04T15:50:00Z,524006,0.053260,0,
2023-01-04T16:50:00Z,524012,0.044659,0,
2023-01-04T17:50:00Z,524018,0.045093,0,
2023-01-04T18:50:00Z,524024,0.043339,0,
2023-01-04T19:50:00Z,524030,0.042908,0,
2023-01-04T20:50:00Z,524036,0.044013,0,
2023-01-04T21:50:00Z,524042,0.034574,0,
2023-01-04T22:50:00Z,524048,0.022727,0,
2023-01-04T23:50:00Z,524054,0.023893,0,
2023-01-05T00:50:00Z,524060,0.021718,0,
2023-01-05T01:50:00Z,524066,0.016638,0,
2023-01-05T02:50:00Z,524072,0.015067,0,
2023-01-05T03:50:00Z,524078,0.013481,0,
2023-01-05T04:50:00Z,524084,0.012022,0,
2023-01-05T05:50:00Z,524090,0.010893,0,
2023-01-05T06:50:00Z,524096,0.013842,0,
2023-01-05T07:50:00Z,524102,0.010649,0,
2023-01-05T08:50:00Z,524108,0.010513,0,
2023-01-05T09:50:00Z,524114,0.011839,0,
2023-01-05T10:50:00Z,524120,0.010975,0,
2023-01-05T11:50:00Z,524126,0.012494,0,
2023-01-05T12:50:00Z,524132,0.009497,0,
2023-01-05T13:50:00Z,524138,0.010205,0,
2023-01-05T14:50:00Z,524144,0.014806,0,
2023-01-05T15:50:00Z,524150,0.015143,0,
2023-01-05T16:50:00Z,524156,0.015130,0,
2023-01-05T17:50:00Z,524162,0.018342,0,
2023-01-05T18:50:00Z,524168,0.024739,0,
2023-01-05T19:50:00Z,524174,0.022372,0,
2023-01-05T20:50:00Z,524180,0.027672,0,
2023-01-05T21:50:00Z,524186,0.027136,0,
2023-01-05T22:50:00Z,524192,0.025820,0,
2023-01-05T23:50:00Z,524198,0.029814,0,
2023-01-06T00:50:00Z,524204,0.027156,0,
2023-01-06T01:50:00Z,524210,0.022669,0,
2023-01-06T02:50:00Z,524216,0.019830,0,
2023-01-06T03:50:00Z,524222,0.021401,0,
2023-01-06T04:50:00Z,524228,0.020560,0,
2023-01-06T05:50:00Z,524234,0.016372,0,
2023-01-06T06:50:00Z,524240,0.017657,0,
2023-01-06T07:50:00Z,524246,0.023449,0,
2023-01-06T08:50:00Z,524252,0.018698,0,
2023-01-06T09:50:00Z,524258,0.017632,0,
2023-01-06T10:50:00Z,524264,0.017828,0,
2023-01-06T11:50:00Z,524270,0.023690,0,
2023-01-06T12:50:00Z,524276,0.020524,0,
2023-01-06T13:50:00Z,524282,0.016664,0,
2023-01-06T14:50:00Z,524288,0.015417,0,
2023-01-06T15:50:00Z,524294,0.008922,0,
2023-01-06T16:50:00Z,524300,0.013660,0,
2023-01-06T17:50:00Z,524306,0.011918,0,
2023-01-06T18:50:00Z,524312,0.011343,0,
2023-01-06T19:50:00Z,524318,0.010364,0,
2023-01-06T20:50:00Z,524324,0.016439,0,
2023-01-06T21:50:00Z,524330,0.021484,0,
2023-01-06T22:50:00Z,524336,0.025728,0,
2023-01-06T23:50:00Z,524342,0.024539,0,
2023-01-07T00:50:00Z,524348,0.024002,0,
2023-01-07T01:50:00Z,524354,0.023714,0,
2023-01-07T02:50:00Z,524360,0.026459,0,
2023-01-07T03:50:00Z,524366,0.027690,0,
2023-01-07T04:50:00Z,524372,0.030847,0,
2023-01-07T05:50:00Z,524378,0.031002,0,
2023-01-07T06:50:00Z,524384,0.029101,0,
2023-01-07T07:50:00Z,524390,0.030359,0,
2023-01-07T08:50:00Z,524396,0.033561,0,
2023-01-07T09:50:00Z,524402,0.029539,0,
2023-01-07T10:50:00Z,524408,0.024637,0,
2023-01-07T11:50:00Z,524414,0.026048,0,
2023-01-07T12:50:00Z,524420,0.025637,0,
2023-01-07T13:50:00Z,524426,0.021400,0,
2023-01-07T14:50:00Z,524432,0.019071,0,
2023-01-07T15:50:00Z,524438,0.021169,0,
2023-01-07T16:50:00Z,524444,0.021367,0,
2023-01-07T17:50:00Z,524450,0.029140,0,
2023-01-07T18:50:00Z,524456,0.030074,0,
2023-01-07T19:50:00Z,524462,0.040161,0,
2023-01-07T20:50:00Z,524468,0.041471,0,
2023-01-07T21:50:00Z,524474,0.040463,0,
2023-01-07T22:50:00Z,524480,0.047060,0,
2023-01-07T23:50:00Z,524486,0.045587,0,
2023-01-08T00:50:00Z,524492,0.043775,0,
2023-01-08T01:50:00Z,524498,0.043049,0,
2023-01-08T02:50:00Z,524504,0.035712,0,
2023-01-08T03:50:00Z,524510,0.022097,0,
2023-01-08T04:50:00Z,524516,0.022746,0,
2023-01-08T05:50:00Z,524522,0.019722,0,
2023-01-08T06:50:00Z,524528,0.014964,0,
2023-01-08T07:50:00Z,524534,0.019054,0,
2023-01-08T08:50:00Z,524540,0.014389,0,
2023-01-08T09:50:00Z,524546,0.016491,0,
2023-01-08T10:50:00Z,524552,0.018546,0,
2023-01-08T11:50:00Z,524558,0.030184,0,
2023-01-08T12:50:00Z,524564,0.027785,0,
2023-01-08T13:50:00Z,524570,0.034022,0,
2023-01-08T14:50:00Z,524576,0.027595,0,
2023-01-08T15:50:00Z,524582,0.022762,0,
2023-01-08T16:50:00Z,524588,0.019655,0,
2023-01-08T17:50:00Z,524594,0.022922,0,
2023-01-08T18:50:00Z,524600,0.021598,0,
2023-01-08T19:50:00Z,524606,0.019555,0,
2023-01-08T20:50:00Z,524612,0.015966,0,
2023-01-08T21:50:00Z,524618,0.018751,0,
2023-01-08T22:50:00Z,524624,0.014454,0,
2023-01-08T23:50:00Z,524630,0.019084,0,
2023-01-09T00:50:00Z,524636,0.017907,0,
2023-01-09T01:50:00Z,524642,0.012074,0,
2023-01-09T02:50:00Z,524648,0.011415,0,
2023-01-09T03:50:00Z,524654,0.021671,0,
2023-01-09T04:50:00Z,524660,0.033380,0,
2023-01-09T05:50:00Z,524666,0.041747,0,
2023-01-09T06:50:00Z,524672,0.037389,0,
2023-01-09T07:50:00Z,524678,0.036951,0,
2023-01-09T08:50:00Z,524684,0.042333,0,
2023-01-09T09:50:00Z,524690,0.037101,0,
2023-01-09T10:50:00Z,524696,0.023682,0,
2023-01-09T11:50:00Z,524702,0.029355,0,
2023-01-09T12:50:00Z,524708,0.030996,0,
2023-01-09T13:50:00Z,524714,0.032276,0,
2023-01-09T14:50:00Z,524720,0.028771,0,
2023-01-09T15:50:00Z,524726,0.029104,0,
2023-01-09T16:50:00Z,524732,0.030235,0,
2023-01-09T17:50:00Z,524738,0.022276,0,
2023-01-09T18:50:00Z,524744,0.029960,0,
2023-01-09T19:50:00Z,524750,0.029853,0,
2023-01-09T20:50:00Z,524756,0.030901,0,
2023-01-09T21:50:00Z,524762,0.032198,0,
2023-01-09T22:50:00Z,524768,0.033976,0,
2023-01-09T23:50:00Z,524774,0.029995,0,
2023-01-10T00:50:00Z,524780,0.030038,0,
2023-01-10T01:50:00Z,524786,0.030098,0,
2023-01-10T02:50:00Z,524792,0.034289,0,
2023-01-10T03:50:00Z,524798,0.026355,0,
2023-01-10T04:50:00Z,524804,0.019935,0,
2023-01-10T05:50:00Z,524810,0.020110,0,
2023-01-10T06:50:00Z,524816,0.016546,0,
2023-01-10T07:50:00Z,524822,0.018828,0,
2023-01-10T08:50:00Z,524828,0.018890,0,
2023-01-10T09:50:00Z,524834,0.024518,0,
2023-01-10T10:50:00Z,524840,0.030268,0,
2023-01-10T11:50:00Z,524846,0.034848,0,
2023-01-10T12:50:00Z,524852,0.040843,0,
2023-01-10T13:50:00Z,524858,0.038050,0,
2023-01-10T14:50:00Z,524864,0.036594,0,
2023-01-10T15:50:00Z,524870,0.030545,0,
2023-01-10T16:50:00Z,524876,0.030778,0,
2023-01-10T17:50:00Z,524882,0.031793,0,
2023-01-10T18:50:00Z,524888,0.033441,0,
2023-01-10T19:50:00Z,524894,0.040335,0,
2023-01-10T20:50:00Z,524900,0.035441,0,
2023-01-10T21:50:00Z,524906,0.039696,0,
2023-01-10T22:50:00Z,524912,0.046538,0,
2023-01-10T23:50:00Z,524918,0.037049,0,
2023-01-11T00:50:00Z,524924,0.035173,0,
2023-01-11T01:50:00Z,524930,0.034144,0,
2023-01-11T02:50:00Z,524936,0.038985,0,
2023-01-11T03:50:00Z,524942,0.035060,0,
2023-01-11T04:50:00Z,524948,0.039706,0,
2023-01-11T05:50:00Z,524954,0.032426,0,
2023-01-11T06:50:00Z,524960,0.039181,0,
2023-01-11T07:50:00Z,524966,0.030786,0,
2023-01-11T08:50:00Z,524972,0.029874,0,
2023-01-11T09:50:00Z,524978,0.025490,0,
2023-01-11T10:50:00Z,524984,0.034135,0,
2023-01-11T11:50:00Z,524990,0.039919,0,
2023-01-11T12:50:00Z,524996,0.043561,0,
2023-01-11T13:50:00Z,525002,0.046751,0,
2023-01-11T14:50:00Z,525008,0.047536,0,
2023-01-11T15:50:00Z,525014,0.052219,0,
2023-01-11T16:50:00Z,525020,0.048148,0,
2023-01-11T17:50:00Z,525026,0.046173,0,
2023-01-11T18:50:00Z,525032,0.045893,0,
2023-01-11T19:50:00Z,525038,0.042375,0,
2023-01-11T20:50:00Z,525044,0.043008,0,
2023-01-11T21:50:00Z,525050,0.033453,0,
2023-01-11T22:50:00Z,525056,0.036076,0,
2023-01-11T23:50:00Z,525062,0.043376,0,
2023-01-12T00:50:00Z,525068,0.048838,0,
2023-01-12T01:50:00Z,525074,0.048036,0,
2023-01-12T02:50:00Z,525080,0.049058,0,
2023-01-12T03:50:00Z,525086,0.049774,0,
2023-01-12T04:50:00Z,525092,0.042245,0,
2023-01-12T05:50:00Z,525098,0.037834,0,
2023-01-12T06:50:00Z,525104,0.033716,0,
2023-01-12T07:50:00Z,525110,0.030487,0,
2023-01-12T08:50:00Z,525116,0.029847,0,
2023-01-12T09:50:00Z,525122,0.030757,0,
2023-01-12T10:50:00Z,525128,0.032588,0,
2023-01-12T11:50:00Z,525134,0.035094,0,
2023-01-12T12:50:00Z,525140,0.037176,0,
2023-01-12T13:50:00Z,525146,0.043245,0,
2023-01-12T14:50:00Z,525152,0.049005,0,
2023-01-12T15:50:00Z,525158,0.055137,0,
2023-01-12T16:50:00Z,525164,0.037502,0,
2023-01-12T17:50:00Z,525170,0.034024,0,
2023-01-12T18:50:00Z,525176,0.034261,0,
2023-01-12T19:50:00Z,525182,0.037018,0,
2023-01-12T20:50:00Z,525188,0.047928,0,
2023-01-12T21:50:00Z,525194,0.052166,0,
2023-01-12T22:50:00Z,525200,0.049780,0,
2023-01-12T23:50:00Z,525206,0.047322,0,
2023-01-13T00:50:00Z,525212,0.050235,0,
2023-01-13T01:50:00Z,525218,0.059486,0,
2023-01-13T02:50:00Z,525224,0.051535,0,
2023-01-13T03:50:00Z,525230,0.052369,0,
2023-01-13T04:50:00Z,525236,0.052188,0,
2023-01-13T05:50:00Z,525242,0.053119,0,
2023-01-13T06:50:00Z,525248,0.048697,0,
2023-01-13T07:50:00Z,525254,0.051499,0,
2023-01-13T08:50:00Z,525260,0.044616,0,
2023-01-13T09:50:00Z,525266,0.047581,0,
2023-01-13T10:50:00Z,525272,0.043152,0,
2023-01-13T11:50:00Z,525278,0.039878,0,
2023-01-13T12:50:00Z,525284,0.037652,0,
2023-01-13T13:50:00Z,525290,0.031485,0,
2023-01-13T14:50:00Z,525296,0.029667,0,
2023-01-13T15:50:00Z,525302,0.030000,0,
2023-01-13T16:50:00Z,525308,0.030383,0,
2023-01-13T17:50:00Z,525314,0.026471,0,
2023-01-13T18:50:00Z,525320,0.029066,0,
2023-01-13T19:50:00Z,525326,0.024551,0,
2023-01-13T20:50:00Z,525332,0.021326,0,
2023-01-13T21:50:00Z,525338,0.022349,0,
2023-01-13T22:50:00Z,525344,0.021964,0,
2023-01-13T23:50:00Z,525350,0.019614,0,
2023-01-14T00:50:00Z,525356,0.017617,0,
2023-01-14T01:50:00Z,525362,0.020624,0,
2023-01-14T02:50:00Z,525368,0.023080,0,
2023-01-14T03:50:00Z,525374,0.033178,0,
2023-01-14T04:50:00Z,525380,0.033299,0,
2023-01-14T05:50:00Z,525386,0.044674,0,
2023-01-14T06:50:00Z,525392,0.045869,0,
2023-01-14T07:50:00Z,525398,0.041752,0,
2023-01-14T08:50:00Z,525404,0.043739,0,
2023-01-14T09:50:00Z,525410,0.037650,0,
2023-01-14T10:50:00Z,525416,0.030875,0,
2023-01-14T11:50:00Z,525422,0.027480,0,
2023-01-14T12:50:00Z,525428,0.029889,0,
2023-01-14T13:50:00Z,525434,0.030139,0,
2023-01-14T14:50:00Z,525440,0.023224,0,
2023-01-14T15:50:00Z,525446,0.026082,0,
2023-01-14T16:50:00Z,525452,0.032345,0,
2023-01-14T17:50:00Z,525458,0.031272,0,
2023-01-14T18:50:00Z,525464,0.031054,0,
2023-01-14T19:50:00Z,525470,0.024558,0,
2023-01-14T20:50:00Z,525476,0.039249,0,
2023-01-14T21:50:00Z,525482,0.044456,0,
2023-01-14T22:50:00Z,525488,0.041977,0,
2023-01-14T23:50:00Z,525494,0.040981,0,
2023-01-15T00:50:00Z,525500,0.044288,0,
2023-01-15T01:50:00Z,525506,0.047833,0,
2023-01-15T02:50:00Z,525512,0.043394,0,
2023-01-15T03:50:00Z,525518,0.040395,0,
2023-01-15T04:50:00Z,525524,0.037762,0,
2023-01-15T05:50:00Z,525530,0.039209,0,
2023-01-15T06:50:00Z,525536,0.036695,0,
2023-01-15T07:50:00Z,525542,0.038411,0,
2023-01-15T08:50:00Z,525548,0.034929,0,
2023-01-15T09:50:00Z,525554,0.029342,0,
2023-01-15T10:50:00Z,525560,0.029359,0,
2023-01-15T11:50:00Z,525566,0.037750,0,
2023-01-15T12:50:00Z,525572,0.030752,0,
2023-01-15T13:50:00Z,525578,0.028613,0,
2023-01-15T14:50:00Z,525584,0.026828,0,
2023-01-15T15:50:00Z,525590,0.026158,0,
2023-01-15T16:50:00Z,525596,0.022964,0,
2023-01-15T17:50:00Z,525602,0.021478,0,
2023-01-15T18:50:00Z,525608,0.026109,0,
2023-01-15T19:50:00Z,525614,0.023607,0,
2023-01-15T20:50:00Z,525620,0.021513,0,
2023-01-15T21:50:00Z,525626,0.020720,0,
2023-01-15T22:50:00Z,525632,0.021688,0,
2023-01-15T23:50:00Z,525638,0.013926,0,
2023-01-16T00:50:00Z,525644,0.019367,0,
2023-01-16T01:50:00Z,525650,0.020381,0,
2023-01-16T02:50:00Z,525656,0.016489,0,
2023-01-16T03:50:00Z,525662,0.023447,0,
2023-01-16T04:50:00Z,525668,0.018422,0,
2023-01-16T05:50:00Z,525674,0.017636,0,
2023-01-16T06:50:00Z,525680,0.015762,0,
2023-01-16T07:50:00Z,525686,0.015070,0,
2023-01-16T08:50:00Z,525692,0.008377,0,
2023-01-16T09:50:00Z,525698,0.011629,0,
2023-01-16T10:50:00Z,525704,0.010852,0,
2023-01-16T11:50:00Z,525710,0.009118,0,
2023-01-16T12:50:00Z,525716,0.009277,0,
2023-01-16T13:50:00Z,525722,0.010405,0,
2023-01-16T14:50:00Z,525728,0.011627,0,
2023-01-16T15:50:00Z,525734,0.010271,0,
2023-01-16T16:50:00Z,525740,0.011811,0,
2023-01-16T17:50:00Z,525746,0.011187,0,
2023-01-16T18:50:00Z,525752,0.014223,0,
2023-01-16T19:50:00Z,525758,0.018904,0,
2023-01-16T20:50:00Z,525764,0.023209,0,
2023-01-16T21:50:00Z,525770,0.032485,0,
2023-01-16T22:50:00Z,525776,0.031116,0,
2023-01-16T23:50:00Z,525782,0.032423,0,
2023-01-17T00:50:00Z,525788,0.041623,0,
2023-01-17T01:50:00Z,525794,0.042716,0,
2023-01-17T02:50:00Z,525800,0.045232,0,
2023-01-17T03:50:00Z,525806,0.049024,0,
2023-01-17T04:50:00Z,525812,0.052520,0,
2023-01-17T05:50:00Z,525818,0.053979,0,
2023-01-17T06:50:00Z,525824,0.064551,0,
2023-01-17T07:50:00Z,525830,0.065306,0,
2023-01-17T08:50:00Z,525836,0.066762,0,
2023-01-17T09:50:00Z,525842,0.072260,0,
2023-01-17T10:50:00Z,525848,0.072083,0,
2023-01-17T11:50:00Z,525854,0.076585,0,
2023-01-17T12:50:00Z,525860,0.075714,0,
2023-01-17T13:50:00Z,525866,0.078192,0,
2023-01-17T14:50:00Z,525872,0.079647,0,
2023-01-17T15:50:00Z,525878,0.079234,0,
2023-01-17T16:50:00Z,525884,0.101067,0,
2023-01-17T17:50:00Z,525890,0.103338,0,
2023-01-17T18:50:00Z,525896,0.105993,0,
2023-01-17T19:50:00Z,525902,0.113626,0,
2023-01-17T20:50:00Z,525908,0.117280,0,
2023-01-17T21:50:00Z,525914,0.121007,0,
2023-01-17T22:50:00Z,525920,0.134642,0,
2023-01-17T23:50:00Z,525926,0.149919,0,
2023-01-18T00:50:00Z,525932,0.158435,0,
2023-01-18T01:50:00Z,525938,0.146948,0,
2023-01-18T02:50:00Z,525944,0.153526,0,
2023-01-18T03:50:00Z,525950,0.162019,0,
2023-01-18T04:50:00Z,525956,0.162655,0,
2023-01-18T05:50:00Z,525962,0.112549,0,
2023-01-18T06:50:00Z,525968,0.084210,0,
2023-01-18T07:50:00Z,525974,0.097762,0,
2023-01-18T08:50:00Z,525980,0.094472,0,
2023-01-18T09:50:00Z,525986,0.097024,0,
2023-01-18T10:50:00Z,525992,0.091344,0,
2023-01-18T11:50:00Z,525998,0.090982,0,
2023-01-18T12:50:00Z,526004,0.091820,0,
2023-01-18T13:50:00Z,526010,0.099899,0,
2023-01-18T14:50:00Z,526016,0.085525,0,
2023-01-18T15:50:00Z,526022,0.088823,0,
2023-01-18T16:50:00Z,526028,0.096051,0,
2023-01-18T17:50:00Z,526034,0.158189,0,
2023-01-18T18:50:00Z,526040,0.105199,0,
2023-01-18T19:50:00Z,526046,0.071451,0,
2023-01-18T20:50:00Z,526052,0.057438,0,
2023-01-18T21:50:00Z,526058,0.041084,0,
2023-01-18T22:50:00Z,526064,0.033436,0,
2023-01-18T23:50:00Z,526070,0.028799,0,
2023-01-19T00:50:00Z,526076,0.023629,0,
2023-01-19T01:50:00Z,526082,0.020085,0,
2023-01-19T02:50:00Z,526088,0.017925,0,
2023-01-19T03:50:00Z,526094,0.016903,0,
2023-01-19T04:50:00Z,526100,0.015502,0,
2023-01-19T05:50:00Z,526106,0.013544,0,
2023-01-19T06:50:00Z,526112,0.014728,0,
2023-01-19T07:50:00Z,526118,0.015641,0,
2023-01-19T08:50:00Z,526124,0.014898,0,
2023-01-19T09:50:00Z,526130,0.015172,0,
2023-01-19T10:50:00Z,526136,0.015887,0,
2023-01-19T11:50:00Z,526142,0.016132,0,
2023-01-19T12:50:00Z,526148,0.015569,0,
2023-01-19T13:50:00Z,526154,0.013870,0,
2023-01-19T14:50:00Z,526160,0.013469,0,
2023-01-19T15:50:00Z,526166,0.013882,0,
2023-01-19T16:50:00Z,526172,0.014554,0,
2023-01-19T17:50:00Z,526178,0.014166,0,
2023-01-19T18:50:00Z,526184,0.011771,0,
2023-01-19T19:50:00Z,526190,0.007660,0,
2023-01-19T20:50:00Z,526196,0.013297,0,
2023-01-19T21:50:00Z,526202,0.014478,0,
2023-01-19T22:50:00Z,526208,0.017410,0,
2023-01-19T23:50:00Z,526214,0.019994,0,
2023-01-20T00:50:00Z,526220,0.019167,0,
2023-01-20T01:50:00Z,526226,0.028163,0,
2023-01-20T02:50:00Z,526232,0.028882,0,
2023-01-20T03:50:00Z,526238,0.024609,0,
2023-01-20T04:50:00Z,526244,0.015776,0,
2023-01-20T05:50:00Z,526250,0.014197,0,
2023-01-20T06:50:00Z,526256,0.011949,0,
2023-01-20T07:50:00Z,526262,0.011847,0,
2023-01-20T08:50:00Z,526268,0.011707,0,
2023-01-20T09:50:00Z,526274,0.010584,0,
2023-01-20T10:50:00Z,526280,0.010350,0,
2023-01-20T11:50:00Z,526286,0.007831,0,
2023-01-20T12:50:00Z,526292,0.009810,0,
2023-01-20T13:50:00Z,526298,0.007897,0,
2023-01-20T14:50:00Z,526304,0.005383,0,
2023-01-20T15:50:00Z,526310,0.009833,0,
2023-01-20T16:50:00Z,526316,0.009657,0,
2023-01-20T17:50:00Z,526322,0.010799,0,
2023-01-20T18:50:00Z,526328,0.009021,0,
2023-01-20T19:50:00Z,526334,0.010732,0,
2023-01-20T20:50:00Z,526340,0.009678,0,
2023-01-20T21:50:00Z,526346,0.013394,0,
2023-01-20T22:50:00Z,526352,0.011007,0,
2023-01-20T23:50:00Z,526358,0.012061,0,
2023-01-21T00:50:00Z,526364,0.012281,0,
2023-01-21T01:50:00Z,526370,0.012335,0,
2023-01-21T02:50:00Z,526376,0.011180,0,
2023-01-21T03:50:00Z,526382,0.012200,0,
2023-01-21T04:50:00Z,526388,0.011790,0,
2023-01-21T05:50:00Z,526394,0.012100,0,
2023-01-21T06:50:00Z,526400,0.011953,0,
2023-01-21T07:50:00Z,526406,0.012422,0,
2023-01-21T08:50:00Z,526412,0.013334,0,
2023-01-21T09:50:00Z,526418,0.013081,0,
2023-01-21T10:50:00Z,526424,0.012421,0,
2023-01-21T11:50:00Z,526430,0.010951,0,
2023-01-21T12:50:00Z,526436,0.014954,0,
2023-01-21T13:50:00Z,526442,0.013547,0,
2023-01-21T14:50:00Z,526448,0.009991,0,
2023-01-21T15:50:00Z,526454,0.011954,0,
2023-01-21T16:50:00Z,526460,0.015587,0,
2023-01-21T17:50:00Z,526466,0.016728,0,
2023-01-21T18:50:00Z,526472,0.013676,0,
2023-01-21T19:50:00Z,526478,0.009605,0,
2023-01-21T20:50:00Z,526484,0.008878,0,
2023-01-21T21:50:00Z,526490,0.009109,0,
2023-01-21T22:50:00Z,526496,0.008669,0,
2023-01-21T23:50:00Z,526502,0.010147,0,
2023-01-22T00:50:00Z,526508,0.007856,0,
2023-01-22T01:50:00Z,526514,0.007257,0,
2023-01-22T02:50:00Z,526520,0.008970,0,
2023-01-22T03:50:00Z,526526,0.010492,0,
2023-01-22T04:50:00Z,526532,0.010112,0,
2023-01-22T05:50:00Z,526538,0.010849,0,
2023-01-22T06:50:00Z,526544,0.011412,0,
2023-01-22T07:50:00Z,526550,0.010786,0,
2023-01-22T08:50:00Z,526556,0.011215,0,
2023-01-22T09:50:00Z,526562,0.012262,0,
2023-01-22T10:50:00Z,526568,0.011647,0,
2023-01-22T11:50:00Z,526574,0.010922,0,
2023-01-22T12:50:00Z,526580,0.011016,0,
2023-01-22T13:50:00Z,526586,0.011646,0,
2023-01-22T14:50:00Z,526592,0.011383,0,
2023-01-22T15:50:00Z,526598,0.013240,0,
2023-01-22T16:50:00Z,526604,0.013789,0,
2023-01-22T17:50:00Z,526610,0.013347,0,
2023-01-22T18:50:00Z,526616,0.010970,0,
2023-01-22T19:50:00Z,526622,0.011938,0,
2023-01-22T20:50:00Z,526628,0.011125,0,
2023-01-22T21:50:00Z,526634,0.011603,0,
2023-01-22T22:50:00Z,526640,0.011470,0,
2023-01-22T23:50:00Z,526646,0.011319,0,
2023-01-23T00:50:00Z,526652,0.012010,0,
2023-01-23T01:50:00Z,526658,0.010994,0,
2023-01-23T02:50:00Z,526664,0.011406,0,
2023-01-23T03:50:00Z,526670,0.011889,0,
2023-01-23T04:50:00Z,526676,0.011542,0,
2023-01-23T05:50:00Z,526682,0.012999,0,
2023-01-23T06:50:00Z,526688,0.010445,0,
2023-01-23T07:50:00Z,526694,0.012781,0,
2023-01-23T08:50:00Z,526700,0.011434,0,
2023-01-23T09:50:00Z,526706,0.014543,0,
2023-01-23T10:50:00Z,526712,0.018213,0,
2023-01-23T11:50:00Z,526718,0.016617,0,
2023-01-23T12:50:00Z,526724,0.013602,0,
2023-01-23T13:50:00Z,526730,0.015205,0,
2023-01-23T14:50:00Z,526736,0.012744,0,
2023-01-23T15:50:00Z,526742,0.014792,0,
2023-01-23T16:50:00Z,526748,0.019107,0,
2023-01-23T17:50:00Z,526754,0.024913,0,
2023-01-23T18:50:00Z,526760,0.025113,0,
2023-01-23T19:50:00Z,526766,0.016327,0,
2023-01-23T20:50:00Z,526772,0.013304,0,
2023-01-23T21:50:00Z,526778,0.013099,0,
2023-01-23T22:50:00Z,526784,0.012229,0,
2023-01-23T23:50:00Z,526790,0.013428,0,
2023-01-24T00:50:00Z,526796,0.013270,0,
2023-01-24T01:50:00Z,526802,0.011519,0,
2023-01-24T02:50:00Z,526808,0.010482,0,
2023-01-24T03:50:00Z,526814,0.012161,0,
2023-01-24T04:50:00Z,526820,0.010100,0,
2023-01-24T05:50:00Z,526826,0.010722,0,
2023-01-24T06:50:00Z,526832,0.011944,0,
2023-01-24T07:50:00Z,526838,0.012840,0,
2023-01-24T08:50:00Z,526844,0.011672,0,
2023-01-24T09:50:00Z,526850,0.011001,0,
2023-01-24T10:50:00Z,526856,0.009730,0,
2023-01-24T11:50:00Z,526862,0.012464,0,
2023-01-24T12:50:00Z,526868,0.015138,0,
2023-01-24T13:50:00Z,526874,0.016931,0,
2023-01-24T14:50:00Z,526880,0.020006,0,
2023-01-24T15:50:00Z,526886,0.022885,0,
2023-01-24T16:50:00Z,526892,0.023640,0,
2023-01-24T17:50:00Z,526898,0.024271,0,
2023-01-24T18:50:00Z,526904,0.019203,0,
2023-01-24T19:50:00Z,526910,0.015041,0,
2023-01-24T20:50:00Z,526916,0.013079,0,
2023-01-24T21:50:00Z,526922,0.011661,0,
2023-01-24T22:50:00Z,526928,0.010514,0,
2023-01-24T23:50:00Z,526934,0.012314,0,
2023-01-25T00:50:00Z,526940,0.011759,0,
2023-01-25T01:50:00Z,526946,0.010752,0,
2023-01-25T02:50:00Z,526952,0.010583,0,
2023-01-25T03:50:00Z,526958,0.009223,0,
2023-01-25T04:50:00Z,526964,0.009480,0,
2023-01-25T05:50:00Z,526970,0.009232,0,
2023-01-25T06:50:00Z,526976,0.009421,0,
2023-01-25T07:50:00Z,526982,0.009745,0,
2023-01-25T08:50:00Z,526988,0.013235,0,
2023-01-25T09:50:00Z,526994,0.011770,0,
2023-01-25T10:50:00Z,527000,0.014569,0,
2023-01-25T11:50:00Z,527006,0.013257,0,
2023-01-25T12:50:00Z,527012,0.011655,0,
2023-01-25T13:50:00Z,527018,0.013522,0,
2023-01-25T14:50:00Z,527024,0.012085,0,
2023-01-25T15:50:00Z,527030,0.013217,0,
2023-01-25T16:50:00Z,527036,0.012185,0,
2023-01-25T17:50:00Z,527042,0.015166,0,
2023-01-25T18:50:00Z,527048,0.011853,0,
2023-01-25T19:50:00Z,527054,0.011633,0,
2023-01-25T20:50:00Z,527060,0.009674,0,
2023-01-25T21:50:00Z,527066,0.011676,0,
2023-01-25T22:50:00Z,527072,0.007615,0,
2023-01-25T23:50:00Z,527078,0.006456,0,
2023-01-26T00:50:00Z,527084,0.006682,0,
2023-01-26T01:50:00Z,527090,0.006825,0,
2023-01-26T02:50:00Z,527096,0.005493,0,
2023-01-26T03:50:00Z,527102,0.005808,0,
2023-01-26T04:50:00Z,527108,0.005584,0,
2023-01-26T05:50:00Z,527114,0.005960,0,
2023-01-26T06:50:00Z,527120,0.006702,0,
2023-01-26T07:50:00Z,527126,0.007171,0,
2023-01-26T08:50:00Z,527132,0.007660,0,
2023-01-26T09:50:00Z,527138,0.005797,0,
2023-01-26T10:50:00Z,527144,0.009250,0,
2023-01-26T11:50:00Z,527150,0.006304,0,
2023-01-26T12:50:00Z,527156,0.010455,0,
2023-01-26T13:50:00Z,527162,0.009053,0,
2023-01-26T14:50:00Z,527168,0.007470,0,
2023-01-26T15:50:00Z,527174,0.009974,0,
2023-01-26T16:50:00Z,527180,0.008859,0,
2023-01-26T17:50:00Z,527186,0.008764,0,
2023-01-26T18:50:00Z,527192,0.008691,0,
2023-01-26T19:50:00Z,527198,0.011218,0,
2023-01-26T20:50:00Z,527204,0.012190,0,
2023-01-26T21:50:00Z,527210,0.009490,0,
2023-01-26T22:50:00Z,527216,0.003402,0,
2023-01-26T23:50:00Z,527222,0.010745,0,
2023-01-27T00:50:00Z,527228,0.008613,0,
2023-01-27T01:50:00Z,527234,0.010038,0,
2023-01-27T02:50:00Z,527240,0.008147,0,
2023-01-27T03:50:00Z,527246,0.008626,0,
2023-01-27T04:50:00Z,527252,0.007712,0,
2023-01-27T05:50:00Z,527258,0.011526,0,
2023-01-27T06:50:00Z,527264,0.008112,0,
2023-01-27T07:50:00Z,527270,0.008699,0,
2023-01-27T08:50:00Z,527276,0.010340,0,
2023-01-27T09:50:00Z,527282,0.009084,0,
2023-01-27T10:50:00Z,527288,0.009196,0,
2023-01-27T11:50:00Z,527294,0.005571,0,
2023-01-27T12:50:00Z,527300,0.011008,0,
2023-01-27T13:50:00Z,527306,0.011092,0,
2023-01-27T14:50:00Z,527312,0.009759,0,
2023-01-27T15:50:00Z,527318,0.010797,0,
2023-01-27T16:50:00Z,527324,0.011683,0,
2023-01-27T17:50:00Z,527330,0.010859,0,
2023-01-27T18:50:00Z,527336,0.011031,0,
2023-01-27T19:50:00Z,527342,0.009378,0,
2023-01-27T20:50:00Z,527348,0.009255,0,
2023-01-27T21:50:00Z,527354,0.009044,0,
2023-01-27T22:50:00Z,527360,0.010939,0,
2023-01-27T23:50:00Z,527366,0.008903,0,
2023-01-28T00:50:00Z,527372,0.008018,0,
2023-01-28T01:50:00Z,527378,0.007387,0,
2023-01-28T02:50:00Z,527384,0.008785,0,
2023-01-28T03:50:00Z,527390,0.008596,0,
2023-01-28T04:50:00Z,527396,0.007960,0,
2023-01-28T05:50:00Z,527402,0.010276,0,
2023-01-28T06:50:00Z,527408,0.008308,0,
2023-01-28T07:50:00Z,527414,0.011926,0,
2023-01-28T08:50:00Z,527420,0.010850,0,
2023-01-28T09:50:00Z,527426,0.012427,0,
2023-01-28T10:50:00Z,527432,0.011259,0,
2023-01-28T11:50:00Z,527438,0.012465,0,
2023-01-28T12:50:00Z,527444,0.012548,0,
2023-01-28T13:50:00Z,527450,0.013979,0,
2023-01-28T14:50:00Z,527456,0.013300,0,
2023-01-28T15:50:00Z,527462,0.016555,0,
2023-01-28T16:50:00Z,527468,0.014647,0,
2023-01-28T17:50:00Z,527474,0.014684,0,
2023-01-28T18:50:00Z,527480,0.014587,0,
2023-01-28T19:50:00Z,527486,0.015121,0,
2023-01-28T20:50:00Z,527492,0.015887,0,
2023-01-28T21:50:00Z,527498,0.016492,0,
2023-01-28T22:50:00Z,527504,0.015784,0,
2023-01-28T23:50:00Z,527510,0.017493,0,
2023-01-29T00:50:00Z,527516,0.017702,0,
2023-01-29T01:50:00Z,527522,0.017011,0,
2023-01-29T02:50:00Z,527528,0.015526,0,
2023-01-29T03:50:00Z,527534,0.015083,0,
2023-01-29T04:50:00Z,527540,0.009934,0,
2023-01-29T05:50:00Z,527546,0.015291,0,
2023-01-29T06:50:00Z,527552,0.011119,0,
2023-01-29T07:50:00Z,527558,0.012453,0,
2023-01-29T08:50:00Z,527564,0.011612,0,
2023-01-29T09:50:00Z,527570,0.012789,0,
2023-01-29T10:50:00Z,527576,0.013207,0,
2023-01-29T11:50:00Z,527582,0.015172,0,
2023-01-29T12:50:00Z,527588,0.014683,0,
2023-01-29T13:50:00Z,527594,0.019086,0,
2023-01-29T14:50:00Z,527600,0.016480,0,
2023-01-29T15:50:00Z,527606,0.013901,0,
2023-01-29T16:50:00Z,527612,0.012708,0,
2023-01-29T17:50:00Z,527618,0.011291,0,
2023-01-29T18:50:00Z,527624,0.010175,0,
2023-01-29T19:50:00Z,527630,0.013662,0,
2023-01-29T20:50:00Z,527636,0.017577,0,
2023-01-29T21:50:00Z,527642,0.024787,0,
2023-01-29T22:50:00Z,527648,0.032206,0,
2023-01-29T23:50:00Z,527654,0.035489,0,
2023-01-30T00:50:00Z,527660,0.036877,0,
2023-01-30T01:50:00Z,527666,0.031504,0,
2023-01-30T02:50:00Z,527672,0.025057,0,
2023-01-30T03:50:00Z,527678,0.021212,0,
2023-01-30T04:50:00Z,527684,0.022246,0,
2023-01-30T05:50:00Z,527690,0.023959,0,
2023-01-30T06:50:00Z,527696,0.028267,0,
2023-01-30T07:50:00Z,527702,0.031808,0,
2023-01-30T08:50:00Z,527708,0.026237,0,
2023-01-30T09:50:00Z,527714,0.024106,0,
2023-01-30T10:50:00Z,527720,0.018033,0,
2023-01-30T11:50:00Z,527726,0.017887,0,
2023-01-30T12:50:00Z,527732,0.013908,0,
2023-01-30T13:50:00Z,527738,0.008236,0,
2023-01-30T14:50:00Z,527744,0.011157,0,
2023-01-30T15:50:00Z,527750,0.013362,0,
2023-01-30T16:50:00Z,527756,0.018562,0,
2023-01-30T17:50:00Z,527762,0.007762,0,
2023-01-30T18:50:00Z,527768,0.020453,0,
2023-01-30T19:50:00Z,527774,0.015930,0,
2023-01-30T20:50:00Z,527780,0.011520,0,
2023-01-30T21:50:00Z,527786,0.015124,0,
2023-01-30T22:50:00Z,527792,0.010840,0,
2023-01-30T23:50:00Z,527798,0.012998,0,
2023-01-31T00:50:00Z,527804,0.019384,0,
2023-01-31T01:50:00Z,527810,0.018735,0,
2023-01-31T02:50:00Z,527816,0.032373,0,
2023-01-31T03:50:00Z,527822,0.032880,0,
2023-01-31T04:50:00Z,527828,0.033030,0,
2023-01-31T05:50:00Z,527834,0.034367,0,
2023-01-31T06:50:00Z,527840,0.029208,0,
2023-01-31T07:50:00Z,527846,0.028092,0,
2023-01-31T08:50:00Z,527852,0.029762,0,
2023-01-31T09:50:00Z,527858,0.033500,0,
2023-01-31T10:50:00Z,527864,0.031818,0,
2023-01-31T11:50:00Z,527870,0.030889,0,
2023-01-31T12:50:00Z,527876,0.029286,0,
2023-01-31T13:50:00Z,527882,0.019795,0,
2023-01-31T14:50:00Z,527888,0.022030,0,
2023-01-31T15:50:00Z,527894,0.019391,0,
2023-01-31T16:50:00Z,527900,0.015871,0,
2023-01-31T17:50:00Z,527906,0.012348,0,
2023-01-31T18:50:00Z,527912,0.011198,0,
2023-01-31T19:50:00Z,527918,0.010611,0,
2023-01-31T20:50:00Z,527924,0.014269,0,
2023-01-31T21:50:00Z,527930,0.023526,0,
2023-01-31T22:50:00Z,527936,0.034368,0,
2023-01-31T23:50:00Z,527942,0.037465,0,
2023-02-01T00:50:00Z,527948,0.040283,0,
2023-02-01T01:50:00Z,527954,0.040264,0,
2023-02-01T02:50:00Z,527960,0.043102,0,
2023-02-01T03:50:00Z,527966,0.035049,0,
2023-02-01T04:50:00Z,527972,0.035989,0,
2023-02-01T05:50:00Z,527978,0.034072,0,
2023-02-01T06:50:00Z,527984,0.033759,0,
2023-02-01T07:50:00Z,527990,0.030662,0,
2023-02-01T08:50:00Z,527996,0.034349,0,
2023-02-01T09:50:00Z,528002,0.033391,0,
2023-02-01T10:50:00Z,528008,0.028135,0,
2023-02-01T11:50:00Z,528014,0.029800,0,
2023-02-01T12:50:00Z,528020,0.028537,0,
2023-02-01T13:50:00Z,528026,0.027328,0,
2023-02-01T14:50:00Z,528032,0.028137,0,
2023-02-01T15:50:00Z,528038,0.027433,0,
2023-02-01T16:50:00Z,528044,0.019851,0,
2023-02-01T17:50:00Z,528050,0.020279,0,
2023-02-01T18:50:00Z,528056,0.022324,0,
2023-02-01T19:50:00Z,528062,0.027293,0,
2023-02-01T20:50:00Z,528068,0.028108,0,
2023-02-01T21:50:00Z,528074,0.029217,0,
2023-02-01T22:50:00Z,528080,0.030819,0,
2023-02-01T23:50:00Z,528086,0.037135,0,
2023-02-02T00:50:00Z,528092,0.037889,0,
2023-02-02T01:50:00Z,528098,0.037734,0,
2023-02-02T02:50:00Z,528104,0.040680,0,
2023-02-02T03:50:00Z,528110,0.034469,0,
2023-02-02T04:50:00Z,528116,0.035491,0,
2023-02-02T05:50:00Z,528122,0.035436,0,
2023-02-02T06:50:00Z,528128,0.033027,0,
2023-02-02T07:50:00Z,528134,0.027724,0,
2023-02-02T08:50:00Z,528140,0.026317,0,
2023-02-02T09:50:00Z,528146,0.032819,0,
2023-02-02T10:50:00Z,528152,0.029260,0,
2023-02-02T11:50:00Z,528158,0.027779,0,
2023-02-02T12:50:00Z,528164,0.024340,0,
2023-02-02T13:50:00Z,528170,0.021997,0,
2023-02-02T14:50:00Z,528176,0.015941,0,
2023-02-02T15:50:00Z,528182,0.015536,0,
2023-02-02T16:50:00Z,528188,0.012089,0,
2023-02-02T17:50:00Z,528194,0.011509,0,
2023-02-02T18:50:00Z,528200,0.012121,0,
2023-02-02T19:50:00Z,528206,0.018597,0,
2023-02-02T20:50:00Z,528212,0.019847,0,
2023-02-02T21:50:00Z,528218,0.022145,0,
2023-02-02T22:50:00Z,528224,0.024551,0,
2023-02-02T23:50:00Z,528230,0.024758,0,
2023-02-03T00:50:00Z,528236,0.023706,0,
2023-02-03T01:50:00Z,528242,0.027402,0,
2023-02-03T02:50:00Z,528248,0.023263,0,
2023-02-03T03:50:00Z,528254,0.022294,0,
2023-02-03T04:50:00Z,528260,0.029447,0,
2023-02-03T05:50:00Z,528266,0.033092,0,
2023-02-03T06:50:00Z,528272,0.029337,0,
2023-02-03T07:50:00Z,528278,0.034820,0,
2023-02-03T08:50:00Z,528284,0.030787,0,
2023-02-03T09:50:00Z,528290,0.025917,0,
2023-02-03T10:50:00Z,528296,0.024520,0,
2023-02-03T11:50:00Z,528302,0.018398,0,
2023-02-03T12:50:00Z,528308,0.014946,0,
2023-02-03T13:50:00Z,528314,0.010655,0,
2023-02-03T14:50:00Z,528320,0.010677,0,
2023-02-03T15:50:00Z,528326,0.009416,0,
2023-02-03T16:50:00Z,528332,0.007797,0,
2023-02-03T17:50:00Z,528338,0.008702,0,
2023-02-03T18:50:00Z,528344,0.007366,0,
2023-02-03T19:50:00Z,528350,0.007760,0,
2023-02-03T20:50:00Z,528356,0.007668,0,
2023-02-03T21:50:00Z,528362,0.007873,0,
2023-02-03T22:50:00Z,528368,0.008494,0,
2023-02-03T23:50:00Z,528374,0.006672,0,
2023-02-04T00:50:00Z,528380,0.010536,0,
2023-02-04T01:50:00Z,528386,0.011625,0,
2023-02-04T02:50:00Z,528392,0.009552,0,
2023-02-04T03:50:00Z,528398,0.010592,0,
2023-02-04T04:50:00Z,528404,0.008085,0,
2023-02-04T05:50:00Z,528410,0.004313,0,
2023-02-04T06:50:00Z,528416,0.007422,0,
2023-02-04T07:50:00Z,528422,0.008643,0,
2023-02-04T08:50:00Z,528428,0.009790,0,
2023-02-04T09:50:00Z,528434,0.008600,0,
2023-02-04T10:50:00Z,528440,0.011614,0,
2023-02-04T11:50:00Z,528446,0.013383,0,
2023-02-04T12:50:00Z,528452,0.015278,0,
2023-02-04T13:50:00Z,528458,0.012185,0,
2023-02-04T14:50:00Z,528464,0.012537,0,
2023-02-04T15:50:00Z,528470,0.010697,0,
2023-02-04T16:50:00Z,528476,0.011846,0,
2023-02-04T17:50:00Z,528482,0.010587,0,
2023-02-04T18:50:00Z,528488,0.009207,0,
2023-02-04T19:50:00Z,528494,0.007536,0,
2023-02-04T20:50:00Z,528500,0.008582,0,
2023-02-04T21:50:00Z,528506,0.008296,0,
2023-02-04T22:50:00Z,528512,0.009437,0,
2023-02-04T23:50:00Z,528518,0.009504,0,
2023-02-05T00:50:00Z,528524,0.008860,0,
2023-02-05T01:50:00Z,528530,0.011139,0,
2023-02-05T02:50:00Z,528536,0.011333,0,
2023-02-05T03:50:00Z,528542,0.014249,0,
2023-02-05T04:50:00Z,528548,0.011402,0,
2023-02-05T05:50:00Z,528554,0.009242,0,
2023-02-05T06:50:00Z,528560,0.008333,0,
2023-02-05T07:50:00Z,528566,0.009342,0,
2023-02-05T08:50:00Z,528572,0.015067,0,
2023-02-05T09:50:00Z,528578,0.015524,0,
2023-02-05T10:50:00Z,528584,0.014041,0,
2023-02-05T11:50:00Z,528590,0.017203,0,
2023-02-05T12:50:00Z,528596,0.014525,0,
2023-02-05T13:50:00Z,528602,0.013034,0,
2023-02-05T14:50:00Z,528608,0.012390,0,
2023-02-05T15:50:00Z,528614,0.015337,0,
2023-02-05T16:50:00Z,528620,0.017289,0,
2023-02-05T17:50:00Z,528626,0.020344,0,
2023-02-05T18:50:00Z,528632,0.017027,0,
2023-02-05T19:50:00Z,528638,0.010414,0,
2023-02-05T20:50:00Z,528644,0.013435,0,
2023-02-05T21:50:00Z,528650,0.015963,0,
2023-02-05T22:50:00Z,528656,0.017072,0,
2023-02-05T23:50:00Z,528662,0.018656,0,
2023-02-06T00:50:00Z,528668,0.021199,0,
2023-02-06T01:50:00Z,528674,0.012718,0,
2023-02-06T02:50:00Z,528680,0.010427,0,
2023-02-06T03:50:00Z,528686,0.011507,0,
2023-02-06T04:50:00Z,528692,0.009600,0,
2023-02-06T05:50:00Z,528698,0.010951,0,
2023-02-06T06:50:00Z,528704,0.011718,0,
2023-02-06T07:50:00Z,528710,0.011274,0,
2023-02-06T08:50:00Z,528716,0.014240,0,
2023-02-06T09:50:00Z,528722,0.011921,0,
2023-02-06T10:50:00Z,528728,0.014395,0,
2023-02-06T11:50:00Z,528734,0.014703,0,
2023-02-06T12:50:00Z,528740,0.013587,0,
2023-02-06T13:50:00Z,528746,0.015131,0,
2023-02-06T14:50:00Z,528752,0.015822,0,
2023-02-06T15:50:00Z,528758,0.015529,0,
2023-02-06T16:50:00Z,528764,0.015125,0,
2023-02-06T17:50:00Z,528770,0.015216,0,
2023-02-06T18:50:00Z,528776,0.015398,0,
2023-02-06T19:50:00Z,528782,0.018667,0,
2023-02-06T20:50:00Z,528788,0.018015,0,
2023-02-06T21:50:00Z,528794,0.020961,0,
2023-02-06T22:50:00Z,528800,0.019879,0,
2023-02-06T23:50:00Z,528806,0.016963,0,
2023-02-07T00:50:00Z,528812,0.015415,0,
2023-02-07T01:50:00Z,528818,0.016966,0,
2023-02-07T02:50:00Z,528824,0.017098,0,
2023-02-07T03:50:00Z,528830,0.016954,0,
2023-02-07T04:50:00Z,528836,0.016986,0,
2023-02-07T05:50:00Z,528842,0.015803,0,
2023-02-07T06:50:00Z,528848,0.016355,0,
2023-02-07T07:50:00Z,528854,0.014832,0,
2023-02-07T08:50:00Z,528860,0.017561,0,
2023-02-07T09:50:00Z,528866,0.016428,0,
2023-02-07T10:50:00Z,528872,0.016454,0,
2023-02-07T11:50:00Z,528878,0.012588,0,
2023-02-07T12:50:00Z,528884,0.015319,0,
2023-02-07T13:50:00Z,528890,0.019028,0,
2023-02-07T14:50:00Z,528896,0.019152,0,
2023-02-07T15:50:00Z,528902,0.021150,0,
2023-02-07T16:50:00Z,528908,0.019917,0,
2023-02-07T17:50:00Z,528914,0.014746,0,
2023-02-07T18:50:00Z,528920,0.014007,0,
2023-02-07T19:50:00Z,528926,0.012784,0,
2023-02-07T20:50:00Z,528932,0.014343,0,
2023-02-07T21:50:00Z,528938,0.014547,0,
2023-02-07T22:50:00Z,528944,0.016417,0,
2023-02-07T23:50:00Z,528950,0.016055,0,
2023-02-08T00:50:00Z,528956,0.015892,0,
2023-02-08T01:50:00Z,528962,0.014834,0,
2023-02-08T02:50:00Z,528968,0.015792,0,
2023-02-08T03:50:00Z,528974,0.012877,0,
2023-02-08T04:50:00Z,528980,0.017352,0,
2023-02-08T05:50:00Z,528986,0.016657,0,
2023-02-08T06:50:00Z,528992,0.011908,0,
2023-02-08T07:50:00Z,528998,0.018552,0,
2023-02-08T08:50:00Z,529004,0.017357,0,
2023-02-08T09:50:00Z,529010,0.016312,0,
2023-02-08T10:50:00Z,529016,0.016965,0,
2023-02-08T11:50:00Z,529022,0.015524,0,
2023-02-08T12:50:00Z,529028,0.015412,0,
2023-02-08T13:50:00Z,529034,0.014559,0,
2023-02-08T14:50:00Z,529040,0.014988,0,
2023-02-08T15:50:00Z,529046,0.017081,0,
2023-02-08T16:50:00Z,529052,0.018496,0,
2023-02-08T17:50:00Z,529058,0.017456,0,
2023-02-08T18:50:00Z,529064,0.005600,0,
2023-02-08T19:50:00Z,529070,0.011433,0,
2023-02-08T20:50:00Z,529076,0.014308,0,
2023-02-08T21:50:00Z,529082,0.017182,0,
2023-02-08T22:50:00Z,529088,0.020595,0,
2023-02-08T23:50:00Z,529094,0.019919,0,
2023-02-09T00:50:00Z,529100,0.018384,0,
2023-02-09T01:50:00Z,529106,0.019169,0,
2023-02-09T02:50:00Z,529112,0.017168,0,
2023-02-09T03:50:00Z,529118,0.016221,0,
2023-02-09T04:50:00Z,529124,0.013539,0,
2023-02-09T05:50:00Z,529130,0.014831,0,
2023-02-09T06:50:00Z,529136,0.013820,0,
2023-02-09T07:50:00Z,529142,0.018102,0,
2023-02-09T08:50:00Z,529148,0.014583,0,
2023-02-09T09:50:00Z,529154,0.016839,0,
2023-02-09T10:50:00Z,529160,0.015825,0,
2023-02-09T11:50:00Z,529166,0.017716,0,
2023-02-09T12:50:00Z,529172,0.018199,0,
2023-02-09T13:50:00Z,529178,0.011479,0,
2023-02-09T14:50:00Z,529184,0.011737,0,
2023-02-09T15:50:00Z,529190,0.011709,0,
2023-02-09T16:50:00Z,529196,0.017836,0,
2023-02-09T17:50:00Z,529202,0.015781,0,
2023-02-09T18:50:00Z,529208,0.014476,0,
2023-02-09T19:50:00Z,529214,0.016236,0,
2023-02-09T20:50:00Z,529220,0.016182,0,
2023-02-09T21:50:00Z,529226,0.014373,0,
2023-02-09T22:50:00Z,529232,0.019077,0,
2023-02-09T23:50:00Z,529238,0.017986,0,
2023-02-10T00:50:00Z,529244,0.013065,0,
2023-02-10T01:50:00Z,529250,0.012547,0,
2023-02-10T02:50:00Z,529256,0.013030,0,
2023-02-10T03:50:00Z,529262,0.015000,0,
2023-02-10T04:50:00Z,529268,0.005176,0,
2023-02-10T05:50:00Z,529274,0.012602,0,
2023-02-10T06:50:00Z,529280,0.013763,0,
2023-02-10T07:50:00Z,529286,0.015827,0,
2023-02-10T08:50:00Z,529292,0.020347,0,
2023-02-10T09:50:00Z,529298,0.016712,1,23.67
2023-02-10T10:50:00Z,529304,0.018938,1,22.67
2023-02-10T11:50:00Z,529310,0.015657,1,21.67
2023-02-10T12:50:00Z,529316,0.014666,1,20.67
2023-02-10T13:50:00Z,529322,0.014338,1,19.67
2023-02-10T14:50:00Z,529328,0.016438,1,18.67
2023-02-10T15:50:00Z,529334,0.012078,1,17.67
2023-02-10T16:50:00Z,529340,0.013197,1,16.67
2023-02-10T17:50:00Z,529346,0.021382,1,15.67
2023-02-10T18:50:00Z,529352,0.033657,1,14.67
2023-02-10T19:50:00Z,529358,0.036468,1,13.67
2023-02-10T20:50:00Z,529364,0.051940,1,12.67
2023-02-10T21:50:00Z,529370,0.037138,1,11.67
2023-02-10T22:50:00Z,529376,0.043233,1,10.67
2023-02-10T23:50:00Z,529382,0.030221,1,9.67
2023-02-11T00:50:00Z,529388,0.029849,1,8.67
2023-02-11T01:50:00Z,529394,0.034118,1,7.67
2023-02-11T02:50:00Z,529400,0.034461,1,6.67
2023-02-11T03:50:00Z,529406,0.036628,1,5.67
2023-02-11T04:50:00Z,529412,0.039845,1,4.67
2023-02-11T05:50:00Z,529418,0.040786,1,3.67
2023-02-11T06:50:00Z,529424,0.043511,1,2.67
2023-02-11T07:50:00Z,529430,0.044212,1,1.67
2023-02-11T08:50:00Z,529436,0.044766,1,0.67
2023-02-11T09:50:00Z,529442,0.046773,0,
2023-02-11T10:50:00Z,529448,0.045856,0,
2023-02-11T11:50:00Z,529454,0.045354,0,
2023-02-11T12:50:00Z,529460,0.044142,0,
2023-02-11T13:50:00Z,529466,0.052753,0,
2023-02-11T14:50:00Z,529472,0.052409,0,
2023-02-11T15:50:00Z,529478,0.053661,0,
2023-02-11T16:50:00Z,529484,0.053554,0,
2023-02-11T17:50:00Z,529490,0.053814,0,
2023-02-11T18:50:00Z,529496,0.054835,0,
2023-02-11T19:50:00Z,529502,0.053431,0,
2023-02-11T20:50:00Z,529508,0.048760,0,
2023-02-11T21:50:00Z,529514,0.047847,0,
2023-02-11T22:50:00Z,529520,0.048433,0,
2023-02-11T23:50:00Z,529526,0.057147,0,
2023-02-12T00:50:00Z,529532,0.056479,0,
2023-02-12T01:50:00Z,529538,0.057965,0,
2023-02-12T02:50:00Z,529544,0.056580,0,
2023-02-12T03:50:00Z,529550,0.061246,0,
2023-02-12T04:50:00Z,529556,0.055697,0,
2023-02-12T05:50:00Z,529562,0.052954,0,
2023-02-12T06:50:00Z,529568,0.054383,0,
2023-02-12T07:50:00Z,529574,0.056986,0,
2023-02-12T08:50:00Z,529580,0.053066,0,
2023-02-12T09:50:00Z,529586,0.051681,0,
2023-02-12T10:50:00Z,529592,0.050625,0,
2023-02-12T11:50:00Z,529598,0.052474,0,
2023-02-12T12:50:00Z,529604,0.062949,0,
2023-02-12T13:50:00Z,529610,0.072848,0,
2023-02-12T14:50:00Z,529616,0.066065,0,
2023-02-12T15:50:00Z,529622,0.069557,0,
2023-02-12T16:50:00Z,529628,0.074107,0,
2023-02-12T17:50:00Z,529634,0.069250,0,
2023-02-12T18:50:00Z,529640,0.071378,0,
2023-02-12T19:50:00Z,529646,0.072298,0,
2023-02-12T20:50:00Z,529652,0.071478,0,
2023-02-12T21:50:00Z,529658,0.078868,0,
2023-02-12T22:50:00Z,529664,0.078193,0,
2023-02-12T23:50:00Z,529670,0.084186,0,
2023-02-13T00:50:00Z,529676,0.082045,0,
2023-02-13T01:50:00Z,529682,0.094816,0,
2023-02-13T02:50:00Z,529688,0.093790,0,
2023-02-13T03:50:00Z,529694,0.095418,0,
2023-02-13T04:50:00Z,529700,0.100979,0,
2023-02-13T05:50:00Z,529706,0.107373,0,
2023-02-13T06:50:00Z,529712,0.107383,0,
2023-02-13T07:50:00Z,529718,0.115200,0,
2023-02-13T08:50:00Z,529724,0.109078,0,
2023-02-13T09:50:00Z,529730,0.120905,0,
2023-02-13T10:50:00Z,529736,0.113479,0,
2023-02-13T11:50:00Z,529742,0.114111,0,
2023-02-13T12:50:00Z,529748,0.118746,0,
2023-02-13T13:50:00Z,529754,0.110786,0,
2023-02-13T14:50:00Z,529760,0.106617,0,
2023-02-13T15:50:00Z,529766,0.108328,0,
2023-02-13T16:50:00Z,529772,0.100627,0,
2023-02-13T17:50:00Z,529778,0.099783,0,
2023-02-13T18:50:00Z,529784,0.102249,0,
2023-02-13T19:50:00Z,529790,0.107147,0,
2023-02-13T20:50:00Z,529796,0.110160,0,
2023-02-13T21:50:00Z,529802,0.109627,0,
2023-02-13T22:50:00Z,529808,0.099698,0,
2023-02-13T23:50:00Z,529814,0.108052,0,
2023-02-14T00:50:00Z,529820,0.113302,0,
2023-02-14T01:50:00Z,529826,0.109200,0,
2023-02-14T02:50:00Z,529832,0.128177,0,
2023-02-14T03:50:00Z,529838,0.132724,1,24.00
2023-02-14T04:50:00Z,529844,0.136739,1,23.00
2023-02-14T05:50:00Z,529850,0.132205,1,22.00
2023-02-14T06:50:00Z,529856,0.117094,1,21.00
2023-02-14T07:50:00Z,529862,0.083282,1,20.00
2023-02-14T08:50:00Z,529868,0.066611,1,19.00
2023-02-14T09:50:00Z,529874,0.057951,1,18.00
2023-02-14T10:50:00Z,529880,0.041163,1,17.00
2023-02-14T11:50:00Z,529886,0.040707,1,16.00
2023-02-14T12:50:00Z,529892,0.036010,1,15.00
2023-02-14T13:50:00Z,529898,0.036011,1,14.00
2023-02-14T14:50:00Z,529904,0.033939,1,13.00
2023-02-14T15:50:00Z,529910,0.025384,1,12.00
2023-02-14T16:50:00Z,529916,0.016849,1,11.00
2023-02-14T17:50:00Z,529922,0.013907,1,10.00
2023-02-14T18:50:00Z,529928,0.013087,1,9.00
2023-02-14T19:50:00Z,529934,0.013060,1,8.00
2023-02-14T20:50:00Z,529940,0.013056,1,7.00
2023-02-14T21:50:00Z,529946,0.011587,1,6.00
2023-02-14T22:50:00Z,529952,0.010851,1,5.00
2023-02-14T23:50:00Z,529958,0.012854,1,4.00
2023-02-15T00:50:00Z,529964,0.011353,1,3.00
2023-02-15T01:50:00Z,529970,0.010788,1,2.00
2023-02-15T02:50:00Z,529976,0.010401,1,1.00
2023-02-15T03:50:00Z,529982,0.007219,0,
2023-02-15T04:50:00Z,529988,0.011471,0,
2023-02-15T05:50:00Z,529994,0.009125,0,
2023-02-15T06:50:00Z,530000,0.015161,0,
2023-02-15T07:50:00Z,530006,0.013829,0,
2023-02-15T08:50:00Z,530012,0.015794,0,
2023-02-15T09:50:00Z,530018,0.028155,0,
2023-02-15T10:50:00Z,530024,0.025304,0,
2023-02-15T11:50:00Z,530030,0.017494,0,
2023-02-15T12:50:00Z,530036,0.013346,0,
2023-02-15T13:50:00Z,530042,0.012090,0,
2023-02-15T14:50:00Z,530048,0.019731,0,
2023-02-15T15:50:00Z,530054,0.015167,0,
2023-02-15T16:50:00Z,530060,0.020511,0,
2023-02-15T17:50:00Z,530066,0.015248,0,
2023-02-15T18:50:00Z,530072,0.010267,0,
2023-02-15T19:50:00Z,530078,0.011207,0,
2023-02-15T20:50:00Z,530084,0.010891,0,
2023-02-15T21:50:00Z,530090,0.009389,0,
2023-02-15T22:50:00Z,530096,0.013151,0,
2023-02-15T23:50:00Z,530102,0.015221,0,
2023-02-16T00:50:00Z,530108,0.013845,0,
2023-02-16T01:50:00Z,530114,0.014153,0,
2023-02-16T02:50:00Z,530120,0.013752,0,
2023-02-16T03:50:00Z,530126,0.016161,0,
2023-02-16T04:50:00Z,530132,0.014867,0,
2023-02-16T05:50:00Z,530138,0.024253,0,
2023-02-16T06:50:00Z,530144,0.029139,0,
2023-02-16T07:50:00Z,530150,0.034614,0,
2023-02-16T08:50:00Z,530156,0.030605,0,
2023-02-16T09:50:00Z,530162,0.031908,0,
2023-02-16T10:50:00Z,530168,0.029957,0,
2023-02-16T11:50:00Z,530174,0.030729,0,
2023-02-16T12:50:00Z,530180,0.030390,0,
2023-02-16T13:50:00Z,530186,0.025911,0,
2023-02-16T14:50:00Z,530192,0.020997,0,
2023-02-16T15:50:00Z,530198,0.019087,0,
2023-02-16T16:50:00Z,530204,0.021714,0,
2023-02-16T17:50:00Z,530210,0.024995,0,
2023-02-16T18:50:00Z,530216,0.028047,0,
2023-02-16T19:50:00Z,530222,0.026605,0,
2023-02-16T20:50:00Z,530228,0.029867,0,
2023-02-16T21:50:00Z,530234,0.027161,0,
2023-02-16T22:50:00Z,530240,0.029529,0,
2023-02-16T23:50:00Z,530246,0.033836,0,
2023-02-17T00:50:00Z,530252,0.032578,0,
2023-02-17T01:50:00Z,530258,0.029351,0,
2023-02-17T02:50:00Z,530264,0.028134,0,
2023-02-17T03:50:00Z,530270,0.032168,0,
2023-02-17T04:50:00Z,530276,0.032876,0,
2023-02-17T05:50:00Z,530282,0.036242,0,
2023-02-17T06:50:00Z,530288,0.035228,0,
2023-02-17T07:50:00Z,530294,0.036170,0,
2023-02-17T08:50:00Z,530300,0.040602,0,
2023-02-17T09:50:00Z,530306,0.042032,0,
2023-02-17T10:50:00Z,530312,0.043700,0,
2023-02-17T11:50:00Z,530318,0.068014,0,
2023-02-17T12:50:00Z,530324,0.062970,0,
2023-02-17T13:50:00Z,530330,0.054853,0,
2023-02-17T14:50:00Z,530336,0.058695,0,
2023-02-17T15:50:00Z,530342,0.046762,0,
2023-02-17T16:50:00Z,530348,0.029458,0,
2023-02-17T17:50:00Z,530354,0.019465,0,
2023-02-17T18:50:00Z,530360,0.013147,0,
2023-02-17T19:50:00Z,530366,0.013028,0,
2023-02-17T20:50:00Z,530372,0.011865,0,
2023-02-17T21:50:00Z,530378,0.012592,0,
2023-02-17T22:50:00Z,530384,0.014561,0,
2023-02-17T23:50:00Z,530390,0.016604,0,
2023-02-18T00:50:00Z,530396,0.016751,0,
2023-02-18T01:50:00Z,530402,0.019354,0,
2023-02-18T02:50:00Z,530408,0.024656,0,
2023-02-18T03:50:00Z,530414,0.028253,0,
2023-02-18T04:50:00Z,530420,0.030141,0,
2023-02-18T05:50:00Z,530426,0.033855,0,
2023-02-18T06:50:00Z,530432,0.044571,0,
2023-02-18T07:50:00Z,530438,0.044692,0,
2023-02-18T08:50:00Z,530444,0.046474,0,
2023-02-18T09:50:00Z,530450,0.044429,0,
2023-02-18T10:50:00Z,530456,0.040966,0,
2023-02-18T11:50:00Z,530462,0.027943,0,
2023-02-18T12:50:00Z,530468,0.024837,0,
2023-02-18T13:50:00Z,530474,0.027716,0,
2023-02-18T14:50:00Z,530480,0.025725,0,
2023-02-18T15:50:00Z,530486,0.024841,0,
2023-02-18T16:50:00Z,530492,0.025382,0,
2023-02-18T17:50:00Z,530498,0.023990,0,
2023-02-18T18:50:00Z,530504,0.025705,0,
2023-02-18T19:50:00Z,530510,0.028588,0,
2023-02-18T20:50:00Z,530516,0.030763,0,
2023-02-18T21:50:00Z,530522,0.031859,0,
2023-02-18T22:50:00Z,530528,0.029466,0,
2023-02-18T23:50:00Z,530534,0.031128,0,
2023-02-19T00:50:00Z,530540,0.031197,0,
2023-02-19T01:50:00Z,530546,0.021638,0,
2023-02-19T02:50:00Z,530552,0.023708,0,
2023-02-19T03:50:00Z,530558,0.016902,0,
2023-02-19T04:50:00Z,530564,0.015958,0,
2023-02-19T05:50:00Z,530570,0.016764,0,
2023-02-19T06:50:00Z,530576,0.016377,0,
2023-02-19T07:50:00Z,530582,0.014989,0,
2023-02-19T08:50:00Z,530588,0.010192,0,
2023-02-19T09:50:00Z,530594,0.013393,0,
2023-02-19T10:50:00Z,530600,0.008443,0,
2023-02-19T11:50:00Z,530606,0.009355,0,
2023-02-19T12:50:00Z,530612,0.007757,0,
2023-02-19T13:50:00Z,530618,0.009615,0,
2023-02-19T14:50:00Z,530624,0.009013,0,
2023-02-19T15:50:00Z,530630,0.008342,0,
2023-02-19T16:50:00Z,530636,0.009222,0,
2023-02-19T17:50:00Z,530642,0.012025,0,
2023-02-19T18:50:00Z,530648,0.016747,0,
2023-02-19T19:50:00Z,530654,0.019346,0,
2023-02-19T20:50:00Z,530660,0.024063,0,
2023-02-19T21:50:00Z,530666,0.026573,0,
2023-02-19T22:50:00Z,530672,0.029445,0,
2023-02-19T23:50:00Z,530678,0.031585,0,
2023-02-20T00:50:00Z,530684,0.033256,0,
2023-02-20T01:50:00Z,530690,0.031478,0,
2023-02-20T02:50:00Z,530696,0.028849,0,
2023-02-20T03:50:00Z,530702,0.028692,0,
2023-02-20T04:50:00Z,530708,0.027832,0,
2023-02-20T05:50:00Z,530714,0.031014,0,
2023-02-20T06:50:00Z,530720,0.028964,0,
2023-02-20T07:50:00Z,530726,0.028230,0,
2023-02-20T08:50:00Z,530732,0.030479,0,
2023-02-20T09:50:00Z,530738,0.032475,0,
2023-02-20T10:50:00Z,530744,0.044615,0,
2023-02-20T11:50:00Z,530750,0.048614,0,
2023-02-20T12:50:00Z,530756,0.046791,0,
2023-02-20T13:50:00Z,530762,0.039783,0,
2023-02-20T14:50:00Z,530768,0.033119,0,
2023-02-20T15:50:00Z,530774,0.029671,0,
2023-02-20T16:50:00Z,530780,0.034152,0,
2023-02-20T17:50:00Z,530786,0.041022,0,
2023-02-20T18:50:00Z,530792,0.043897,0,
2023-02-20T19:50:00Z,530798,0.047025,0,
2023-02-20T20:50:00Z,530804,0.024217,0,
2023-02-20T21:50:00Z,530810,0.018825,0,
2023-02-20T22:50:00Z,530816,0.013272,0,
2023-02-20T23:50:00Z,530822,0.013685,0,
2023-02-21T00:50:00Z,530828,0.014121,0,
2023-02-21T01:50:00Z,530834,0.017020,0,
2023-02-21T02:50:00Z,530840,0.015612,0,
2023-02-21T03:50:00Z,530846,0.015483,0,
2023-02-21T04:50:00Z,530852,0.013621,0,
2023-02-21T05:50:00Z,530858,0.013367,0,
2023-02-21T06:50:00Z,530864,0.017604,0,
2023-02-21T07:50:00Z,530870,0.024034,0,
2023-02-21T08:50:00Z,530876,0.024740,0,
2023-02-21T09:50:00Z,530882,0.023107,0,
2023-02-21T10:50:00Z,530888,0.026895,0,
2023-02-21T11:50:00Z,530894,0.024972,0,
2023-02-21T12:50:00Z,530900,0.024431,0,
2023-02-21T13:50:00Z,530906,0.021358,0,
2023-02-21T14:50:00Z,530912,0.021574,0,
2023-02-21T15:50:00Z,530918,0.023183,0,
2023-02-21T16:50:00Z,530924,0.020066,0,
2023-02-21T17:50:00Z,530930,0.022377,0,
2023-02-21T18:50:00Z,530936,0.023273,0,
2023-02-21T19:50:00Z,530942,0.021088,0,
2023-02-21T20:50:00Z,530948,0.018769,0,
2023-02-21T21:50:00Z,530954,0.016656,0,
2023-02-21T22:50:00Z,530960,0.019707,0,
2023-02-21T23:50:00Z,530966,0.015446,0,
2023-02-22T00:50:00Z,530972,0.016508,0,
2023-02-22T01:50:00Z,530978,0.016948,0,
2023-02-22T02:50:00Z,530984,0.014610,0,
2023-02-22T03:50:00Z,530990,0.012517,0,
2023-02-22T04:50:00Z,530996,0.014169,0,
2023-02-22T05:50:00Z,531002,0.012188,0,
2023-02-22T06:50:00Z,531008,0.016279,0,
2023-02-22T07:50:00Z,531014,0.016554,0,
2023-02-22T08:50:00Z,531020,0.015221,0,
2023-02-22T09:50:00Z,531026,0.010947,0,
2023-02-22T10:50:00Z,531032,0.010848,0,
2023-02-22T11:50:00Z,531038,0.013265,0,
2023-02-22T12:50:00Z,531044,0.010307,0,
2023-02-22T13:50:00Z,531050,0.010828,0,
2023-02-22T14:50:00Z,531056,0.011753,0,
2023-02-22T15:50:00Z,531062,0.011125,0,
2023-02-22T16:50:00Z,531068,0.009499,0,
2023-02-22T17:50:00Z,531074,0.012594,0,
2023-02-22T18:50:00Z,531080,0.013598,0,
2023-02-22T19:50:00Z,531086,0.013174,0,
2023-02-22T20:50:00Z,531092,0.010169,0,
2023-02-22T21:50:00Z,531098,0.010260,0,
2023-02-22T22:50:00Z,531104,0.006693,0,
2023-02-22T23:50:00Z,531110,0.010361,0,
2023-02-23T00:50:00Z,531116,0.012812,0,
2023-02-23T01:50:00Z,531122,0.016668,0,
2023-02-23T02:50:00Z,531128,0.016787,0,
2023-02-23T03:50:00Z,531134,0.013179,0,
2023-02-23T04:50:00Z,531140,0.013688,0,
2023-02-23T05:50:00Z,531146,0.013511,0,
2023-02-23T06:50:00Z,531152,0.016396,0,
2023-02-23T07:50:00Z,531158,0.014190,0,
2023-02-23T08:50:00Z,531164,0.013104,0,
2023-02-23T09:50:00Z,531170,0.010781,0,
2023-02-23T10:50:00Z,531176,0.013586,0,
2023-02-23T11:50:00Z,531182,0.014532,0,
2023-02-23T12:50:00Z,531188,0.015616,0,
2023-02-23T13:50:00Z,531194,0.013898,0,
2023-02-23T14:50:00Z,531200,0.009868,0,
2023-02-23T15:50:00Z,531206,0.008083,0,
2023-02-23T16:50:00Z,531212,0.011329,0,
2023-02-23T17:50:00Z,531218,0.013635,0,
2023-02-23T18:50:00Z,531224,0.012383,0,
2023-02-23T19:50:00Z,531230,0.018261,0,
2023-02-23T20:50:00Z,531236,0.014720,0,
2023-02-23T21:50:00Z,531242,0.011811,0,
2023-02-23T22:50:00Z,531248,0.013587,0,
2023-02-23T23:50:00Z,531254,0.012327,0,
2023-02-24T00:50:00Z,531260,0.012206,0,
2023-02-24T01:50:00Z,531266,0.007945,0,
2023-02-24T02:50:00Z,531272,0.007807,0,
2023-02-24T03:50:00Z,531278,0.010007,0,
2023-02-24T04:50:00Z,531284,0.009678,0,
2023-02-24T05:50:00Z,531290,0.009434,0,
2023-02-24T06:50:00Z,531296,0.010494,0,
2023-02-24T07:50:00Z,531302,0.007867,0,
2023-02-24T08:50:00Z,531308,0.007317,0,
2023-02-24T09:50:00Z,531314,0.009380,0,
2023-02-24T10:50:00Z,531320,0.007392,0,
2023-02-24T11:50:00Z,531326,0.010428,0,
2023-02-24T12:50:00Z,531332,0.010513,0,
2023-02-24T13:50:00Z,531338,0.011437,0,
2023-02-24T14:50:00Z,531344,0.012515,0,
2023-02-24T15:50:00Z,531350,0.009299,0,
2023-02-24T16:50:00Z,531356,0.005919,0,
2023-02-24T17:50:00Z,531362,0.009524,0,
2023-02-24T18:50:00Z,531368,0.012876,0,
2023-02-24T19:50:00Z,531374,0.010820,0,
2023-02-24T20:50:00Z,531380,0.011594,0,
2023-02-24T21:50:00Z,531386,0.008267,0,
2023-02-24T22:50:00Z,531392,0.008922,0,
2023-02-24T23:50:00Z,531398,0.011132,0,
2023-02-25T00:50:00Z,531404,0.010330,0,
2023-02-25T01:50:00Z,531410,0.009410,0,
2023-02-25T02:50:00Z,531416,0.010111,0,
2023-02-25T03:50:00Z,531422,0.007910,0,
2023-02-25T04:50:00Z,531428,0.006674,0,
2023-02-25T05:50:00Z,531434,0.006166,0,
2023-02-25T06:50:00Z,531440,0.006739,0,
2023-02-25T07:50:00Z,531446,0.005882,0,
2023-02-25T08:50:00Z,531452,0.006030,0,
2023-02-25T09:50:00Z,531458,0.005243,0,
2023-02-25T10:50:00Z,531464,0.006397,0,
2023-02-25T11:50:00Z,531470,0.009532,0,
2023-02-25T12:50:00Z,531476,0.011110,0,
2023-02-25T13:50:00Z,531482,0.012888,0,
2023-02-25T14:50:00Z,531488,0.012737,0,
2023-02-25T15:50:00Z,531494,0.014665,0,
2023-02-25T16:50:00Z,531500,0.012481,0,
2023-02-25T17:50:00Z,531506,0.012101,0,
2023-02-25T18:50:00Z,531512,0.009139,0,
2023-02-25T19:50:00Z,531518,0.007638,0,
2023-02-25T20:50:00Z,531524,0.012775,0,
2023-02-25T21:50:00Z,531530,0.010016,0,
2023-02-25T22:50:00Z,531536,0.009012,0,
2023-02-25T23:50:00Z,531542,0.007333,0,
2023-02-26T00:50:00Z,531548,0.010036,0,
2023-02-26T01:50:00Z,531554,0.008647,0,
2023-02-26T02:50:00Z,531560,0.004016,0,
2023-02-26T03:50:00Z,531566,0.009315,0,
2023-02-26T04:50:00Z,531572,0.009049,0,
2023-02-26T05:50:00Z,531578,0.009600,0,
2023-02-26T06:50:00Z,531584,0.011289,0,
2023-02-26T07:50:00Z,531590,0.007989,0,
2023-02-26T08:50:00Z,531596,0.007992,0,
2023-02-26T09:50:00Z,531602,0.005511,0,
2023-02-26T10:50:00Z,531608,0.008346,0,
2023-02-26T11:50:00Z,531614,0.007882,0,
2023-02-26T12:50:00Z,531620,0.007494,0,
2023-02-26T13:50:00Z,531626,0.007835,0,
2023-02-26T14:50:00Z,531632,0.004575,0,
2023-02-26T15:50:00Z,531638,0.007823,0,
2023-02-26T16:50:00Z,531644,0.009531,0,
2023-02-26T17:50:00Z,531650,0.007206,0,
2023-02-26T18:50:00Z,531656,0.010479,0,
2023-02-26T19:50:00Z,531662,0.009105,0,
2023-02-26T20:50:00Z,531668,0.008844,0,
2023-02-26T21:50:00Z,531674,0.008619,0,
2023-02-26T22:50:00Z,531680,0.010141,0,
2023-02-26T23:50:00Z,531686,0.009324,0,
2023-02-27T00:50:00Z,531692,0.007303,0,
2023-02-27T01:50:00Z,531698,0.009880,0,
2023-02-27T02:50:00Z,531704,0.010173,0,
2023-02-27T03:50:00Z,531710,0.009937,0,
2023-02-27T04:50:00Z,531716,0.010284,0,
2023-02-27T05:50:00Z,531722,0.009436,0,
2023-02-27T06:50:00Z,531728,0.006088,0,
2023-02-27T07:50:00Z,531734,0.007213,0,
2023-02-27T08:50:00Z,531740,0.007231,0,
2023-02-27T09:50:00Z,531746,0.005449,0,
2023-02-27T10:50:00Z,531752,0.005906,0,
2023-02-27T11:50:00Z,531758,0.006317,0,
2023-02-27T12:50:00Z,531764,0.005613,0,
2023-02-27T13:50:00Z,531770,0.006996,0,
2023-02-27T14:50:00Z,531776,0.008024,0,
2023-02-27T15:50:00Z,531782,0.010274,0,
2023-02-27T16:50:00Z,531788,0.010732,0,
2023-02-27T17:50:00Z,531794,0.010288,0,
2023-02-27T18:50:00Z,531800,0.007694,0,
2023-02-27T19:50:00Z,531806,0.008230,0,
2023-02-27T20:50:00Z,531812,0.006650,0,
2023-02-27T21:50:00Z,531818,0.009518,0,
2023-02-27T22:50:00Z,531824,0.010697,0,
2023-02-27T23:50:00Z,531830,0.007895,0,
2023-02-28T00:50:00Z,531836,0.011720,0,
2023-02-28T01:50:00Z,531842,0.011561,0,
2023-02-28T02:50:00Z,531848,0.010689,0,
2023-02-28T03:50:00Z,531854,0.011261,0,
2023-02-28T04:50:00Z,531860,0.010423,0,
2023-02-28T05:50:00Z,531866,0.010690,0,
2023-02-28T06:50:00Z,531872,0.007821,0,
2023-02-28T07:50:00Z,531878,0.010030,0,
2023-02-28T08:50:00Z,531884,0.006473,0,
2023-02-28T09:50:00Z,531890,0.010979,0,
2023-02-28T10:50:00Z,531896,0.010461,0,
2023-02-28T11:50:00Z,531902,0.011385,0,
2023-02-28T12:50:00Z,531908,0.008942,0,
2023-02-28T13:50:00Z,531914,0.008756,0,
2023-02-28T14:50:00Z,531920,0.010717,0,
2023-02-28T15:50:00Z,531926,0.009877,0,
2023-02-28T16:50:00Z,531932,0.011539,0,
2023-02-28T17:50:00Z,531938,0.010073,0,
2023-02-28T18:50:00Z,531944,0.010931,0,
2023-02-28T19:50:00Z,531950,0.011099,0,
2023-02-28T20:50:00Z,531956,0.014490,0,
2023-02-28T21:50:00Z,531962,0.011592,0,
2023-02-28T22:50:00Z,531968,0.011659,0,
2023-02-28T23:50:00Z,531974,0.011843,0,
2023-03-01T00:50:00Z,531980,0.011472,0,
2023-03-01T01:50:00Z,531986,0.008880,0,
2023-03-01T02:50:00Z,531992,0.008755,0,
2023-03-01T03:50:00Z,531998,0.008807,0,
2023-03-01T04:50:00Z,532004,0.006128,0,
2023-03-01T05:50:00Z,532010,0.007275,0,
2023-03-01T06:50:00Z,532016,0.007383,0,
2023-03-01T07:50:00Z,532022,0.006896,0,
2023-03-01T08:50:00Z,532028,0.008172,0,
2023-03-01T09:50:00Z,532034,0.007994,0,
2023-03-01T10:50:00Z,532040,0.010671,0,
2023-03-01T11:50:00Z,532046,0.011387,0,
2023-03-01T12:50:00Z,532052,0.012485,0,
2023-03-01T13:50:00Z,532058,0.013810,0,
2023-03-01T14:50:00Z,532064,0.016292,0,
2023-03-01T15:50:00Z,532070,0.016032,0,
2023-03-01T16:50:00Z,532076,0.016079,0,
2023-03-01T17:50:00Z,532082,0.013802,0,
2023-03-01T18:50:00Z,532088,0.012945,0,
2023-03-01T19:50:00Z,532094,0.009617,0,
2023-03-01T20:50:00Z,532100,0.008035,0,
2023-03-01T21:50:00Z,532106,0.007816,0,
2023-03-01T22:50:00Z,532112,0.010995,0,
2023-03-01T23:50:00Z,532118,0.013176,0,
2023-03-02T00:50:00Z,532124,0.015052,0,
2023-03-02T01:50:00Z,532130,0.012568,0,
2023-03-02T02:50:00Z,532136,0.010786,0,
2023-03-02T03:50:00Z,532142,0.010293,0,
2023-03-02T04:50:00Z,532148,0.014642,0,
2023-03-02T05:50:00Z,532154,0.012543,0,
2023-03-02T06:50:00Z,532160,0.012740,0,
2023-03-02T07:50:00Z,532166,0.010863,0,
2023-03-02T08:50:00Z,532172,0.011500,0,
2023-03-02T09:50:00Z,532178,0.013915,0,
2023-03-02T10:50:00Z,532184,0.011224,0,
2023-03-02T11:50:00Z,532190,0.004248,0,
2023-03-02T12:50:00Z,532196,0.008282,0,
2023-03-02T13:50:00Z,532202,0.008433,0,
2023-03-02T14:50:00Z,532208,0.008330,0,
2023-03-02T15:50:00Z,532214,0.011296,0,
2023-03-02T16:50:00Z,532220,0.009761,0,
2023-03-02T17:50:00Z,532226,0.008989,0,
2023-03-02T18:50:00Z,532232,0.006096,0,
2023-03-02T19:50:00Z,532238,0.008226,0,
2023-03-02T20:50:00Z,532244,0.008308,0,
2023-03-02T21:50:00Z,532250,0.006849,0,
2023-03-02T22:50:00Z,532256,0.007145,0,
2023-03-02T23:50:00Z,532262,0.006609,0,
2023-03-03T00:50:00Z,532268,0.006524,0,
2023-03-03T01:50:00Z,532274,0.006288,0,
2023-03-03T02:50:00Z,532280,0.006412,0,
2023-03-03T03:50:00Z,532286,0.007580,0,
2023-03-03T04:50:00Z,532292,0.007009,0,
2023-03-03T05:50:00Z,532298,0.006338,0,
2023-03-03T06:50:00Z,532304,0.009784,0,
2023-03-03T07:50:00Z,532310,0.010855,0,
2023-03-03T08:50:00Z,532316,0.003978,0,
2023-03-03T09:50:00Z,532322,0.007704,0,
2023-03-03T10:50:00Z,532328,0.008316,0,
2023-03-03T11:50:00Z,532334,0.008721,0,
2023-03-03T12:50:00Z,532340,0.008652,0,
2023-03-03T13:50:00Z,532346,0.011516,0,
2023-03-03T14:50:00Z,532352,0.008567,0,
2023-03-03T15:50:00Z,532358,0.010185,0,
2023-03-03T16:50:00Z,532364,0.008362,0,
2023-03-03T17:50:00Z,532370,0.011100,0,
2023-03-03T18:50:00Z,532376,0.007475,0,
2023-03-03T19:50:00Z,532382,0.009749,0,
2023-03-03T20:50:00Z,532388,0.009728,0,
2023-03-03T21:50:00Z,532394,0.009746,0,
2023-03-03T22:50:00Z,532400,0.008812,0,
2023-03-03T23:50:00Z,532406,0.008163,0,
2023-03-04T00:50:00Z,532412,0.007015,0,
2023-03-04T01:50:00Z,532418,0.006708,0,
2023-03-04T02:50:00Z,532424,0.007480,0,
2023-03-04T03:50:00Z,532430,0.009379,0,
2023-03-04T04:50:00Z,532436,0.009158,0,
2023-03-04T05:50:00Z,532442,0.012014,0,
2023-03-04T06:50:00Z,532448,0.008591,0,
2023-03-04T07:50:00Z,532454,0.007128,0,
2023-03-04T08:50:00Z,532460,0.007045,0,
2023-03-04T09:50:00Z,532466,0.011256,0,
2023-03-04T10:50:00Z,532472,0.010198,0,
2023-03-04T11:50:00Z,532478,0.010192,0,
2023-03-04T12:50:00Z,532484,0.010784,0,
2023-03-04T13:50:00Z,532490,0.012380,0,
2023-03-04T14:50:00Z,532496,0.011150,0,
2023-03-04T15:50:00Z,532502,0.010685,0,
2023-03-04T16:50:00Z,532508,0.013391,0,
2023-03-04T17:50:00Z,532514,0.012091,0,
2023-03-04T18:50:00Z,532520,0.009999,0,
2023-03-04T19:50:00Z,532526,0.013298,0,
2023-03-04T20:50:00Z,532532,0.013183,0,
2023-03-04T21:50:00Z,532538,0.013726,0,
2023-03-04T22:50:00Z,532544,0.011461,0,
2023-03-04T23:50:00Z,532550,0.011153,0,
2023-03-05T00:50:00Z,532556,0.011107,0,
2023-03-05T01:50:00Z,532562,0.009669,0,
2023-03-05T02:50:00Z,532568,0.009317,0,
2023-03-05T03:50:00Z,532574,0.009250,0,
2023-03-05T04:50:00Z,532580,0.010594,0,
2023-03-05T05:50:00Z,532586,0.012065,0,
2023-03-05T06:50:00Z,532592,0.009780,0,
2023-03-05T07:50:00Z,532598,0.010516,0,
2023-03-05T08:50:00Z,532604,0.010974,0,
2023-03-05T09:50:00Z,532610,0.010286,0,
2023-03-05T10:50:00Z,532616,0.010901,0,
2023-03-05T11:50:00Z,532622,0.011112,0,
2023-03-05T12:50:00Z,532628,0.010885,0,
2023-03-05T13:50:00Z,532634,0.012691,0,
2023-03-05T14:50:00Z,532640,0.012602,0,
2023-03-05T15:50:00Z,532646,0.013529,0,
2023-03-05T16:50:00Z,532652,0.011525,0,
2023-03-05T17:50:00Z,532658,0.012818,0,
2023-03-05T18:50:00Z,532664,0.015399,0,
2023-03-05T19:50:00Z,532670,0.019855,0,
2023-03-05T20:50:00Z,532676,0.019910,0,
2023-03-05T21:50:00Z,532682,0.022345,0,
2023-03-05T22:50:00Z,532688,0.022828,0,
2023-03-05T23:50:00Z,532694,0.022568,0,
2023-03-06T00:50:00Z,532700,0.015943,0,
2023-03-06T01:50:00Z,532706,0.011810,0,
2023-03-06T02:50:00Z,532712,0.010501,0,
2023-03-06T03:50:00Z,532718,0.009837,0,
2023-03-06T04:50:00Z,532724,0.012909,0,
2023-03-06T05:50:00Z,532730,0.009698,0,
2023-03-06T06:50:00Z,532736,0.013505,0,
2023-03-06T07:50:00Z,532742,0.013100,0,
2023-03-06T08:50:00Z,532748,0.016028,0,
2023-03-06T09:50:00Z,532754,0.014766,0,
2023-03-06T10:50:00Z,532760,0.016427,0,
2023-03-06T11:50:00Z,532766,0.016406,0,
2023-03-06T12:50:00Z,532772,0.018904,0,
2023-03-06T13:50:00Z,532778,0.015291,0,
2023-03-06T14:50:00Z,532784,0.016510,0,
2023-03-06T15:50:00Z,532790,0.015137,0,
2023-03-06T16:50:00Z,532796,0.012162,0,
2023-03-06T17:50:00Z,532802,0.012569,0,
2023-03-06T18:50:00Z,532808,0.015529,0,
2023-03-06T19:50:00Z,532814,0.013562,0,
2023-03-06T20:50:00Z,532820,0.013882,0,
2023-03-06T21:50:00Z,532826,0.013528,0,
2023-03-06T22:50:00Z,532832,0.011665,0,
2023-03-06T23:50:00Z,532838,0.015760,0,
2023-03-07T00:50:00Z,532844,0.013482,0,
2023-03-07T01:50:00Z,532850,0.014807,0,
2023-03-07T02:50:00Z,532856,0.016278,0,
2023-03-07T03:50:00Z,532862,0.017428,0,
2023-03-07T04:50:00Z,532868,0.017072,0,
2023-03-07T05:50:00Z,532874,0.019336,0,
2023-03-07T06:50:00Z,532880,0.019497,0,
2023-03-07T07:50:00Z,532886,0.020419,0,
2023-03-07T08:50:00Z,532892,0.019340,0,
2023-03-07T09:50:00Z,532898,0.017548,0,
2023-03-07T10:50:00Z,532904,0.018134,0,
2023-03-07T11:50:00Z,532910,0.017442,0,
2023-03-07T12:50:00Z,532916,0.014045,0,
2023-03-07T13:50:00Z,532922,0.013621,0,
2023-03-07T14:50:00Z,532928,0.010809,0,
2023-03-07T15:50:00Z,532934,0.012230,0,
2023-03-07T16:50:00Z,532940,0.010942,0,
2023-03-07T17:50:00Z,532946,0.011952,0,
2023-03-07T18:50:00Z,532952,0.015624,0,
2023-03-07T19:50:00Z,532958,0.019407,0,
2023-03-07T20:50:00Z,532964,0.013962,0,
2023-03-07T21:50:00Z,532970,0.011420,0,
2023-03-07T22:50:00Z,532976,0.013336,0,
2023-03-07T23:50:00Z,532982,0.010012,0,
2023-03-08T00:50:00Z,532988,0.007639,0,
2023-03-08T01:50:00Z,532994,0.009116,0,
2023-03-08T02:50:00Z,533000,0.009857,0,
2023-03-08T03:50:00Z,533006,0.009926,0,
2023-03-08T04:50:00Z,533012,0.009410,0,
2023-03-08T05:50:00Z,533018,0.010962,0,
2023-03-08T06:50:00Z,533024,0.007986,0,
2023-03-08T07:50:00Z,533030,0.007904,0,
2023-03-08T08:50:00Z,533036,0.008481,0,
2023-03-08T09:50:00Z,533042,0.008917,0,
2023-03-08T10:50:00Z,533048,0.008431,0,
2023-03-08T11:50:00Z,533054,0.013794,0,
2023-03-08T12:50:00Z,533060,0.012774,0,
2023-03-08T13:50:00Z,533066,0.012608,0,
2023-03-08T14:50:00Z,533072,0.015645,0,
2023-03-08T15:50:00Z,533078,0.014613,0,
2023-03-08T16:50:00Z,533084,0.015300,0,
2023-03-08T17:50:00Z,533090,0.014908,0,
2023-03-08T18:50:00Z,533096,0.016968,0,
2023-03-08T19:50:00Z,533102,0.018108,0,
2023-03-08T20:50:00Z,533108,0.016014,0,
2023-03-08T21:50:00Z,533114,0.015549,0,
2023-03-08T22:50:00Z,533120,0.016658,0,
2023-03-08T23:50:00Z,533126,0.011574,0,
2023-03-09T00:50:00Z,533132,0.009756,0,
2023-03-09T01:50:00Z,533138,0.006426,0,
2023-03-09T02:50:00Z,533144,0.011578,0,
2023-03-09T03:50:00Z,533150,0.009755,0,
2023-03-09T04:50:00Z,533156,0.012556,0,
2023-03-09T05:50:00Z,533162,0.011450,0,
2023-03-09T06:50:00Z,533168,0.011052,0,
2023-03-09T07:50:00Z,533174,0.007736,0,
2023-03-09T08:50:00Z,533180,0.014637,0,
2023-03-09T09:50:00Z,533186,0.014592,0,
2023-03-09T10:50:00Z,533192,0.015827,0,
2023-03-09T11:50:00Z,533198,0.016278,0,
2023-03-09T12:50:00Z,533204,0.016033,0,
2023-03-09T13:50:00Z,533210,0.014849,0,
2023-03-09T14:50:00Z,533216,0.016121,0,
2023-03-09T15:50:00Z,533222,0.011651,0,
2023-03-09T16:50:00Z,533228,0.016217,0,
2023-03-09T17:50:00Z,533234,0.013671,0,
2023-03-09T18:50:00Z,533240,0.013673,0,
2023-03-09T19:50:00Z,533246,0.017402,0,
2023-03-09T20:50:00Z,533252,0.018888,0,
2023-03-09T21:50:00Z,533258,0.013892,0,
2023-03-09T22:50:00Z,533264,0.019045,0,
2023-03-09T23:50:00Z,533270,0.017242,0,
2023-03-10T00:50:00Z,533276,0.015010,0,
2023-03-10T01:50:00Z,533282,0.010049,0,
2023-03-10T02:50:00Z,533288,0.015126,0,
2023-03-10T03:50:00Z,533294,0.017435,0,
2023-03-10T04:50:00Z,533300,0.019836,0,
2023-03-10T05:50:00Z,533306,0.021041,0,
2023-03-10T06:50:00Z,533312,0.020379,0,
2023-03-10T07:50:00Z,533318,0.022305,0,
2023-03-10T08:50:00Z,533324,0.022663,0,
2023-03-10T09:50:00Z,533330,0.022093,0,
2023-03-10T10:50:00Z,533336,0.021203,0,
2023-03-10T11:50:00Z,533342,0.020262,0,
2023-03-10T12:50:00Z,533348,0.018052,0,
2023-03-10T13:50:00Z,533354,0.013495,0,
2023-03-10T14:50:00Z,533360,0.010558,0,
2023-03-10T15:50:00Z,533366,0.011733,0,
2023-03-10T16:50:00Z,533372,0.010381,0,
2023-03-10T17:50:00Z,533378,0.012428,0,
2023-03-10T18:50:00Z,533384,0.008260,0,
2023-03-10T19:50:00Z,533390,0.009618,0,
2023-03-10T20:50:00Z,533396,0.011843,0,
2023-03-10T21:50:00Z,533402,0.012010,0,
2023-03-10T22:50:00Z,533408,0.010249,0,
2023-03-10T23:50:00Z,533414,0.011966,0,
2023-03-11T00:50:00Z,533420,0.012295,0,
2023-03-11T01:50:00Z,533426,0.010261,0,
2023-03-11T02:50:00Z,533432,0.011424,0,
2023-03-11T03:50:00Z,533438,0.010590,0,
2023-03-11T04:50:00Z,533444,0.010241,0,
2023-03-11T05:50:00Z,533450,0.011217,0,
2023-03-11T06:50:00Z,533456,0.011454,0,
2023-03-11T07:50:00Z,533462,0.011896,0,
2023-03-11T08:50:00Z,533468,0.012456,0,
2023-03-11T09:50:00Z,533474,0.012309,0,
2023-03-11T10:50:00Z,533480,0.009895,0,
2023-03-11T11:50:00Z,533486,0.010594,0,
2023-03-11T12:50:00Z,533492,0.009447,0,
2023-03-11T13:50:00Z,533498,0.010067,0,
2023-03-11T14:50:00Z,533504,0.009396,0,
2023-03-11T15:50:00Z,533510,0.009799,0,
2023-03-11T16:50:00Z,533516,0.010886,0,
2023-03-11T17:50:00Z,533522,0.011174,0,
2023-03-11T18:50:00Z,533528,0.010723,0,
2023-03-11T19:50:00Z,533534,0.013160,0,
2023-03-11T20:50:00Z,533540,0.009622,0,
2023-03-11T21:50:00Z,533546,0.011891,0,
2023-03-11T22:50:00Z,533552,0.011392,0,
2023-03-11T23:50:00Z,533558,0.018562,0,
2023-03-12T00:50:00Z,533564,0.015004,0,
2023-03-12T01:50:00Z,533570,0.012039,0,
2023-03-12T02:50:00Z,533576,0.016853,0,
2023-03-12T03:50:00Z,533582,0.023967,0,
2023-03-12T04:50:00Z,533588,0.023547,0,
2023-03-12T05:50:00Z,533594,0.026953,0,
2023-03-12T06:50:00Z,533600,0.027985,0,
2023-03-12T07:50:00Z,533606,0.025434,0,
2023-03-12T08:50:00Z,533612,0.023232,0,
2023-03-12T09:50:00Z,533618,0.026093,0,
2023-03-12T10:50:00Z,533624,0.023944,0,
2023-03-12T11:50:00Z,533630,0.023611,1,23.17
2023-03-12T12:50:00Z,533636,0.021028,1,22.17
2023-03-12T13:50:00Z,533642,0.023685,1,21.17
2023-03-12T14:50:00Z,533648,0.022649,1,20.17
2023-03-12T15:50:00Z,533654,0.029855,1,19.17
2023-03-12T16:50:00Z,533660,0.029732,1,18.17
2023-03-12T17:50:00Z,533666,0.028269,1,17.17
2023-03-12T18:50:00Z,533672,0.025901,1,16.17
2023-03-12T19:50:00Z,533678,0.032963,1,15.17
2023-03-12T20:50:00Z,533684,0.033570,1,14.17
2023-03-12T21:50:00Z,533690,0.035242,1,13.17
2023-03-12T22:50:00Z,533696,0.035897,1,12.17
2023-03-12T23:50:00Z,533702,0.040124,1,11.17
2023-03-13T00:50:00Z,533708,0.038551,1,10.17
2023-03-13T01:50:00Z,533714,0.041299,1,9.17
2023-03-13T02:50:00Z,533720,0.056782,1,8.17
2023-03-13T03:50:00Z,533726,0.056793,1,7.17
2023-03-13T04:50:00Z,533732,0.061886,1,6.17
2023-03-13T05:50:00Z,533738,0.065093,1,5.17
2023-03-13T06:50:00Z,533744,0.067496,1,4.17
2023-03-13T07:50:00Z,533750,0.063654,1,3.17
2023-03-13T08:50:00Z,533756,0.069957,1,2.17
2023-03-13T09:50:00Z,533762,0.074358,1,1.17
2023-03-13T10:50:00Z,533768,0.069128,1,0.17
2023-03-13T11:50:00Z,533774,0.065602,0,
2023-03-13T12:50:00Z,533780,0.052535,0,
2023-03-13T13:50:00Z,533786,0.046070,0,
2023-03-13T14:50:00Z,533792,0.048788,0,
2023-03-13T15:50:00Z,533798,0.056565,0,
2023-03-13T16:50:00Z,533804,0.051085,0,
2023-03-13T17:50:00Z,533810,0.059527,0,
2023-03-13T18:50:00Z,533816,0.055241,0,
2023-03-13T19:50:00Z,533822,0.066171,0,
2023-03-13T20:50:00Z,533828,0.065411,0,
2023-03-13T21:50:00Z,533834,0.064410,0,
2023-03-13T22:50:00Z,533840,0.061308,0,
2023-03-13T23:50:00Z,533846,0.035840,0,
2023-03-14T00:50:00Z,533852,0.030101,0,
2023-03-14T01:50:00Z,533858,0.028641,0,
2023-03-14T02:50:00Z,533864,0.028213,0,
2023-03-14T03:50:00Z,533870,0.029580,0,
2023-03-14T04:50:00Z,533876,0.027311,0,
2023-03-14T05:50:00Z,533882,0.024711,0,
2023-03-14T06:50:00Z,533888,0.023140,0,
2023-03-14T07:50:00Z,533894,0.023841,0,
2023-03-14T08:50:00Z,533900,0.021494,0,
2023-03-14T09:50:00Z,533906,0.014142,0,
2023-03-14T10:50:00Z,533912,0.013893,0,
2023-03-14T11:50:00Z,533918,0.010808,0,
2023-03-14T12:50:00Z,533924,0.015168,0,
2023-03-14T13:50:00Z,533930,0.014079,0,
2023-03-14T14:50:00Z,533936,0.009802,0,
2023-03-14T15:50:00Z,533942,0.020372,0,
2023-03-14T16:50:00Z,533948,0.022825,0,
2023-03-14T17:50:00Z,533954,0.020739,0,
2023-03-14T18:50:00Z,533960,0.024589,0,
2023-03-14T19:50:00Z,533966,0.026393,0,
2023-03-14T20:50:00Z,533972,0.018307,0,
2023-03-14T21:50:00Z,533978,0.014346,0,
2023-03-14T22:50:00Z,533984,0.016034,0,
2023-03-14T23:50:00Z,533990,0.016083,0,
2023-03-15T00:50:00Z,533996,0.013082,0,
2023-03-15T01:50:00Z,534002,0.013607,0,
2023-03-15T02:50:00Z,534008,0.005462,0,
2023-03-15T03:50:00Z,534014,0.021007,0,
2023-03-15T04:50:00Z,534020,0.020620,0,
2023-03-15T05:50:00Z,534026,0.015570,0,
2023-03-15T06:50:00Z,534032,0.020485,0,
2023-03-15T07:50:00Z,534038,0.018697,0,
2023-03-15T08:50:00Z,534044,0.017632,0,
2023-03-15T09:50:00Z,534050,0.018107,0,
2023-03-15T10:50:00Z,534056,0.016263,0,
2023-03-15T11:50:00Z,534062,0.014511,0,
2023-03-15T12:50:00Z,534068,0.011651,0,
2023-03-15T13:50:00Z,534074,0.021679,0,
2023-03-15T14:50:00Z,534080,0.015475,0,
2023-03-15T15:50:00Z,534086,0.016796,0,
2023-03-15T16:50:00Z,534092,0.019320,0,
2023-03-15T17:50:00Z,534098,0.014328,0,
2023-03-15T18:50:00Z,534104,0.011126,0,
2023-03-15T19:50:00Z,534110,0.012688,0,
2023-03-15T20:50:00Z,534116,0.016039,0,
2023-03-15T21:50:00Z,534122,0.013663,0,
2023-03-15T22:50:00Z,534128,0.017403,0,
2023-03-15T23:50:00Z,534134,0.017211,0,
2023-03-16T00:50:00Z,534140,0.017100,0,
2023-03-16T01:50:00Z,534146,0.016969,0,
2023-03-16T02:50:00Z,534152,0.020095,0,
2023-03-16T03:50:00Z,534158,0.021087,0,
2023-03-16T04:50:00Z,534164,0.022752,0,
2023-03-16T05:50:00Z,534170,0.019016,0,
2023-03-16T06:50:00Z,534176,0.020057,0,
2023-03-16T07:50:00Z,534182,0.020193,0,
2023-03-16T08:50:00Z,534188,0.025446,0,
2023-03-16T09:50:00Z,534194,0.022737,0,
2023-03-16T10:50:00Z,534200,0.028038,0,
2023-03-16T11:50:00Z,534206,0.028093,0,
2023-03-16T12:50:00Z,534212,0.034519,0,
2023-03-16T13:50:00Z,534218,0.030458,0,
2023-03-16T14:50:00Z,534224,0.029881,0,
2023-03-16T15:50:00Z,534230,0.031055,0,
2023-03-16T16:50:00Z,534236,0.029577,0,
2023-03-16T17:50:00Z,534242,0.027013,0,
2023-03-16T18:50:00Z,534248,0.023876,0,
2023-03-16T19:50:00Z,534254,0.026520,0,
2023-03-16T20:50:00Z,534260,0.023566,0,
2023-03-16T21:50:00Z,534266,0.018276,0,
2023-03-16T22:50:00Z,534272,0.016585,0,
2023-03-16T23:50:00Z,534278,0.015040,0,
2023-03-17T00:50:00Z,534284,0.014031,0,
2023-03-17T01:50:00Z,534290,0.013470,0,
2023-03-17T02:50:00Z,534296,0.014005,0,
2023-03-17T03:50:00Z,534302,0.010448,0,
2023-03-17T04:50:00Z,534308,0.012788,0,
2023-03-17T05:50:00Z,534314,0.011719,0,
2023-03-17T06:50:00Z,534320,0.014090,0,
2023-03-17T07:50:00Z,534326,0.011179,0,
2023-03-17T08:50:00Z,534332,0.010710,0,
2023-03-17T09:50:00Z,534338,0.012915,0,
2023-03-17T10:50:00Z,534344,0.008648,0,
2023-03-17T11:50:00Z,534350,0.005287,0,
2023-03-17T12:50:00Z,534356,0.009605,0,
2023-03-17T13:50:00Z,534362,0.008369,0,
2023-03-17T14:50:00Z,534368,0.007605,0,
2023-03-17T15:50:00Z,534374,0.010201,0,
2023-03-17T16:50:00Z,534380,0.008440,0,
2023-03-17T17:50:00Z,534386,0.008677,0,
2023-03-17T18:50:00Z,534392,0.008964,0,
2023-03-17T19:50:00Z,534398,0.009409,0,
2023-03-17T20:50:00Z,534404,0.008369,0,
2023-03-17T21:50:00Z,534410,0.006559,0,
2023-03-17T22:50:00Z,534416,0.006786,0,
2023-03-17T23:50:00Z,534422,0.005180,0,
2023-03-18T00:50:00Z,534428,0.007928,0,
2023-03-18T01:50:00Z,534434,0.006391,0,
2023-03-18T02:50:00Z,534440,0.009772,0,
2023-03-18T03:50:00Z,534446,0.007411,0,
2023-03-18T04:50:00Z,534452,0.011097,0,
2023-03-18T05:50:00Z,534458,0.013632,0,
2023-03-18T06:50:00Z,534464,0.020511,0,
2023-03-18T07:50:00Z,534470,0.021172,0,
2023-03-18T08:50:00Z,534476,0.020860,0,
2023-03-18T09:50:00Z,534482,0.014322,0,
2023-03-18T10:50:00Z,534488,0.015765,0,
2023-03-18T11:50:00Z,534494,0.017255,0,
2023-03-18T12:50:00Z,534500,0.023234,0,
2023-03-18T13:50:00Z,534506,0.025351,0,
2023-03-18T14:50:00Z,534512,0.028250,0,
2023-03-18T15:50:00Z,534518,0.018321,0,
2023-03-18T16:50:00Z,534524,0.024683,0,
2023-03-18T17:50:00Z,534530,0.024775,0,
2023-03-18T18:50:00Z,534536,0.023453,0,
2023-03-18T19:50:00Z,534542,0.020236,0,
2023-03-18T20:50:00Z,534548,0.017713,0,
2023-03-18T21:50:00Z,534554,0.010635,0,
2023-03-18T22:50:00Z,534560,0.009540,0,
2023-03-18T23:50:00Z,534566,0.010353,0,
2023-03-19T00:50:00Z,534572,0.008634,0,
2023-03-19T01:50:00Z,534578,0.009579,0,
2023-03-19T02:50:00Z,534584,0.008024,0,
2023-03-19T03:50:00Z,534590,0.007886,0,
2023-03-19T04:50:00Z,534596,0.007768,0,
2023-03-19T05:50:00Z,534602,0.007685,0,
2023-03-19T06:50:00Z,534608,0.008686,0,
2023-03-19T07:50:00Z,534614,0.008576,0,
2023-03-19T08:50:00Z,534620,0.006281,0,
2023-03-19T09:50:00Z,534626,0.006409,0,
2023-03-19T10:50:00Z,534632,0.010637,0,
2023-03-19T11:50:00Z,534638,0.011904,0,
2023-03-19T12:50:00Z,534644,0.011897,0,
2023-03-19T13:50:00Z,534650,0.012169,0,
2023-03-19T14:50:00Z,534656,0.014284,0,
2023-03-19T15:50:00Z,534662,0.012524,0,
2023-03-19T16:50:00Z,534668,0.013316,0,
2023-03-19T17:50:00Z,534674,0.018920,0,
2023-03-19T18:50:00Z,534680,0.023953,0,
2023-03-19T19:50:00Z,534686,0.015600,0,
2023-03-19T20:50:00Z,534692,0.016063,0,
2023-03-19T21:50:00Z,534698,0.014885,0,
2023-03-19T22:50:00Z,534704,0.014857,0,
2023-03-19T23:50:00Z,534710,0.013752,0,
2023-03-20T00:50:00Z,534716,0.014835,0,
2023-03-20T01:50:00Z,534722,0.014316,0,
2023-03-20T02:50:00Z,534728,0.014431,0,
2023-03-20T03:50:00Z,534734,0.015988,0,
2023-03-20T04:50:00Z,534740,0.016793,0,
2023-03-20T05:50:00Z,534746,0.016830,0,
2023-03-20T06:50:00Z,534752,0.019523,0,
2023-03-20T07:50:00Z,534758,0.012325,0,
2023-03-20T08:50:00Z,534764,0.017268,0,
2023-03-20T09:50:00Z,534770,0.019096,0,
2023-03-20T10:50:00Z,534776,0.018777,0,
2023-03-20T11:50:00Z,534782,0.018820,0,
2023-03-20T12:50:00Z,534788,0.018699,0,
2023-03-20T13:50:00Z,534794,0.020023,0,
2023-03-20T14:50:00Z,534800,0.018453,0,
2023-03-20T15:50:00Z,534806,0.013812,0,
2023-03-20T16:50:00Z,534812,0.012098,0,
2023-03-20T17:50:00Z,534818,0.011065,0,
2023-03-20T18:50:00Z,534824,0.012220,0,
2023-03-20T19:50:00Z,534830,0.014314,0,
2023-03-20T20:50:00Z,534836,0.015499,0,
2023-03-20T21:50:00Z,534842,0.019726,0,
2023-03-20T22:50:00Z,534848,0.021246,0,
2023-03-20T23:50:00Z,534854,0.025486,0,
2023-03-21T00:50:00Z,534860,0.025958,0,
2023-03-21T01:50:00Z,534866,0.023900,0,
2023-03-21T02:50:00Z,534872,0.026559,0,
2023-03-21T03:50:00Z,534878,0.025835,0,
2023-03-21T04:50:00Z,534884,0.023204,0,
2023-03-21T05:50:00Z,534890,0.024072,0,
2023-03-21T06:50:00Z,534896,0.025707,0,
2023-03-21T07:50:00Z,534902,0.024937,0,
2023-03-21T08:50:00Z,534908,0.024023,0,
2023-03-21T09:50:00Z,534914,0.026217,0,
2023-03-21T10:50:00Z,534920,0.023861,0,
2023-03-21T11:50:00Z,534926,0.028942,0,
2023-03-21T12:50:00Z,534932,0.041799,0,
2023-03-21T13:50:00Z,534938,0.048072,0,
2023-03-21T14:50:00Z,534944,0.041353,0,
2023-03-21T15:50:00Z,534950,0.036721,0,
2023-03-21T16:50:00Z,534956,0.034267,0,
2023-03-21T17:50:00Z,534962,0.035706,0,
2023-03-21T18:50:00Z,534968,0.038907,0,
2023-03-21T19:50:00Z,534974,0.037974,0,
2023-03-21T20:50:00Z,534980,0.045034,0,
2023-03-21T21:50:00Z,534986,0.036722,0,
2023-03-21T22:50:00Z,534992,0.037380,0,
2023-03-21T23:50:00Z,534998,0.037670,0,
2023-03-22T00:50:00Z,535004,0.038400,0,
2023-03-22T01:50:00Z,535010,0.040430,0,
2023-03-22T02:50:00Z,535016,0.042650,0,
2023-03-22T03:50:00Z,535022,0.052933,0,
2023-03-22T04:50:00Z,535028,0.057159,0,
2023-03-22T05:50:00Z,535034,0.063081,0,
2023-03-22T06:50:00Z,535040,0.064455,0,
2023-03-22T07:50:00Z,535046,0.060207,0,
2023-03-22T08:50:00Z,535052,0.052852,0,
2023-03-22T09:50:00Z,535058,0.054428,0,
2023-03-22T10:50:00Z,535064,0.050665,0,
2023-03-22T11:50:00Z,535070,0.054941,0,
2023-03-22T12:50:00Z,535076,0.048195,0,
2023-03-22T13:50:00Z,535082,0.041958,0,
2023-03-22T14:50:00Z,535088,0.041705,0,
2023-03-22T15:50:00Z,535094,0.043560,0,
2023-03-22T16:50:00Z,535100,0.041035,0,
2023-03-22T17:50:00Z,535106,0.038028,0,
2023-03-22T18:50:00Z,535112,0.045293,0,
2023-03-22T19:50:00Z,535118,0.051055,0,
2023-03-22T20:50:00Z,535124,0.054340,0,
2023-03-22T21:50:00Z,535130,0.053321,0,
2023-03-22T22:50:00Z,535136,0.053629,0,
2023-03-22T23:50:00Z,535142,0.051316,0,
2023-03-23T00:50:00Z,535148,0.053578,0,
2023-03-23T01:50:00Z,535154,0.056776,0,
2023-03-23T02:50:00Z,535160,0.054898,0,
2023-03-23T03:50:00Z,535166,0.051407,0,
2023-03-23T04:50:00Z,535172,0.043243,0,
2023-03-23T05:50:00Z,535178,0.040105,0,
2023-03-23T06:50:00Z,535184,0.040772,0,
2023-03-23T07:50:00Z,535190,0.043478,0,
2023-03-23T08:50:00Z,535196,0.041156,0,
2023-03-23T09:50:00Z,535202,0.046379,0,
2023-03-23T10:50:00Z,535208,0.061928,0,
2023-03-23T11:50:00Z,535214,0.069347,0,
2023-03-23T12:50:00Z,535220,0.060457,0,
2023-03-23T13:50:00Z,535226,0.058811,0,
2023-03-23T14:50:00Z,535232,0.042949,0,
2023-03-23T15:50:00Z,535238,0.064099,0,
2023-03-23T16:50:00Z,535244,0.061119,0,
2023-03-23T17:50:00Z,535250,0.056518,0,
2023-03-23T18:50:00Z,535256,0.056899,0,
2023-03-23T19:50:00Z,535262,0.031896,0,
2023-03-23T20:50:00Z,535268,0.020929,0,
2023-03-23T21:50:00Z,535274,0.018297,0,
2023-03-23T22:50:00Z,535280,0.025240,0,
2023-03-23T23:50:00Z,535286,0.033452,0,
2023-03-24T00:50:00Z,535292,0.036338,0,
2023-03-24T01:50:00Z,535298,0.038731,0,
2023-03-24T02:50:00Z,535304,0.037816,0,
2023-03-24T03:50:00Z,535310,0.036523,0,
2023-03-24T04:50:00Z,535316,0.039130,0,
2023-03-24T05:50:00Z,535322,0.048261,0,
2023-03-24T06:50:00Z,535328,0.043691,0,
2023-03-24T07:50:00Z,535334,0.044252,0,
2023-03-24T08:50:00Z,535340,0.036789,0,
2023-03-24T09:50:00Z,535346,0.036051,0,
2023-03-24T10:50:00Z,535352,0.037916,0,
2023-03-24T11:50:00Z,535358,0.054678,0,
2023-03-24T12:50:00Z,535364,0.057454,0,
2023-03-24T13:50:00Z,535370,0.059275,0,
2023-03-24T14:50:00Z,535376,0.053891,0,
2023-03-24T15:50:00Z,535382,0.046990,0,
2023-03-24T16:50:00Z,535388,0.048909,0,
2023-03-24T17:50:00Z,535394,0.057149,0,
2023-03-24T18:50:00Z,535400,0.060319,0,
2023-03-24T19:50:00Z,535406,0.063352,0,
2023-03-24T20:50:00Z,535412,0.064504,0,
2023-03-24T21:50:00Z,535418,0.064705,0,
2023-03-24T22:50:00Z,535424,0.063390,0,
2023-03-24T23:50:00Z,535430,0.064029,0,
2023-03-25T00:50:00Z,535436,0.064798,0,
2023-03-25T01:50:00Z,535442,0.067286,0,
2023-03-25T02:50:00Z,535448,0.068368,0,
2023-03-25T03:50:00Z,535454,0.066570,0,
2023-03-25T04:50:00Z,535460,0.070195,0,
2023-03-25T05:50:00Z,535466,0.067924,0,
2023-03-25T06:50:00Z,535472,0.064495,0,
2023-03-25T07:50:00Z,535478,0.067400,0,
2023-03-25T08:50:00Z,535484,0.065033,0,
2023-03-25T09:50:00Z,535490,0.059129,0,
2023-03-25T10:50:00Z,535496,0.049390,0,
2023-03-25T11:50:00Z,535502,0.051682,0,
2023-03-25T12:50:00Z,535508,0.042903,0,
2023-03-25T13:50:00Z,535514,0.036836,0,
2023-03-25T14:50:00Z,535520,0.028818,0,
2023-03-25T15:50:00Z,535526,0.027452,0,
2023-03-25T16:50:00Z,535532,0.025942,0,
2023-03-25T17:50:00Z,535538,0.023467,0,
2023-03-25T18:50:00Z,535544,0.024585,0,
2023-03-25T19:50:00Z,535550,0.014508,0,
2023-03-25T20:50:00Z,535556,0.014693,0,
2023-03-25T21:50:00Z,535562,0.012674,0,
2023-03-25T22:50:00Z,535568,0.020845,0,
2023-03-25T23:50:00Z,535574,0.037871,0,
2023-03-26T00:50:00Z,535580,0.036790,0,
2023-03-26T01:50:00Z,535586,0.031948,0,
2023-03-26T02:50:00Z,535592,0.026768,0,
2023-03-26T03:50:00Z,535598,0.034045,0,
2023-03-26T04:50:00Z,535604,0.034850,0,
2023-03-26T05:50:00Z,535610,0.028743,0,
2023-03-26T06:50:00Z,535616,0.018981,0,
2023-03-26T07:50:00Z,535622,0.013674,0,
2023-03-26T08:50:00Z,535628,0.017168,0,
2023-03-26T09:50:00Z,535634,0.018891,0,
2023-03-26T10:50:00Z,535640,0.018253,0,
2023-03-26T11:50:00Z,535646,0.015229,0,
2023-03-26T12:50:00Z,535652,0.015508,0,
2023-03-26T13:50:00Z,535658,0.014592,0,
2023-03-26T14:50:00Z,535664,0.014190,0,
2023-03-26T15:50:00Z,535670,0.009665,0,
2023-03-26T16:50:00Z,535676,0.008883,0,
2023-03-26T17:50:00Z,535682,0.005915,0,
2023-03-26T18:50:00Z,535688,0.009302,0,
2023-03-26T19:50:00Z,535694,0.006889,0,
2023-03-26T20:50:00Z,535700,0.006043,0,
2023-03-26T21:50:00Z,535706,0.007219,0,
2023-03-26T22:50:00Z,535712,0.011481,0,
2023-03-26T23:50:00Z,535718,0.010180,0,
2023-03-27T00:50:00Z,535724,0.009020,0,
2023-03-27T01:50:00Z,535730,0.009610,0,
2023-03-27T02:50:00Z,535736,0.011807,0,
2023-03-27T03:50:00Z,535742,0.012577,0,
2023-03-27T04:50:00Z,535748,0.010657,0,
2023-03-27T05:50:00Z,535754,0.011172,0,
2023-03-27T06:50:00Z,535760,0.008232,0,
2023-03-27T07:50:00Z,535766,0.008047,0,
2023-03-27T08:50:00Z,535772,0.009568,0,
2023-03-27T09:50:00Z,535778,0.012235,0,
2023-03-27T10:50:00Z,535784,0.014341,0,
2023-03-27T11:50:00Z,535790,0.015401,0,
2023-03-27T12:50:00Z,535796,0.015038,0,
2023-03-27T13:50:00Z,535802,0.015080,0,
2023-03-27T14:50:00Z,535808,0.018341,0,
2023-03-27T15:50:00Z,535814,0.018829,0,
2023-03-27T16:50:00Z,535820,0.021237,0,
2023-03-27T17:50:00Z,535826,0.023198,0,
2023-03-27T18:50:00Z,535832,0.014923,0,
2023-03-27T19:50:00Z,535838,0.012172,0,
2023-03-27T20:50:00Z,535844,0.010598,0,
2023-03-27T21:50:00Z,535850,0.011218,0,
2023-03-27T22:50:00Z,535856,0.014496,0,
2023-03-27T23:50:00Z,535862,0.011828,0,
2023-03-28T00:50:00Z,535868,0.011353,0,
2023-03-28T01:50:00Z,535874,0.011109,0,
2023-03-28T02:50:00Z,535880,0.012547,0,
2023-03-28T03:50:00Z,535886,0.011234,0,
2023-03-28T04:50:00Z,535892,0.010324,0,
2023-03-28T05:50:00Z,535898,0.011651,0,
2023-03-28T06:50:00Z,535904,0.010430,0,
2023-03-28T07:50:00Z,535910,0.009493,0,
2023-03-28T08:50:00Z,535916,0.007335,0,
2023-03-28T09:50:00Z,535922,0.007765,0,
2023-03-28T10:50:00Z,535928,0.008635,0,
2023-03-28T11:50:00Z,535934,0.008257,0,
2023-03-28T12:50:00Z,535940,0.011948,0,
2023-03-28T13:50:00Z,535946,0.015652,0,
2023-03-28T14:50:00Z,535952,0.018928,0,
2023-03-28T15:50:00Z,535958,0.026480,0,
2023-03-28T16:50:00Z,535964,0.025878,0,
2023-03-28T17:50:00Z,535970,0.025038,0,
2023-03-28T18:50:00Z,535976,0.029320,0,
2023-03-28T19:50:00Z,535982,0.030421,0,
2023-03-28T20:50:00Z,535988,0.031955,0,
2023-03-28T21:50:00Z,535994,0.027690,0,
2023-03-28T22:50:00Z,536000,0.026987,0,
2023-03-28T23:50:00Z,536006,0.024502,0,
2023-03-29T00:50:00Z,536012,0.033167,0,
2023-03-29T01:50:00Z,536018,0.037010,0,
2023-03-29T02:50:00Z,536024,0.028677,0,
2023-03-29T03:50:00Z,536030,0.029210,0,
2023-03-29T04:50:00Z,536036,0.026002,0,
2023-03-29T05:50:00Z,536042,0.023988,0,
2023-03-29T06:50:00Z,536048,0.027813,0,
2023-03-29T07:50:00Z,536054,0.022132,0,
2023-03-29T08:50:00Z,536060,0.022344,0,
2023-03-29T09:50:00Z,536066,0.028744,0,
2023-03-29T10:50:00Z,536072,0.027398,0,
2023-03-29T11:50:00Z,536078,0.030442,0,
2023-03-29T12:50:00Z,536084,0.031827,0,
2023-03-29T13:50:00Z,536090,0.027707,0,
2023-03-29T14:50:00Z,536096,0.025451,0,
2023-03-29T15:50:00Z,536102,0.025614,0,
2023-03-29T16:50:00Z,536108,0.023129,0,
2023-03-29T17:50:00Z,536114,0.022057,0,
2023-03-29T18:50:00Z,536120,0.021485,0,
2023-03-29T19:50:00Z,536126,0.019402,0,
2023-03-29T20:50:00Z,536132,0.017992,0,
2023-03-29T21:50:00Z,536138,0.019615,0,
2023-03-29T22:50:00Z,536144,0.021045,0,
2023-03-29T23:50:00Z,536150,0.022583,0,
2023-03-30T00:50:00Z,536156,0.023021,0,
2023-03-30T01:50:00Z,536162,0.027299,0,
2023-03-30T02:50:00Z,536168,0.030066,0,
2023-03-30T03:50:00Z,536174,0.042285,0,
2023-03-30T04:50:00Z,536180,0.037616,0,
2023-03-30T05:50:00Z,536186,0.042173,0,
2023-03-30T06:50:00Z,536192,0.032202,0,
2023-03-30T07:50:00Z,536198,0.039396,0,
2023-03-30T08:50:00Z,536204,0.035573,0,
2023-03-30T09:50:00Z,536210,0.046516,0,
2023-03-30T10:50:00Z,536216,0.047773,0,
2023-03-30T11:50:00Z,536222,0.051865,0,
2023-03-30T12:50:00Z,536228,0.039393,0,
2023-03-30T13:50:00Z,536234,0.036571,0,
2023-03-30T14:50:00Z,536240,0.033085,0,
2023-03-30T15:50:00Z,536246,0.032903,0,
2023-03-30T16:50:00Z,536252,0.032515,0,
2023-03-30T17:50:00Z,536258,0.032820,0,
2023-03-30T18:50:00Z,536264,0.029302,0,
2023-03-30T19:50:00Z,536270,0.033999,0,
2023-03-30T20:50:00Z,536276,0.032790,0,
2023-03-30T21:50:00Z,536282,0.031775,0,
2023-03-30T22:50:00Z,536288,0.017770,0,
2023-03-30T23:50:00Z,536294,0.019127,0,
2023-03-31T00:50:00Z,536300,0.020601,0,
2023-03-31T01:50:00Z,536306,0.021639,0,
2023-03-31T02:50:00Z,536312,0.024310,0,
2023-03-31T03:50:00Z,536318,0.023313,0,
2023-03-31T04:50:00Z,536324,0.026068,0,
2023-03-31T05:50:00Z,536330,0.026490,0,
2023-03-31T06:50:00Z,536336,0.019058,0,
2023-03-31T07:50:00Z,536342,0.016074,0,
2023-03-31T08:50:00Z,536348,0.021771,0,
2023-03-31T09:50:00Z,536354,0.025040,0,
2023-03-31T10:50:00Z,536360,0.019803,0,
2023-03-31T11:50:00Z,536366,0.023760,0,
2023-03-31T12:50:00Z,536372,0.011894,0,
2023-03-31T13:50:00Z,536378,0.015028,0,
2023-03-31T14:50:00Z,536384,0.010950,0,
2023-03-31T15:50:00Z,536390,0.009383,0,
2023-03-31T16:50:00Z,536396,0.009012,0,
2023-03-31T17:50:00Z,536402,0.008288,0,
2023-03-31T18:50:00Z,536408,0.005703,0,
2023-03-31T19:50:00Z,536414,0.005801,0,
2023-03-31T20:50:00Z,536420,0.004402,0,
2023-03-31T21:50:00Z,536426,0.003984,0,
2023-03-31T22:50:00Z,536432,0.006557,0,
2023-03-31T23:50:00Z,536438,0.005388,0,
2023-04-01T00:50:00Z,536444,0.006732,0,
2023-04-01T01:50:00Z,536450,0.006478,0,
2023-04-01T02:50:00Z,536456,0.006767,0,
2023-04-01T03:50:00Z,536462,0.004047,0,
2023-04-01T04:50:00Z,536468,0.005628,0,
2023-04-01T05:50:00Z,536474,0.007966,0,
2023-04-01T06:50:00Z,536480,0.008943,0,
2023-04-01T07:50:00Z,536486,0.007982,0,
2023-04-01T08:50:00Z,536492,0.008033,0,
2023-04-01T09:50:00Z,536498,0.008754,0,
2023-04-01T10:50:00Z,536504,0.007490,0,
2023-04-01T11:50:00Z,536510,0.007703,0,
2023-04-01T12:50:00Z,536516,0.007125,0,
2023-04-01T13:50:00Z,536522,0.007775,0,
2023-04-01T14:50:00Z,536528,0.008910,0,
2023-04-01T15:50:00Z,536534,0.008093,0,
2023-04-01T16:50:00Z,536540,0.007949,0,
2023-04-01T17:50:00Z,536546,0.007556,0,
2023-04-01T18:50:00Z,536552,0.007650,0,
2023-04-01T19:50:00Z,536558,0.009547,0,
2023-04-01T20:50:00Z,536564,0.007943,0,
2023-04-01T21:50:00Z,536570,0.007659,0,
2023-04-01T22:50:00Z,536576,0.006409,0,
2023-04-01T23:50:00Z,536582,0.007227,0,
2023-04-02T00:50:00Z,536588,0.008029,0,
2023-04-02T01:50:00Z,536594,0.005866,0,
2023-04-02T02:50:00Z,536600,0.007266,0,
2023-04-02T03:50:00Z,536606,0.007729,0,
2023-04-02T04:50:00Z,536612,0.005669,0,
2023-04-02T05:50:00Z,536618,0.005948,0,
2023-04-02T06:50:00Z,536624,0.007143,0,
2023-04-02T07:50:00Z,536630,0.006355,0,
2023-04-02T08:50:00Z,536636,0.007855,0,
2023-04-02T09:50:00Z,536642,0.008044,0,
2023-04-02T10:50:00Z,536648,0.005935,0,
2023-04-02T11:50:00Z,536654,0.006464,0,
2023-04-02T12:50:00Z,536660,0.007326,0,
2023-04-02T13:50:00Z,536666,0.006912,0,
2023-04-02T14:50:00Z,536672,0.005575,0,
2023-04-02T15:50:00Z,536678,0.008760,0,
2023-04-02T16:50:00Z,536684,0.005147,0,
2023-04-02T17:50:00Z,536690,0.008129,0,
2023-04-02T18:50:00Z,536696,0.009970,0,
2023-04-02T19:50:00Z,536702,0.009509,0,
2023-04-02T20:50:00Z,536708,0.010084,0,
2023-04-02T21:50:00Z,536714,0.015582,0,
2023-04-02T22:50:00Z,536720,0.010997,0,
2023-04-02T23:50:00Z,536726,0.012465,0,
2023-04-03T00:50:00Z,536732,0.012247,0,
2023-04-03T01:50:00Z,536738,0.010919,0,
2023-04-03T02:50:00Z,536744,0.004259,0,
2023-04-03T03:50:00Z,536750,0.003751,0,
2023-04-03T04:50:00Z,536756,0.009679,0,
2023-04-03T05:50:00Z,536762,0.009281,0,
2023-04-03T06:50:00Z,536768,0.011441,0,
2023-04-03T07:50:00Z,536774,0.011108,0,
2023-04-03T08:50:00Z,536780,0.012320,0,
2023-04-03T09:50:00Z,536786,0.012272,0,
2023-04-03T10:50:00Z,536792,0.013383,0,
2023-04-03T11:50:00Z,536798,0.014036,0,
2023-04-03T12:50:00Z,536804,0.009244,0,
2023-04-03T13:50:00Z,536810,0.012390,0,
2023-04-03T14:50:00Z,536816,0.015124,0,
2023-04-03T15:50:00Z,536822,0.013030,0,
2023-04-03T16:50:00Z,536828,0.009901,0,
2023-04-03T17:50:00Z,536834,0.010044,0,
2023-04-03T18:50:00Z,536840,0.008467,0,
2023-04-03T19:50:00Z,536846,0.008097,0,
2023-04-03T20:50:00Z,536852,0.007519,0,
2023-04-03T21:50:00Z,536858,0.007315,0,
2023-04-03T22:50:00Z,536864,0.009767,0,
2023-04-03T23:50:00Z,536870,0.011396,0,
2023-04-04T00:50:00Z,536876,0.010336,0,
2023-04-04T01:50:00Z,536882,0.013184,0,
2023-04-04T02:50:00Z,536888,0.012055,0,
2023-04-04T03:50:00Z,536894,0.009617,0,
2023-04-04T04:50:00Z,536900,0.011329,0,
2023-04-04T05:50:00Z,536906,0.010130,0,
2023-04-04T06:50:00Z,536912,0.012317,0,
2023-04-04T07:50:00Z,536918,0.012864,0,
2023-04-04T08:50:00Z,536924,0.011676,0,
2023-04-04T09:50:00Z,536930,0.011017,0,
2023-04-04T10:50:00Z,536936,0.011911,0,
2023-04-04T11:50:00Z,536942,0.012581,0,
2023-04-04T12:50:00Z,536948,0.012309,0,
2023-04-04T13:50:00Z,536954,0.011763,0,
2023-04-04T14:50:00Z,536960,0.015353,0,
2023-04-04T15:50:00Z,536966,0.017714,0,
2023-04-04T16:50:00Z,536972,0.018795,0,
2023-04-04T17:50:00Z,536978,0.017628,0,
2023-04-04T18:50:00Z,536984,0.022622,0,
2023-04-04T19:50:00Z,536990,0.021886,0,
2023-04-04T20:50:00Z,536996,0.018505,0,
2023-04-04T21:50:00Z,537002,0.019712,0,
2023-04-04T22:50:00Z,537008,0.019626,0,
2023-04-04T23:50:00Z,537014,0.007972,0,
2023-04-05T00:50:00Z,537020,0.006960,0,
2023-04-05T01:50:00Z,537026,0.006186,0,
2023-04-05T02:50:00Z,537032,0.012444,0,
2023-04-05T03:50:00Z,537038,0.010159,0,
2023-04-05T04:50:00Z,537044,0.011044,0,
2023-04-05T05:50:00Z,537050,0.013743,0,
2023-04-05T06:50:00Z,537056,0.016656,0,
2023-04-05T07:50:00Z,537062,0.014853,0,
2023-04-05T08:50:00Z,537068,0.015204,0,
2023-04-05T09:50:00Z,537074,0.018458,0,
2023-04-05T10:50:00Z,537080,0.020123,0,
2023-04-05T11:50:00Z,537086,0.009478,0,
2023-04-05T12:50:00Z,537092,0.013282,0,
2023-04-05T13:50:00Z,537098,0.012003,0,
2023-04-05T14:50:00Z,537104,0.013172,0,
2023-04-05T15:50:00Z,537110,0.013199,0,
2023-04-05T16:50:00Z,537116,0.011817,0,
2023-04-05T17:50:00Z,537122,0.012659,0,
2023-04-05T18:50:00Z,537128,0.013474,0,
2023-04-05T19:50:00Z,537134,0.009963,0,
2023-04-05T20:50:00Z,537140,0.013361,0,
2023-04-05T21:50:00Z,537146,0.010752,0,
2023-04-05T22:50:00Z,537152,0.013467,0,
2023-04-05T23:50:00Z,537158,0.012686,0,
2023-04-06T00:50:00Z,537164,0.010831,0,
2023-04-06T01:50:00Z,537170,0.013274,0,
2023-04-06T02:50:00Z,537176,0.011644,0,
2023-04-06T03:50:00Z,537182,0.010419,0,
2023-04-06T04:50:00Z,537188,0.004700,0,
2023-04-06T05:50:00Z,537194,0.008837,0,
2023-04-06T06:50:00Z,537200,0.008912,0,
2023-04-06T07:50:00Z,537206,0.008460,0,
2023-04-06T08:50:00Z,537212,0.011332,0,
2023-04-06T09:50:00Z,537218,0.008007,0,
2023-04-06T10:50:00Z,537224,0.010121,0,
2023-04-06T11:50:00Z,537230,0.011721,0,
2023-04-06T12:50:00Z,537236,0.012746,0,
2023-04-06T13:50:00Z,537242,0.011741,0,
2023-04-06T14:50:00Z,537248,0.012613,0,
2023-04-06T15:50:00Z,537254,0.010254,0,
2023-04-06T16:50:00Z,537260,0.010842,0,
2023-04-06T17:50:00Z,537266,0.010880,0,
2023-04-06T18:50:00Z,537272,0.011242,0,
2023-04-06T19:50:00Z,537278,0.011346,0,
2023-04-06T20:50:00Z,537284,0.010428,0,
2023-04-06T21:50:00Z,537290,0.009689,0,
2023-04-06T22:50:00Z,537296,0.008161,0,
2023-04-06T23:50:00Z,537302,0.007842,0,
2023-04-07T00:50:00Z,537308,0.009420,0,
2023-04-07T01:50:00Z,537314,0.009039,0,
2023-04-07T02:50:00Z,537320,0.009699,0,
2023-04-07T03:50:00Z,537326,0.011022,0,
2023-04-07T04:50:00Z,537332,0.009411,0,
2023-04-07T05:50:00Z,537338,0.009771,0,
2023-04-07T06:50:00Z,537344,0.011383,0,
2023-04-07T07:50:00Z,537350,0.006579,0,
2023-04-07T08:50:00Z,537356,0.017827,0,
2023-04-07T09:50:00Z,537362,0.020561,0,
2023-04-07T10:50:00Z,537368,0.023934,0,
2023-04-07T11:50:00Z,537374,0.017914,0,
2023-04-07T12:50:00Z,537380,0.024734,0,
2023-04-07T13:50:00Z,537386,0.019692,0,
2023-04-07T14:50:00Z,537392,0.023025,0,
2023-04-07T15:50:00Z,537398,0.020335,0,
2023-04-07T16:50:00Z,537404,0.020430,0,
2023-04-07T17:50:00Z,537410,0.022048,0,
2023-04-07T18:50:00Z,537416,0.017192,0,
2023-04-07T19:50:00Z,537422,0.019580,0,
2023-04-07T20:50:00Z,537428,0.019232,0,
2023-04-07T21:50:00Z,537434,0.020288,0,
2023-04-07T22:50:00Z,537440,0.014893,0,
2023-04-07T23:50:00Z,537446,0.015431,0,
2023-04-08T00:50:00Z,537452,0.011882,0,
2023-04-08T01:50:00Z,537458,0.012162,0,
2023-04-08T02:50:00Z,537464,0.013098,0,
2023-04-08T03:50:00Z,537470,0.007376,0,
2023-04-08T04:50:00Z,537476,0.015868,0,
2023-04-08T05:50:00Z,537482,0.019048,0,
2023-04-08T06:50:00Z,537488,0.019310,0,
2023-04-08T07:50:00Z,537494,0.014826,0,
2023-04-08T08:50:00Z,537500,0.013930,0,
2023-04-08T09:50:00Z,537506,0.014417,0,
2023-04-08T10:50:00Z,537512,0.017747,0,
2023-04-08T11:50:00Z,537518,0.013461,0,
2023-04-08T12:50:00Z,537524,0.014993,0,
2023-04-08T13:50:00Z,537530,0.013123,0,
2023-04-08T14:50:00Z,537536,0.013350,0,
2023-04-08T15:50:00Z,537542,0.016012,0,
2023-04-08T16:50:00Z,537548,0.017860,0,
2023-04-08T17:50:00Z,537554,0.017732,0,
2023-04-08T18:50:00Z,537560,0.011705,0,
2023-04-08T19:50:00Z,537566,0.009803,0,
2023-04-08T20:50:00Z,537572,0.010591,0,
2023-04-08T21:50:00Z,537578,0.007392,0,
2023-04-08T22:50:00Z,537584,0.006803,0,
2023-04-08T23:50:00Z,537590,0.004832,0,
2023-04-09T00:50:00Z,537596,0.004347,0,
2023-04-09T01:50:00Z,537602,0.007621,0,
2023-04-09T02:50:00Z,537608,0.009782,0,
2023-04-09T03:50:00Z,537614,0.011905,0,
2023-04-09T04:50:00Z,537620,0.015564,0,
2023-04-09T05:50:00Z,537626,0.014673,0,
2023-04-09T06:50:00Z,537632,0.010862,0,
2023-04-09T07:50:00Z,537638,0.009630,0,
2023-04-09T08:50:00Z,537644,0.012019,0,
2023-04-09T09:50:00Z,537650,0.014939,0,
2023-04-09T10:50:00Z,537656,0.015456,0,
2023-04-09T11:50:00Z,537662,0.015354,0,
2023-04-09T12:50:00Z,537668,0.010153,0,
2023-04-09T13:50:00Z,537674,0.010857,0,
2023-04-09T14:50:00Z,537680,0.011208,0,
2023-04-09T15:50:00Z,537686,0.007368,0,
2023-04-09T16:50:00Z,537692,0.006796,0,
2023-04-09T17:50:00Z,537698,0.009379,0,
2023-04-09T18:50:00Z,537704,0.009567,0,
2023-04-09T19:50:00Z,537710,0.008057,0,
2023-04-09T20:50:00Z,537716,0.009044,0,
2023-04-09T21:50:00Z,537722,0.007734,0,
2023-04-09T22:50:00Z,537728,0.007538,0,
2023-04-09T23:50:00Z,537734,0.006423,0,
2023-04-10T00:50:00Z,537740,0.008753,0,
2023-04-10T01:50:00Z,537746,0.008561,0,
2023-04-10T02:50:00Z,537752,0.010966,0,
2023-04-10T03:50:00Z,537758,0.011187,0,
2023-04-10T04:50:00Z,537764,0.008300,0,
2023-04-10T05:50:00Z,537770,0.012348,0,
2023-04-10T06:50:00Z,537776,0.015700,0,
2023-04-10T07:50:00Z,537782,0.015974,0,
2023-04-10T08:50:00Z,537788,0.016887,0,
2023-04-10T09:50:00Z,537794,0.011641,0,
2023-04-10T10:50:00Z,537800,0.012370,0,
2023-04-10T11:50:00Z,537806,0.017311,0,
2023-04-10T12:50:00Z,537812,0.021093,0,
2023-04-10T13:50:00Z,537818,0.024705,0,
2023-04-10T14:50:00Z,537824,0.041130,0,
2023-04-10T15:50:00Z,537830,0.049085,0,
2023-04-10T16:50:00Z,537836,0.045251,0,
2023-04-10T17:50:00Z,537842,0.049768,0,
2023-04-10T18:50:00Z,537848,0.047422,0,
2023-04-10T19:50:00Z,537854,0.051214,0,
2023-04-10T20:50:00Z,537860,0.044659,0,
2023-04-10T21:50:00Z,537866,0.045570,0,
2023-04-10T22:50:00Z,537872,0.029956,0,
2023-04-10T23:50:00Z,537878,0.029487,0,
2023-04-11T00:50:00Z,537884,0.030937,0,
2023-04-11T01:50:00Z,537890,0.030859,0,
2023-04-11T02:50:00Z,537896,0.032256,0,
2023-04-11T03:50:00Z,537902,0.034068,0,
2023-04-11T04:50:00Z,537908,0.032414,0,
2023-04-11T05:50:00Z,537914,0.032333,0,
2023-04-11T06:50:00Z,537920,0.031614,0,
2023-04-11T07:50:00Z,537926,0.031309,0,
2023-04-11T08:50:00Z,537932,0.030336,0,
2023-04-11T09:50:00Z,537938,0.028103,0,
2023-04-11T10:50:00Z,537944,0.034885,0,
2023-04-11T11:50:00Z,537950,0.030489,0,
2023-04-11T12:50:00Z,537956,0.028514,0,
2023-04-11T13:50:00Z,537962,0.030176,0,
2023-04-11T14:50:00Z,537968,0.036412,0,
2023-04-11T15:50:00Z,537974,0.037883,0,
2023-04-11T16:50:00Z,537980,0.039702,0,
2023-04-11T17:50:00Z,537986,0.042820,0,
2023-04-11T18:50:00Z,537992,0.052529,0,
2023-04-11T19:50:00Z,537998,0.048287,0,
2023-04-11T20:50:00Z,538004,0.042318,0,
2023-04-11T21:50:00Z,538010,0.035520,0,
2023-04-11T22:50:00Z,538016,0.038203,0,
2023-04-11T23:50:00Z,538022,0.041871,0,
2023-04-12T00:50:00Z,538028,0.038986,0,
2023-04-12T01:50:00Z,538034,0.037172,0,
2023-04-12T02:50:00Z,538040,0.039910,0,
2023-04-12T03:50:00Z,538046,0.033650,0,
2023-04-12T04:50:00Z,538052,0.031072,0,
2023-04-12T05:50:00Z,538058,0.034947,0,
2023-04-12T06:50:00Z,538064,0.032212,0,
2023-04-12T07:50:00Z,538070,0.043115,0,
2023-04-12T08:50:00Z,538076,0.037187,0,
2023-04-12T09:50:00Z,538082,0.054979,0,
2023-04-12T10:50:00Z,538088,0.053023,0,
2023-04-12T11:50:00Z,538094,0.053318,0,
2023-04-12T12:50:00Z,538100,0.047253,0,
2023-04-12T13:50:00Z,538106,0.046764,0,
2023-04-12T14:50:00Z,538112,0.050753,0,
2023-04-12T15:50:00Z,538118,0.048785,0,
2023-04-12T16:50:00Z,538124,0.035384,0,
2023-04-12T17:50:00Z,538130,0.036311,0,
2023-04-12T18:50:00Z,538136,0.032856,0,
2023-04-12T19:50:00Z,538142,0.035111,0,
2023-04-12T20:50:00Z,538148,0.035433,0,
2023-04-12T21:50:00Z,538154,0.035228,0,
2023-04-12T22:50:00Z,538160,0.034258,0,
2023-04-12T23:50:00Z,538166,0.033357,0,
2023-04-13T00:50:00Z,538172,0.036525,0,
2023-04-13T01:50:00Z,538178,0.035506,0,
2023-04-13T02:50:00Z,538184,0.032185,0,
2023-04-13T03:50:00Z,538190,0.034769,0,
2023-04-13T04:50:00Z,538196,0.033803,0,
2023-04-13T05:50:00Z,538202,0.034526,0,
2023-04-13T06:50:00Z,538208,0.034314,0,
2023-04-13T07:50:00Z,538214,0.028370,0,
2023-04-13T08:50:00Z,538220,0.029539,0,
2023-04-13T09:50:00Z,538226,0.026306,0,
2023-04-13T10:50:00Z,538232,0.027248,0,
2023-04-13T11:50:00Z,538238,0.037062,0,
2023-04-13T12:50:00Z,538244,0.039219,0,
2023-04-13T13:50:00Z,538250,0.037590,0,
2023-04-13T14:50:00Z,538256,0.039123,0,
2023-04-13T15:50:00Z,538262,0.039753,0,
2023-04-13T16:50:00Z,538268,0.034409,0,
2023-04-13T17:50:00Z,538274,0.019950,0,
2023-04-13T18:50:00Z,538280,0.017019,0,
2023-04-13T19:50:00Z,538286,0.011127,0,
2023-04-13T20:50:00Z,538292,0.011019,0,
2023-04-13T21:50:00Z,538298,0.016143,0,
2023-04-13T22:50:00Z,538304,0.013949,0,
2023-04-13T23:50:00Z,538310,0.011905,0,
2023-04-14T00:50:00Z,538316,0.020072,0,
2023-04-14T01:50:00Z,538322,0.017492,0,
2023-04-14T02:50:00Z,538328,0.018536,0,
2023-04-14T03:50:00Z,538334,0.016388,0,
2023-04-14T04:50:00Z,538340,0.015165,0,
2023-04-14T05:50:00Z,538346,0.015862,0,
2023-04-14T06:50:00Z,538352,0.019662,0,
2023-04-14T07:50:00Z,538358,0.020848,0,
2023-04-14T08:50:00Z,538364,0.016423,0,
2023-04-14T09:50:00Z,538370,0.022163,0,
2023-04-14T10:50:00Z,538376,0.021350,0,
2023-04-14T11:50:00Z,538382,0.016243,0,
2023-04-14T12:50:00Z,538388,0.021371,0,
2023-04-14T13:50:00Z,538394,0.018955,0,
2023-04-14T14:50:00Z,538400,0.017867,0,
2023-04-14T15:50:00Z,538406,0.015300,0,
2023-04-14T16:50:00Z,538412,0.018559,0,
2023-04-14T17:50:00Z,538418,0.015969,0,
2023-04-14T18:50:00Z,538424,0.015068,0,
2023-04-14T19:50:00Z,538430,0.013750,0,
2023-04-14T20:50:00Z,538436,0.012547,0,
2023-04-14T21:50:00Z,538442,0.012307,0,
2023-04-14T22:50:00Z,538448,0.011300,0,
2023-04-14T23:50:00Z,538454,0.011569,0,
2023-04-15T00:50:00Z,538460,0.011316,0,
2023-04-15T01:50:00Z,538466,0.011028,0,
2023-04-15T02:50:00Z,538472,0.010236,0,
2023-04-15T03:50:00Z,538478,0.010913,0,
2023-04-15T04:50:00Z,538484,0.010655,0,
2023-04-15T05:50:00Z,538490,0.010392,0,
2023-04-15T06:50:00Z,538496,0.009972,0,
2023-04-15T07:50:00Z,538502,0.010317,0,
2023-04-15T08:50:00Z,538508,0.010821,0,
2023-04-15T09:50:00Z,538514,0.010895,0,
2023-04-15T10:50:00Z,538520,0.013014,0,
2023-04-15T11:50:00Z,538526,0.013205,0,
2023-04-15T12:50:00Z,538532,0.010333,0,
2023-04-15T13:50:00Z,538538,0.013411,0,
2023-04-15T14:50:00Z,538544,0.010493,0,
2023-04-15T15:50:00Z,538550,0.013431,0,
2023-04-15T16:50:00Z,538556,0.012688,0,
2023-04-15T17:50:00Z,538562,0.013201,0,
2023-04-15T18:50:00Z,538568,0.015332,0,
2023-04-15T19:50:00Z,538574,0.013210,0,
2023-04-15T20:50:00Z,538580,0.011802,0,
2023-04-15T21:50:00Z,538586,0.013473,0,
2023-04-15T22:50:00Z,538592,0.014539,0,
2023-04-15T23:50:00Z,538598,0.014652,0,
2023-04-16T00:50:00Z,538604,0.014211,0,
2023-04-16T01:50:00Z,538610,0.015777,0,
2023-04-16T02:50:00Z,538616,0.015349,0,
2023-04-16T03:50:00Z,538622,0.019626,0,
2023-04-16T04:50:00Z,538628,0.017357,0,
2023-04-16T05:50:00Z,538634,0.018619,0,
2023-04-16T06:50:00Z,538640,0.012851,0,
2023-04-16T07:50:00Z,538646,0.015622,0,
2023-04-16T08:50:00Z,538652,0.013165,0,
2023-04-16T09:50:00Z,538658,0.015129,0,
2023-04-16T10:50:00Z,538664,0.017705,0,
2023-04-16T11:50:00Z,538670,0.019714,0,
2023-04-16T12:50:00Z,538676,0.021341,0,
2023-04-16T13:50:00Z,538682,0.012096,0,
2023-04-16T14:50:00Z,538688,0.020885,0,
2023-04-16T15:50:00Z,538694,0.022960,0,
2023-04-16T16:50:00Z,538700,0.017105,0,
2023-04-16T17:50:00Z,538706,0.020649,0,
2023-04-16T18:50:00Z,538712,0.021156,0,
2023-04-16T19:50:00Z,538718,0.025215,0,
2023-04-16T20:50:00Z,538724,0.021315,0,
2023-04-16T21:50:00Z,538730,0.015715,0,
2023-04-16T22:50:00Z,538736,0.020861,0,
2023-04-16T23:50:00Z,538742,0.017566,0,
2023-04-17T00:50:00Z,538748,0.018105,0,
2023-04-17T01:50:00Z,538754,0.018670,0,
2023-04-17T02:50:00Z,538760,0.019918,0,
2023-04-17T03:50:00Z,538766,0.021651,0,
2023-04-17T04:50:00Z,538772,0.018134,0,
2023-04-17T05:50:00Z,538778,0.017827,0,
2023-04-17T06:50:00Z,538784,0.017250,0,
2023-04-17T07:50:00Z,538790,0.018145,0,
2023-04-17T08:50:00Z,538796,0.019311,0,
2023-04-17T09:50:00Z,538802,0.012875,0,
2023-04-17T10:50:00Z,538808,0.011590,0,
2023-04-17T11:50:00Z,538814,0.010559,0,
2023-04-17T12:50:00Z,538820,0.010938,0,
2023-04-17T13:50:00Z,538826,0.009174,0,
2023-04-17T14:50:00Z,538832,0.011835,0,
2023-04-17T15:50:00Z,538838,0.011102,0,
2023-04-17T16:50:00Z,538844,0.013566,0,
2023-04-17T17:50:00Z,538850,0.010517,0,
2023-04-17T18:50:00Z,538856,0.009957,0,
2023-04-17T19:50:00Z,538862,0.010611,0,
2023-04-17T20:50:00Z,538868,0.007588,0,
2023-04-17T21:50:00Z,538874,0.008071,0,
2023-04-17T22:50:00Z,538880,0.007454,0,
2023-04-17T23:50:00Z,538886,0.006358,0,
2023-04-18T00:50:00Z,538892,0.007751,0,
2023-04-18T01:50:00Z,538898,0.007584,0,
2023-04-18T02:50:00Z,538904,0.007125,0,
2023-04-18T03:50:00Z,538910,0.007668,0,
2023-04-18T04:50:00Z,538916,0.006246,0,
2023-04-18T05:50:00Z,538922,0.008406,0,
2023-04-18T06:50:00Z,538928,0.007368,0,
2023-04-18T07:50:00Z,538934,0.009729,0,
2023-04-18T08:50:00Z,538940,0.009936,0,
2023-04-18T09:50:00Z,538946,0.012573,0,
2023-04-18T10:50:00Z,538952,0.012291,0,
2023-04-18T11:50:00Z,538958,0.013149,0,
2023-04-18T12:50:00Z,538964,0.015917,0,
2023-04-18T13:50:00Z,538970,0.020404,0,
2023-04-18T14:50:00Z,538976,0.025939,0,
2023-04-18T15:50:00Z,538982,0.027846,0,
2023-04-18T16:50:00Z,538988,0.029686,0,
2023-04-18T17:50:00Z,538994,0.027580,0,
2023-04-18T18:50:00Z,539000,0.026526,0,
2023-04-18T19:50:00Z,539006,0.022311,0,
2023-04-18T20:50:00Z,539012,0.011665,0,
2023-04-18T21:50:00Z,539018,0.008777,0,
2023-04-18T22:50:00Z,539024,0.008061,0,
2023-04-18T23:50:00Z,539030,0.006911,0,
2023-04-19T00:50:00Z,539036,0.008588,0,
2023-04-19T01:50:00Z,539042,0.008429,0,
2023-04-19T02:50:00Z,539048,0.006766,0,
2023-04-19T03:50:00Z,539054,0.006927,0,
2023-04-19T04:50:00Z,539060,0.010481,0,
2023-04-19T05:50:00Z,539066,0.008290,0,
2023-04-19T06:50:00Z,539072,0.009400,0,
2023-04-19T07:50:00Z,539078,0.006991,0,
2023-04-19T08:50:00Z,539084,0.008823,0,
2023-04-19T09:50:00Z,539090,0.010295,0,
2023-04-19T10:50:00Z,539096,0.012524,0,
2023-04-19T11:50:00Z,539102,0.012683,0,
2023-04-19T12:50:00Z,539108,0.016231,0,
2023-04-19T13:50:00Z,539114,0.018255,0,
2023-04-19T14:50:00Z,539120,0.028254,0,
2023-04-19T15:50:00Z,539126,0.032395,0,
2023-04-19T16:50:00Z,539132,0.030484,0,
2023-04-19T17:50:00Z,539138,0.029109,0,
2023-04-19T18:50:00Z,539144,0.029898,0,
2023-04-19T19:50:00Z,539150,0.033311,0,
2023-04-19T20:50:00Z,539156,0.014935,0,
2023-04-19T21:50:00Z,539162,0.009696,0,
2023-04-19T22:50:00Z,539168,0.008374,0,
2023-04-19T23:50:00Z,539174,0.008544,0,
2023-04-20T00:50:00Z,539180,0.008747,0,
2023-04-20T01:50:00Z,539186,0.007667,0,
2023-04-20T02:50:00Z,539192,0.006202,0,
2023-04-20T03:50:00Z,539198,0.006494,0,
2023-04-20T04:50:00Z,539204,0.007299,0,
2023-04-20T05:50:00Z,539210,0.007252,0,
2023-04-20T06:50:00Z,539216,0.008621,0,
2023-04-20T07:50:00Z,539222,0.005943,0,
2023-04-20T08:50:00Z,539228,0.006677,0,
2023-04-20T09:50:00Z,539234,0.010871,0,
2023-04-20T10:50:00Z,539240,0.011627,0,
2023-04-20T11:50:00Z,539246,0.014192,0,
2023-04-20T12:50:00Z,539252,0.022872,0,
2023-04-20T13:50:00Z,539258,0.028863,0,
2023-04-20T14:50:00Z,539264,0.028001,0,
2023-04-20T15:50:00Z,539270,0.022013,0,
2023-04-20T16:50:00Z,539276,0.023140,0,
2023-04-20T17:50:00Z,539282,0.020633,0,
2023-04-20T18:50:00Z,539288,0.025060,0,
2023-04-20T19:50:00Z,539294,0.021080,0,
2023-04-20T20:50:00Z,539300,0.011020,0,
2023-04-20T21:50:00Z,539306,0.006854,0,
2023-04-20T22:50:00Z,539312,0.007603,0,
2023-04-20T23:50:00Z,539318,0.011385,0,
2023-04-21T00:50:00Z,539324,0.007835,0,
2023-04-21T01:50:00Z,539330,0.005265,0,
2023-04-21T02:50:00Z,539336,0.009280,0,
2023-04-21T03:50:00Z,539342,0.008302,0,
2023-04-21T04:50:00Z,539348,0.006154,0,
2023-04-21T05:50:00Z,539354,0.006450,0,
2023-04-21T06:50:00Z,539360,0.012168,0,
2023-04-21T07:50:00Z,539366,0.015208,0,
2023-04-21T08:50:00Z,539372,0.015077,0,
2023-04-21T09:50:00Z,539378,0.010872,0,
2023-04-21T10:50:00Z,539384,0.011493,0,
2023-04-21T11:50:00Z,539390,0.016294,0,
2023-04-21T12:50:00Z,539396,0.014392,0,
2023-04-21T13:50:00Z,539402,0.012433,0,
2023-04-21T14:50:00Z,539408,0.011691,0,
2023-04-21T15:50:00Z,539414,0.009876,0,
2023-04-21T16:50:00Z,539420,0.009761,0,
2023-04-21T17:50:00Z,539426,0.007472,0,
2023-04-21T18:50:00Z,539432,0.009911,0,
2023-04-21T19:50:00Z,539438,0.012411,0,
2023-04-21T20:50:00Z,539444,0.012303,0,
2023-04-21T21:50:00Z,539450,0.010500,0,
2023-04-21T22:50:00Z,539456,0.010950,0,
2023-04-21T23:50:00Z,539462,0.015109,0,
2023-04-22T00:50:00Z,539468,0.017792,0,
2023-04-22T01:50:00Z,539474,0.012182,0,
2023-04-22T02:50:00Z,539480,0.013453,0,
2023-04-22T03:50:00Z,539486,0.011103,0,
2023-04-22T04:50:00Z,539492,0.010454,0,
2023-04-22T05:50:00Z,539498,0.013401,0,
2023-04-22T06:50:00Z,539504,0.014889,0,
2023-04-22T07:50:00Z,539510,0.014057,0,
2023-04-22T08:50:00Z,539516,0.015721,0,
2023-04-22T09:50:00Z,539522,0.013811,0,
2023-04-22T10:50:00Z,539528,0.014237,0,
2023-04-22T11:50:00Z,539534,0.017547,0,
2023-04-22T12:50:00Z,539540,0.018380,0,
2023-04-22T13:50:00Z,539546,0.014093,0,
2023-04-22T14:50:00Z,539552,0.020744,0,
2023-04-22T15:50:00Z,539558,0.018396,0,
2023-04-22T16:50:00Z,539564,0.020216,0,
2023-04-22T17:50:00Z,539570,0.013305,0,
2023-04-22T18:50:00Z,539576,0.012956,0,
2023-04-22T19:50:00Z,539582,0.016332,0,
2023-04-22T20:50:00Z,539588,0.016831,0,
2023-04-22T21:50:00Z,539594,0.017524,0,
2023-04-22T22:50:00Z,539600,0.013317,0,
2023-04-22T23:50:00Z,539606,0.014595,0,
2023-04-23T00:50:00Z,539612,0.015539,0,
2023-04-23T01:50:00Z,539618,0.015103,0,
2023-04-23T02:50:00Z,539624,0.015793,0,
2023-04-23T03:50:00Z,539630,0.018393,0,
2023-04-23T04:50:00Z,539636,0.017393,0,
2023-04-23T05:50:00Z,539642,0.012388,0,
2023-04-23T06:50:00Z,539648,0.012607,0,
2023-04-23T07:50:00Z,539654,0.012588,0,
2023-04-23T08:50:00Z,539660,0.010864,0,
2023-04-23T09:50:00Z,539666,0.012468,0,
2023-04-23T10:50:00Z,539672,0.015523,0,
2023-04-23T11:50:00Z,539678,0.014064,0,
2023-04-23T12:50:00Z,539684,0.014333,0,
2023-04-23T13:50:00Z,539690,0.012318,0,
2023-04-23T14:50:00Z,539696,0.008497,0,
2023-04-23T15:50:00Z,539702,0.008195,0,
2023-04-23T16:50:00Z,539708,0.008001,0,
2023-04-23T17:50:00Z,539714,0.006165,0,
2023-04-23T18:50:00Z,539720,0.005070,0,
2023-04-23T19:50:00Z,539726,0.006749,0,
2023-04-23T20:50:00Z,539732,0.010107,0,
2023-04-23T21:50:00Z,539738,0.008556,0,
2023-04-23T22:50:00Z,539744,0.008294,0,
2023-04-23T23:50:00Z,539750,0.011033,0,
2023-04-24T00:50:00Z,539756,0.008968,0,
2023-04-24T01:50:00Z,539762,0.007678,0,
2023-04-24T02:50:00Z,539768,0.006332,0,
2023-04-24T03:50:00Z,539774,0.007188,0,
2023-04-24T04:50:00Z,539780,0.008388,0,
2023-04-24T05:50:00Z,539786,0.006826,0,
2023-04-24T06:50:00Z,539792,0.011675,0,
2023-04-24T07:50:00Z,539798,0.014840,0,
2023-04-24T08:50:00Z,539804,0.017141,0,
2023-04-24T09:50:00Z,539810,0.019730,0,
2023-04-24T10:50:00Z,539816,0.019276,0,
2023-04-24T11:50:00Z,539822,0.019054,0,
2023-04-24T12:50:00Z,539828,0.015338,0,
2023-04-24T13:50:00Z,539834,0.015795,0,
2023-04-24T14:50:00Z,539840,0.015360,0,
2023-04-24T15:50:00Z,539846,0.017389,0,
2023-04-24T16:50:00Z,539852,0.015424,0,
2023-04-24T17:50:00Z,539858,0.009045,0,
2023-04-24T18:50:00Z,539864,0.007901,0,
2023-04-24T19:50:00Z,539870,0.007517,0,
2023-04-24T20:50:00Z,539876,0.007532,0,
2023-04-24T21:50:00Z,539882,0.006828,0,
2023-04-24T22:50:00Z,539888,0.007231,0,
2023-04-24T23:50:00Z,539894,0.010471,0,
2023-04-25T00:50:00Z,539900,0.008455,0,
2023-04-25T01:50:00Z,539906,0.008130,0,
2023-04-25T02:50:00Z,539912,0.007388,0,
2023-04-25T03:50:00Z,539918,0.002433,0,
2023-04-25T04:50:00Z,539924,0.008368,0,
2023-04-25T05:50:00Z,539930,0.008263,0,
2023-04-25T06:50:00Z,539936,0.004287,0,
2023-04-25T07:50:00Z,539942,0.008899,0,
2023-04-25T08:50:00Z,539948,0.007765,0,
2023-04-25T09:50:00Z,539954,0.007757,0,
2023-04-25T10:50:00Z,539960,0.009776,0,
2023-04-25T11:50:00Z,539966,0.010123,0,
2023-04-25T12:50:00Z,539972,0.007645,0,
2023-04-25T13:50:00Z,539978,0.008944,0,
2023-04-25T14:50:00Z,539984,0.008464,0,
2023-04-25T15:50:00Z,539990,0.009511,0,
2023-04-25T16:50:00Z,539996,0.009764,0,
2023-04-25T17:50:00Z,540002,0.010376,0,
2023-04-25T18:50:00Z,540008,0.009142,0,
2023-04-25T19:50:00Z,540014,0.011204,0,
2023-04-25T20:50:00Z,540020,0.010135,0,
2023-04-25T21:50:00Z,540026,0.009677,0,
2023-04-25T22:50:00Z,540032,0.011303,0,
2023-04-25T23:50:00Z,540038,0.011008,0,
2023-04-26T00:50:00Z,540044,0.010548,0,
2023-04-26T01:50:00Z,540050,0.010283,0,
2023-04-26T02:50:00Z,540056,0.006598,0,
2023-04-26T03:50:00Z,540062,0.009365,0,
2023-04-26T04:50:00Z,540068,0.009901,0,
2023-04-26T05:50:00Z,540074,0.009762,0,
2023-04-26T06:50:00Z,540080,0.011339,0,
2023-04-26T07:50:00Z,540086,0.011891,0,
2023-04-26T08:50:00Z,540092,0.011970,0,
2023-04-26T09:50:00Z,540098,0.012668,0,
2023-04-26T10:50:00Z,540104,0.014126,0,
2023-04-26T11:50:00Z,540110,0.009577,0,
2023-04-26T12:50:00Z,540116,0.011053,0,
2023-04-26T13:50:00Z,540122,0.014244,0,
2023-04-26T14:50:00Z,540128,0.014728,0,
2023-04-26T15:50:00Z,540134,0.017048,0,
2023-04-26T16:50:00Z,540140,0.017577,0,
2023-04-26T17:50:00Z,540146,0.018771,0,
2023-04-26T18:50:00Z,540152,0.017864,0,
2023-04-26T19:50:00Z,540158,0.017143,0,
2023-04-26T20:50:00Z,540164,0.017813,0,
2023-04-26T21:50:00Z,540170,0.020604,0,
2023-04-26T22:50:00Z,540176,0.018085,0,
2023-04-26T23:50:00Z,540182,0.015592,0,
2023-04-27T00:50:00Z,540188,0.015694,0,
2023-04-27T01:50:00Z,540194,0.014932,0,
2023-04-27T02:50:00Z,540200,0.011198,0,
2023-04-27T03:50:00Z,540206,0.014913,0,
2023-04-27T04:50:00Z,540212,0.014905,0,
2023-04-27T05:50:00Z,540218,0.012999,0,
2023-04-27T06:50:00Z,540224,0.009322,0,
2023-04-27T07:50:00Z,540230,0.011919,0,
2023-04-27T08:50:00Z,540236,0.015918,0,
2023-04-27T09:50:00Z,540242,0.011545,0,
2023-04-27T10:50:00Z,540248,0.015270,0,
2023-04-27T11:50:00Z,540254,0.020066,0,
2023-04-27T12:50:00Z,540260,0.021765,0,
2023-04-28T15:00:00Z,540409,0.008187,0,
2023-04-28T16:00:00Z,540415,0.006990,0,
2023-04-28T17:00:00Z,540421,0.006679,0,
2023-04-28T18:00:00Z,540427,0.006038,0,
2023-04-28T19:00:00Z,540433,0.007730,0,
2023-04-28T20:00:00Z,540439,0.006984,0,
2023-04-28T21:00:00Z,540445,0.011319,0,
2023-04-28T22:00:00Z,540451,0.014407,0,
2023-04-28T23:00:00Z,540457,0.015043,0,
2023-04-29T00:00:00Z,540463,0.014530,0,
2023-04-29T01:00:00Z,540469,0.020152,0,
2023-04-29T02:00:00Z,540475,0.020986,0,
2023-04-29T03:00:00Z,540481,0.018278,0,
2023-04-29T04:00:00Z,540487,0.021357,0,
2023-04-29T05:00:00Z,540493,0.019336,0,
2023-04-29T06:00:00Z,540499,0.016455,0,
2023-04-29T07:00:00Z,540505,0.017093,0,
2023-04-29T08:00:00Z,540511,0.017639,0,
2023-04-29T09:00:00Z,540517,0.018085,0,
2023-04-29T10:00:00Z,540523,0.017086,0,
2023-04-29T11:00:00Z,540529,0.017872,0,
2023-04-29T12:00:00Z,540535,0.016767,0,
2023-04-29T13:00:00Z,540541,0.022214,0,
2023-04-29T14:00:00Z,540547,0.012830,0,
2023-04-29T15:00:00Z,540553,0.023449,0,
2023-04-29T16:00:00Z,540559,0.017232,0,
2023-04-29T17:00:00Z,540565,0.016105,0,
2023-04-29T18:00:00Z,540571,0.011730,0,
2023-04-29T19:00:00Z,540577,0.012209,0,
2023-04-29T20:00:00Z,540583,0.010515,0,
2023-04-29T21:00:00Z,540589,0.012135,0,
2023-04-29T22:00:00Z,540595,0.004770,0,
2023-04-29T23:00:00Z,540601,0.005357,0,
2023-04-30T00:00:00Z,540607,0.004592,0,
2023-04-30T01:00:00Z,540613,0.005963,0,
2023-04-30T02:00:00Z,540619,0.005524,0,
2023-04-30T03:00:00Z,540625,0.005934,0,
2023-04-30T04:00:00Z,540631,0.004572,0,
2023-04-30T05:00:00Z,540637,0.005071,0,
2023-04-30T06:00:00Z,540643,0.003515,0,
2023-04-30T07:00:00Z,540649,0.002792,0,
2023-04-30T08:00:00Z,540655,0.004237,0,
2023-04-30T09:00:00Z,540661,0.006662,0,
2023-04-30T10:00:00Z,540667,0.008333,0,
2023-04-30T11:00:00Z,540673,0.007354,0,
2023-04-30T12:00:00Z,540679,0.005739,0,
2023-04-30T13:00:00Z,540685,0.004502,0,
2023-04-30T14:00:00Z,540691,0.006622,0,
2023-04-30T15:00:00Z,540697,0.013618,0,
2023-04-30T16:00:00Z,540703,0.012778,0,
2023-04-30T17:00:00Z,540709,0.005543,0,
2023-04-30T18:00:00Z,540715,0.006097,0,
2023-04-30T19:00:00Z,540721,0.007041,0,
2023-04-30T20:00:00Z,540727,0.008628,0,
2023-04-30T21:00:00Z,540733,0.009483,0,
2023-04-30T22:00:00Z,540739,0.008882,0,
2023-04-30T23:00:00Z,540745,0.010394,0,
2023-05-01T00:00:00Z,540751,0.007445,0,
2023-05-01T01:00:00Z,540757,0.008323,0,
2023-05-01T02:00:00Z,540763,0.006739,0,
2023-05-01T03:00:00Z,540769,0.007181,0,
2023-05-01T04:00:00Z,540775,0.007621,0,
2023-05-01T05:00:00Z,540781,0.008384,0,
2023-05-01T06:00:00Z,540787,0.006648,0,
2023-05-01T07:00:00Z,540793,0.006581,0,
2023-05-01T08:00:00Z,540799,0.006789,0,
2023-05-01T09:00:00Z,540805,0.008313,0,
2023-05-01T10:00:00Z,540811,0.006426,0,
2023-05-01T11:00:00Z,540817,0.007296,0,
2023-05-01T12:00:00Z,540823,0.005670,0,
2023-05-01T13:00:00Z,540829,0.005401,0,
2023-05-01T14:00:00Z,540835,0.004386,0,
2023-05-01T15:00:00Z,540841,0.006013,0,
2023-05-01T16:00:00Z,540847,0.009142,0,
2023-05-01T17:00:00Z,540853,0.007201,0,
2023-05-01T18:00:00Z,540859,0.005843,0,
2023-05-01T19:00:00Z,540865,0.006683,0,
2023-05-01T20:00:00Z,540871,0.003078,0,
2023-05-01T21:00:00Z,540877,0.003053,0,
2023-05-01T22:00:00Z,540883,0.003780,0,
2023-05-01T23:00:00Z,540889,0.004888,0,
2023-05-02T00:00:00Z,540895,0.006958,0,
2023-05-02T01:00:00Z,540901,0.005802,0,
2023-05-02T02:00:00Z,540907,0.005326,0,
2023-05-02T03:00:00Z,540913,0.008966,0,
2023-05-02T04:00:00Z,540919,0.013776,0,
2023-05-02T05:00:00Z,540925,0.012602,0,
2023-05-02T06:00:00Z,540931,0.014873,0,
2023-05-02T07:00:00Z,540937,0.010970,0,
2023-05-02T08:00:00Z,540943,0.011669,0,
2023-05-02T09:00:00Z,540949,0.012546,0,
2023-05-02T10:00:00Z,540955,0.013530,0,
2023-05-02T11:00:00Z,540961,0.013480,0,
2023-05-02T12:00:00Z,540967,0.015628,0,
2023-05-02T13:00:00Z,540973,0.017098,0,
2023-05-02T14:00:00Z,540979,0.016206,0,
2023-05-02T15:00:00Z,540985,0.014450,0,
2023-05-02T16:00:00Z,540991,0.015500,0,
2023-05-02T17:00:00Z,540997,0.015796,0,
2023-05-02T18:00:00Z,541003,0.010767,0,
2023-05-02T19:00:00Z,541009,0.010493,0,
2023-05-02T20:00:00Z,541015,0.005919,0,
2023-05-02T21:00:00Z,541021,0.005518,0,
2023-05-02T22:00:00Z,541027,0.004000,0,
2023-05-02T23:00:00Z,541033,0.005986,0,
2023-05-03T00:00:00Z,541039,0.004823,0,
2023-05-03T01:00:00Z,541045,0.005125,0,
2023-05-03T02:00:00Z,541051,0.006429,0,
2023-05-03T03:00:00Z,541057,0.004525,0,
2023-05-03T04:00:00Z,541063,0.008682,0,
2023-05-03T05:00:00Z,541069,0.007462,0,
2023-05-03T06:00:00Z,541075,0.007110,0,
2023-05-03T07:00:00Z,541081,0.011222,0,
2023-05-03T08:00:00Z,541087,0.012301,0,
2023-05-03T09:00:00Z,541093,0.011364,0,
2023-05-03T10:00:00Z,541099,0.008414,0,
2023-05-03T11:00:00Z,541105,0.008141,0,
2023-05-03T12:00:00Z,541111,0.006630,0,
2023-05-03T13:00:00Z,541117,0.009052,0,
2023-05-03T14:00:00Z,541123,0.010003,0,
2023-05-03T15:00:00Z,541129,0.009982,0,
2023-05-03T16:00:00Z,541135,0.008214,0,
2023-05-03T17:00:00Z,541141,0.009036,0,
2023-05-03T18:00:00Z,541147,0.008957,0,
2023-05-03T19:00:00Z,541153,0.009650,0,
2023-05-03T20:00:00Z,541159,0.010084,0,
2023-05-03T21:00:00Z,541165,0.011288,0,
2023-05-03T22:00:00Z,541171,0.010346,0,
2023-05-03T23:00:00Z,541177,0.007312,0,
2023-05-04T00:00:00Z,541183,0.006128,0,
2023-05-04T01:00:00Z,541189,0.006113,0,
2023-05-04T02:00:00Z,541195,0.004314,0,
2023-05-04T03:00:00Z,541201,0.003036,0,
2023-05-04T04:00:00Z,541207,0.008694,0,
2023-05-04T05:00:00Z,541213,0.008013,0,
2023-05-04T06:00:00Z,541219,0.013261,0,
2023-05-04T07:00:00Z,541225,0.016476,0,
2023-05-04T08:00:00Z,541231,0.017132,0,
2023-05-04T09:00:00Z,541237,0.018301,0,
2023-05-04T10:00:00Z,541243,0.018101,0,
2023-05-04T11:00:00Z,541249,0.018297,0,
2023-05-04T12:00:00Z,541255,0.030814,0,
2023-05-04T13:00:00Z,541261,0.033372,0,
2023-05-04T14:00:00Z,541267,0.028297,0,
2023-05-04T15:00:00Z,541273,0.019785,0,
2023-05-04T16:00:00Z,541279,0.035319,0,
2023-05-04T17:00:00Z,541285,0.028448,0,
2023-05-04T18:00:00Z,541291,0.020565,0,
2023-05-04T19:00:00Z,541297,0.016349,0,
2023-05-04T20:00:00Z,541303,0.008276,0,
2023-05-04T21:00:00Z,541309,0.010326,0,
2023-05-04T22:00:00Z,541315,0.007154,0,
2023-05-04T23:00:00Z,541321,0.006951,0,
2023-05-05T00:00:00Z,541327,0.007434,0,
2023-05-05T01:00:00Z,541333,0.006984,0,
2023-05-05T02:00:00Z,541339,0.008760,0,
2023-05-05T03:00:00Z,541345,0.008684,0,
2023-05-05T04:00:00Z,541351,0.009474,0,
2023-05-05T05:00:00Z,541357,0.008046,0,
2023-05-05T06:00:00Z,541363,0.010484,0,
2023-05-05T07:00:00Z,541369,0.008048,0,
2023-05-05T08:00:00Z,541375,0.008435,0,
2023-05-05T09:00:00Z,541381,0.011581,0,
2023-05-05T10:00:00Z,541387,0.011796,0,
2023-05-05T11:00:00Z,541393,0.011605,0,
2023-05-05T12:00:00Z,541399,0.010308,0,
2023-05-05T13:00:00Z,541405,0.008773,0,
2023-05-05T14:00:00Z,541411,0.007786,0,
2023-05-05T15:00:00Z,541417,0.006795,0,
2023-05-05T16:00:00Z,541423,0.010617,0,
2023-05-05T17:00:00Z,541429,0.014278,0,
2023-05-05T18:00:00Z,541435,0.015605,0,
2023-05-05T19:00:00Z,541441,0.017655,0,
2023-05-05T20:00:00Z,541447,0.010596,0,
2023-05-05T21:00:00Z,541453,0.008125,0,
2023-05-05T22:00:00Z,541459,0.008617,0,
2023-05-05T23:00:00Z,541465,0.007543,0,
2023-05-06T00:00:00Z,541471,0.006627,0,
2023-05-06T01:00:00Z,541477,0.008015,0,
2023-05-06T02:00:00Z,541483,0.008582,0,
2023-05-06T03:00:00Z,541489,0.008202,0,
2023-05-06T04:00:00Z,541495,0.007304,0,
2023-05-06T05:00:00Z,541501,0.012561,0,
2023-05-06T06:00:00Z,541507,0.015449,0,
2023-05-06T07:00:00Z,541513,0.015935,0,
2023-05-06T08:00:00Z,541519,0.021378,0,
2023-05-06T09:00:00Z,541525,0.017651,0,
2023-05-06T10:00:00Z,541531,0.015772,0,
2023-05-06T11:00:00Z,541537,0.011722,0,
2023-05-06T12:00:00Z,541543,0.008708,0,
2023-05-06T13:00:00Z,541549,0.010176,0,
2023-05-06T14:00:00Z,541555,0.010252,0,
2023-05-06T15:00:00Z,541561,0.009264,0,
2023-05-06T16:00:00Z,541567,0.009993,0,
2023-05-06T17:00:00Z,541573,0.007815,0,
2023-05-06T18:00:00Z,541579,0.009061,0,
2023-05-06T19:00:00Z,541585,0.008203,0,
2023-05-06T20:00:00Z,541591,0.007588,0,
2023-05-06T21:00:00Z,541597,0.008707,0,
2023-05-06T22:00:00Z,541603,0.009211,0,
2023-05-06T23:00:00Z,541609,0.006963,0,
2023-05-07T00:00:00Z,541615,0.010306,0,
2023-05-07T01:00:00Z,541621,0.007455,0,
2023-05-07T02:00:00Z,541627,0.014423,0,
2023-05-07T03:00:00Z,541633,0.018304,0,
2023-05-07T04:00:00Z,541639,0.019098,0,
2023-05-07T05:00:00Z,541645,0.014014,0,
2023-05-07T06:00:00Z,541651,0.013025,0,
2023-05-07T07:00:00Z,541657,0.016520,0,
2023-05-07T08:00:00Z,541663,0.014219,0,
2023-05-07T09:00:00Z,541669,0.015153,0,
2023-05-07T10:00:00Z,541675,0.011183,0,
2023-05-07T11:00:00Z,541681,0.009271,0,
2023-05-07T12:00:00Z,541687,0.006905,0,
2023-05-07T13:00:00Z,541693,0.006532,0,
2023-05-07T14:00:00Z,541699,0.009617,0,
2023-05-07T15:00:00Z,541705,0.009924,0,
2023-05-07T16:00:00Z,541711,0.008523,0,
2023-05-07T17:00:00Z,541717,0.005396,0,
2023-05-07T18:00:00Z,541723,0.004693,0,
2023-05-07T19:00:00Z,541729,0.004488,0,
2023-05-07T20:00:00Z,541735,0.004826,0,
2023-05-07T21:00:00Z,541741,0.003556,0,
2023-05-07T22:00:00Z,541747,0.007496,0,
2023-05-07T23:00:00Z,541753,0.007158,0,
2023-05-08T00:00:00Z,541759,0.004695,0,
2023-05-08T01:00:00Z,541765,0.003729,0,
2023-05-08T02:00:00Z,541771,0.004239,0,
2023-05-08T03:00:00Z,541777,0.004291,0,
2023-05-08T04:00:00Z,541783,0.005795,0,
2023-05-08T05:00:00Z,541789,0.005924,0,
2023-05-08T06:00:00Z,541795,0.006143,0,
2023-05-08T07:00:00Z,541801,0.005859,0,
2023-05-08T08:00:00Z,541807,0.005703,0,
2023-05-08T09:00:00Z,541813,0.005124,0,
2023-05-08T10:00:00Z,541819,0.006204,0,
2023-05-08T11:00:00Z,541825,0.006362,0,
2023-05-08T12:00:00Z,541831,0.008011,0,
2023-05-08T13:00:00Z,541837,0.010101,0,
2023-05-08T14:00:00Z,541843,0.012768,0,
2023-05-08T15:00:00Z,541849,0.017798,0,
2023-05-08T16:00:00Z,541855,0.017644,0,
2023-05-08T17:00:00Z,541861,0.016602,0,
2023-05-08T18:00:00Z,541867,0.018760,0,
2023-05-08T19:00:00Z,541873,0.009581,0,
2023-05-08T20:00:00Z,541879,0.007460,0,
2023-05-08T21:00:00Z,541885,0.006936,0,
2023-05-08T22:00:00Z,541891,0.009422,0,
2023-05-08T23:00:00Z,541897,0.010871,0,
2023-05-09T00:00:00Z,541903,0.011369,0,
2023-05-09T01:00:00Z,541909,0.010516,0,
2023-05-09T02:00:00Z,541915,0.009690,0,
2023-05-09T03:00:00Z,541921,0.008644,0,
2023-05-09T04:00:00Z,541927,0.009090,0,
2023-05-09T05:00:00Z,541933,0.008857,0,
2023-05-09T06:00:00Z,541939,0.007183,0,
2023-05-09T07:00:00Z,541945,0.006542,0,
2023-05-09T08:00:00Z,541951,0.006324,0,
2023-05-09T09:00:00Z,541957,0.007787,0,
2023-05-09T10:00:00Z,541963,0.010308,0,
2023-05-09T11:00:00Z,541969,0.009936,0,
2023-05-09T12:00:00Z,541975,0.012498,0,
2023-05-09T13:00:00Z,541981,0.018553,0,
2023-05-09T14:00:00Z,541987,0.021582,0,
2023-05-09T15:00:00Z,541993,0.020944,0,
2023-05-09T16:00:00Z,541999,0.013019,0,
2023-05-09T17:00:00Z,542005,0.016052,0,
2023-05-09T18:00:00Z,542011,0.015398,0,
2023-05-09T19:00:00Z,542017,0.018788,0,
2023-05-09T20:00:00Z,542023,0.013599,0,
2023-05-09T21:00:00Z,542029,0.013470,0,
2023-05-09T22:00:00Z,542035,0.007209,0,
2023-05-09T23:00:00Z,542041,0.006360,0,
2023-05-10T00:00:00Z,542047,0.004314,0,
2023-05-10T01:00:00Z,542053,0.004093,0,
2023-05-10T02:00:00Z,542059,0.004997,0,
2023-05-10T03:00:00Z,542065,0.004547,0,
2023-05-10T04:00:00Z,542071,0.005664,0,
2023-05-10T05:00:00Z,542077,0.006278,0,
2023-05-10T06:00:00Z,542083,0.008158,0,
2023-05-10T07:00:00Z,542089,0.006734,0,
2023-05-10T08:00:00Z,542095,0.005165,0,
2023-05-10T09:00:00Z,542101,0.006167,0,
2023-05-10T10:00:00Z,542107,0.005731,0,
2023-05-10T11:00:00Z,542113,0.006497,0,
2023-05-10T12:00:00Z,542119,0.005975,0,
2023-05-10T13:00:00Z,542125,0.004630,0,
2023-05-10T14:00:00Z,542131,0.004790,0,
2023-05-10T15:00:00Z,542137,0.005793,0,
2023-05-10T16:00:00Z,542143,0.006262,0,
2023-05-10T17:00:00Z,542149,0.005203,0,
2023-05-10T18:00:00Z,542155,0.005743,0,
2023-05-10T19:00:00Z,542161,0.009713,0,
2023-05-10T20:00:00Z,542167,0.011822,0,
2023-05-10T21:00:00Z,542173,0.018626,0,
2023-05-10T22:00:00Z,542179,0.015145,0,
2023-05-10T23:00:00Z,542185,0.013487,0,
2023-05-11T00:00:00Z,542191,0.013073,0,
2023-05-11T01:00:00Z,542197,0.008217,0,
2023-05-11T02:00:00Z,542203,0.006717,0,
2023-05-11T03:00:00Z,542209,0.009586,0,
2023-05-11T04:00:00Z,542215,0.009281,0,
2023-05-11T05:00:00Z,542221,0.009199,0,
2023-05-11T06:00:00Z,542227,0.007850,0,
2023-05-11T07:00:00Z,542233,0.010590,0,
2023-05-11T08:00:00Z,542239,0.014033,0,
2023-05-11T09:00:00Z,542245,0.017258,0,
2023-05-11T10:00:00Z,542251,0.020717,0,
2023-05-11T11:00:00Z,542257,0.024187,0,
2023-05-11T12:00:00Z,542263,0.025041,0,
2023-05-11T13:00:00Z,542269,0.020733,0,
2023-05-11T14:00:00Z,542275,0.020170,0,
2023-05-11T15:00:00Z,542281,0.017887,0,
2023-05-11T16:00:00Z,542287,0.014922,0,
2023-05-11T17:00:00Z,542293,0.013333,0,
2023-05-11T18:00:00Z,542299,0.010374,0,
2023-05-11T19:00:00Z,542305,0.006265,0,
2023-05-11T20:00:00Z,542311,0.005907,0,
2023-05-11T21:00:00Z,542317,0.009450,0,
2023-05-11T22:00:00Z,542323,0.007736,0,
2023-05-11T23:00:00Z,542329,0.007705,0,
2023-05-12T00:00:00Z,542335,0.005273,0,
2023-05-12T01:00:00Z,542341,0.004904,0,
2023-05-12T02:00:00Z,542347,0.006068,0,
2023-05-12T03:00:00Z,542353,0.005877,0,
2023-05-12T04:00:00Z,542359,0.005215,0,
2023-05-12T05:00:00Z,542365,0.004815,0,
2023-05-12T06:00:00Z,542371,0.004654,0,
2023-05-12T07:00:00Z,542377,0.004398,0,
2023-05-12T08:00:00Z,542383,0.005404,0,
2023-05-12T09:00:00Z,542389,0.006006,0,
2023-05-12T10:00:00Z,542395,0.007185,0,
2023-05-12T11:00:00Z,542401,0.006317,0,
2023-05-12T12:00:00Z,542407,0.007405,0,
2023-05-12T13:00:00Z,542413,0.009059,0,
2023-05-12T14:00:00Z,542419,0.007332,0,
2023-05-12T15:00:00Z,542425,0.010043,0,
2023-05-12T16:00:00Z,542431,0.012774,0,
2023-05-12T17:00:00Z,542437,0.014997,0,
2023-05-12T18:00:00Z,542443,0.015578,0,
2023-05-12T19:00:00Z,542449,0.016603,0,
2023-05-12T20:00:00Z,542455,0.016403,0,
2023-05-12T21:00:00Z,542461,0.016814,0,
2023-05-12T22:00:00Z,542467,0.016448,0,
2023-05-12T23:00:00Z,542473,0.015544,0,
2023-05-13T00:00:00Z,542479,0.010717,0,
2023-05-13T01:00:00Z,542485,0.009769,0,
2023-05-13T02:00:00Z,542491,0.008263,0,
2023-05-13T03:00:00Z,542497,0.006964,0,
2023-05-13T04:00:00Z,542503,0.005714,0,
2023-05-13T05:00:00Z,542509,0.006133,0,
2023-05-13T06:00:00Z,542515,0.005893,0,
2023-05-13T07:00:00Z,542521,0.005671,0,
2023-05-13T08:00:00Z,542527,0.007241,0,
2023-05-13T09:00:00Z,542533,0.005218,0,
2023-05-13T10:00:00Z,542539,0.006672,0,
2023-05-13T11:00:00Z,542545,0.005917,0,
2023-05-13T12:00:00Z,542551,0.006181,0,
2023-05-13T13:00:00Z,542557,0.007124,0,
2023-05-13T14:00:00Z,542563,0.010262,0,
2023-05-13T15:00:00Z,542569,0.010234,0,
2023-05-13T16:00:00Z,542575,0.009449,0,
2023-05-13T17:00:00Z,542581,0.012158,0,
2023-05-13T18:00:00Z,542587,0.009573,0,
2023-05-13T19:00:00Z,542593,0.011644,0,
2023-05-13T20:00:00Z,542599,0.013145,0,
2023-05-13T21:00:00Z,542605,0.012079,0,
2023-05-13T22:00:00Z,542611,0.017112,0,
2023-05-13T23:00:00Z,542617,0.015699,0,
2023-05-14T00:00:00Z,542623,0.011841,0,
2023-05-14T01:00:00Z,542629,0.010145,0,
2023-05-14T02:00:00Z,542635,0.010888,0,
2023-05-14T03:00:00Z,542641,0.010581,0,
2023-05-14T04:00:00Z,542647,0.010706,0,
2023-05-14T05:00:00Z,542653,0.012191,0,
2023-05-14T06:00:00Z,542659,0.011951,0,
2023-05-14T07:00:00Z,542665,0.013108,0,
2023-05-14T08:00:00Z,542671,0.015723,0,
2023-05-14T09:00:00Z,542677,0.016848,0,
2023-05-14T10:00:00Z,542683,0.016591,0,
2023-05-14T11:00:00Z,542689,0.015112,0,
2023-05-14T12:00:00Z,542695,0.011654,0,
2023-05-14T13:00:00Z,542701,0.014237,0,
2023-05-14T14:00:00Z,542707,0.020122,0,
2023-05-14T15:00:00Z,542713,0.014673,0,
2023-05-14T16:00:00Z,542719,0.012560,0,
2023-05-14T17:00:00Z,542725,0.013948,0,
2023-05-14T18:00:00Z,542731,0.010859,0,
2023-05-14T19:00:00Z,542737,0.012617,0,
2023-05-14T20:00:00Z,542743,0.008305,0,
2023-05-14T21:00:00Z,542749,0.006542,0,
2023-05-14T22:00:00Z,542755,0.005647,0,
2023-05-14T23:00:00Z,542761,0.005785,0,
2023-05-15T00:00:00Z,542767,0.006246,0,
2023-05-15T01:00:00Z,542773,0.005224,0,
2023-05-15T02:00:00Z,542779,0.005753,0,
2023-05-15T03:00:00Z,542785,0.004164,0,
2023-05-15T04:00:00Z,542791,0.005098,0,
2023-05-15T05:00:00Z,542797,0.007645,0,
2023-05-15T06:00:00Z,542803,0.007573,0,
2023-05-15T07:00:00Z,542809,0.007265,0,
2023-05-15T08:00:00Z,542815,0.008064,0,
2023-05-15T09:00:00Z,542821,0.009633,0,
2023-05-15T10:00:00Z,542827,0.008017,0,
2023-05-15T11:00:00Z,542833,0.007666,0,
2023-05-15T12:00:00Z,542839,0.008167,0,
2023-05-15T13:00:00Z,542845,0.008025,0,
2023-05-15T14:00:00Z,542851,0.006222,0,
2023-05-15T15:00:00Z,542857,0.006151,0,
2023-05-15T16:00:00Z,542863,0.006022,0,
2023-05-15T17:00:00Z,542869,0.007269,0,
2023-05-15T18:00:00Z,542875,0.008190,0,
2023-05-15T19:00:00Z,542881,0.009838,0,
2023-05-15T20:00:00Z,542887,0.014265,0,
2023-05-15T21:00:00Z,542893,0.014614,0,
2023-05-15T22:00:00Z,542899,0.018059,0,
2023-05-15T23:00:00Z,542905,0.014841,0,
2023-05-16T00:00:00Z,542911,0.011061,0,
2023-05-16T01:00:00Z,542917,0.008792,0,
2023-05-16T02:00:00Z,542923,0.009366,0,
2023-05-16T03:00:00Z,542929,0.007133,0,
2023-05-16T04:00:00Z,542935,0.006727,0,
2023-05-16T05:00:00Z,542941,0.006906,0,
2023-05-16T06:00:00Z,542947,0.007625,0,
2023-05-16T07:00:00Z,542953,0.006575,0,
2023-05-16T08:00:00Z,542959,0.008508,0,
2023-05-16T09:00:00Z,542965,0.006196,0,
2023-05-16T10:00:00Z,542971,0.005306,0,
2023-05-16T11:00:00Z,542977,0.005259,0,
2023-05-16T12:00:00Z,542983,0.004711,0,
2023-05-16T13:00:00Z,542989,0.005077,0,
2023-05-16T14:00:00Z,542995,0.005804,0,
2023-05-16T15:00:00Z,543001,0.004847,0,
2023-05-16T16:00:00Z,543007,0.004115,0,
2023-05-16T17:00:00Z,543013,0.005413,0,
2023-05-16T18:00:00Z,543019,0.003903,0,
2023-05-16T19:00:00Z,543025,0.004823,0,
2023-05-16T20:00:00Z,543031,0.005508,0,
2023-05-16T21:00:00Z,543037,0.004904,0,
2023-05-16T22:00:00Z,543043,0.005429,0,
2023-05-16T23:00:00Z,543049,0.003617,0,
2023-05-17T00:00:00Z,543055,0.003716,0,
2023-05-17T01:00:00Z,543061,0.004635,0,
2023-05-17T02:00:00Z,543067,0.004639,0,
2023-05-17T03:00:00Z,543073,0.004453,0,
2023-05-17T04:00:00Z,543079,0.005327,0,
2023-05-17T05:00:00Z,543085,0.004480,0,
2023-05-17T06:00:00Z,543091,0.005568,0,
2023-05-17T07:00:00Z,543097,0.007077,0,
2023-05-17T08:00:00Z,543103,0.013395,0,
2023-05-17T09:00:00Z,543109,0.015266,0,
2023-05-17T10:00:00Z,543115,0.023321,0,
2023-05-17T11:00:00Z,543121,0.023047,0,
2023-05-17T12:00:00Z,543127,0.028242,0,
2023-05-17T13:00:00Z,543133,0.028542,0,
2023-05-17T14:00:00Z,543139,0.026134,0,
2023-05-17T15:00:00Z,543145,0.019943,0,
2023-05-17T16:00:00Z,543151,0.016885,0,
2023-05-17T17:00:00Z,543157,0.013734,0,
2023-05-17T18:00:00Z,543163,0.013590,0,
2023-05-17T19:00:00Z,543169,0.015711,0,
2023-05-17T20:00:00Z,543175,0.016578,0,
2023-05-17T21:00:00Z,543181,0.011776,0,
2023-05-17T22:00:00Z,543187,0.011631,0,
2023-05-17T23:00:00Z,543193,0.010357,0,
2023-05-18T00:00:00Z,543199,0.008742,0,
2023-05-18T01:00:00Z,543205,0.009665,0,
2023-05-18T02:00:00Z,543211,0.008399,0,
2023-05-18T03:00:00Z,543217,0.007878,0,
2023-05-18T04:00:00Z,543223,0.008608,0,
2023-05-18T05:00:00Z,543229,0.009965,0,
2023-05-18T06:00:00Z,543235,0.010640,0,
2023-05-18T07:00:00Z,543241,0.013741,0,
2023-05-18T08:00:00Z,543247,0.019253,0,
2023-05-18T09:00:00Z,543253,0.019725,0,
2023-05-18T10:00:00Z,543259,0.019918,0,
2023-05-18T11:00:00Z,543265,0.021819,0,
2023-05-18T12:00:00Z,543271,0.022291,0,
2023-05-18T13:00:00Z,543277,0.022614,0,
2023-05-18T14:00:00Z,543283,0.023613,0,
2023-05-18T15:00:00Z,543289,0.023791,0,
2023-05-18T16:00:00Z,543295,0.023063,0,
2023-05-18T17:00:00Z,543301,0.022843,0,
2023-05-18T18:00:00Z,543307,0.020650,0,
2023-05-18T19:00:00Z,543313,0.014379,0,
2023-05-18T20:00:00Z,543319,0.013264,0,
2023-05-18T21:00:00Z,543325,0.006644,0,
2023-05-18T22:00:00Z,543331,0.007258,0,
2023-05-18T23:00:00Z,543337,0.005476,0,
2023-05-19T00:00:00Z,543343,0.007692,0,
2023-05-19T01:00:00Z,543349,0.006680,0,
2023-05-19T02:00:00Z,543355,0.008843,0,
2023-05-19T03:00:00Z,543361,0.009081,0,
2023-05-19T04:00:00Z,543367,0.011375,0,
2023-05-19T05:00:00Z,543373,0.013634,0,
2023-05-19T06:00:00Z,543379,0.017006,0,
2023-05-19T07:00:00Z,543385,0.017159,0,
2023-05-19T08:00:00Z,543391,0.016094,0,
2023-05-19T09:00:00Z,543397,0.016506,0,
2023-05-19T10:00:00Z,543403,0.017739,0,
2023-05-19T11:00:00Z,543409,0.015169,0,
2023-05-19T12:00:00Z,543415,0.021016,0,
2023-05-19T13:00:00Z,543421,0.020114,0,
2023-05-19T14:00:00Z,543427,0.016818,0,
2023-05-19T15:00:00Z,543433,0.017892,0,
2023-05-19T16:00:00Z,543439,0.011163,0,
2023-05-19T17:00:00Z,543445,0.012509,0,
2023-05-19T18:00:00Z,543451,0.009524,0,
2023-05-19T19:00:00Z,543457,0.008252,0,
2023-05-19T20:00:00Z,543463,0.005375,0,
2023-05-19T21:00:00Z,543469,0.004331,0,
2023-05-19T22:00:00Z,543475,0.005425,0,
2023-05-19T23:00:00Z,543481,0.007788,0,
2023-05-20T00:00:00Z,543487,0.009038,0,
2023-05-20T01:00:00Z,543493,0.008644,0,
2023-05-20T02:00:00Z,543499,0.005730,0,
2023-05-20T03:00:00Z,543505,0.006800,0,
2023-05-20T04:00:00Z,543511,0.007166,0,
2023-05-20T05:00:00Z,543517,0.008482,0,
2023-05-20T06:00:00Z,543523,0.007109,0,
2023-05-20T07:00:00Z,543529,0.006942,0,
2023-05-20T08:00:00Z,543535,0.006245,0,
2023-05-20T09:00:00Z,543541,0.005651,0,
2023-05-20T10:00:00Z,543547,0.004935,0,
2023-05-20T11:00:00Z,543553,0.005574,0,
2023-05-20T12:00:00Z,543559,0.005921,0,
2023-05-20T13:00:00Z,543565,0.006721,0,
2023-05-20T14:00:00Z,543571,0.011280,0,
2023-05-20T15:00:00Z,543577,0.011935,0,
2023-05-20T16:00:00Z,543583,0.009111,0,
2023-05-20T17:00:00Z,543589,0.007655,0,
2023-05-20T18:00:00Z,543595,0.006568,0,
2023-05-20T19:00:00Z,543601,0.005466,0,
2023-05-20T20:00:00Z,543607,0.005856,0,
2023-05-20T21:00:00Z,543613,0.007885,0,
2023-05-20T22:00:00Z,543619,0.003712,0,
2023-05-20T23:00:00Z,543625,0.003715,0,
2023-05-21T00:00:00Z,543631,0.004387,0,
2023-05-21T01:00:00Z,543637,0.004366,0,
2023-05-21T02:00:00Z,543643,0.004444,0,
2023-05-21T03:00:00Z,543649,0.004330,0,
2023-05-21T04:00:00Z,543655,0.004170,0,
2023-05-21T05:00:00Z,543661,0.004581,0,
2023-05-21T06:00:00Z,543667,0.005339,0,
2023-05-21T07:00:00Z,543673,0.007604,0,
2023-05-21T08:00:00Z,543679,0.008324,0,
2023-05-21T09:00:00Z,543685,0.005940,0,
2023-05-21T10:00:00Z,543691,0.006130,0,
2023-05-21T11:00:00Z,543697,0.005376,0,
2023-05-21T12:00:00Z,543703,0.005228,0,
2023-05-21T13:00:00Z,543709,0.008468,0,
2023-05-21T14:00:00Z,543715,0.010185,0,
2023-05-21T15:00:00Z,543721,0.007696,0,
2023-05-21T16:00:00Z,543727,0.009166,0,
2023-05-21T17:00:00Z,543733,0.007688,0,
2023-05-21T18:00:00Z,543739,0.009133,0,
2023-05-21T19:00:00Z,543745,0.007690,0,
2023-05-21T20:00:00Z,543751,0.004971,0,
2023-05-21T21:00:00Z,543757,0.006406,0,
2023-05-21T22:00:00Z,543763,0.007697,0,
2023-05-21T23:00:00Z,543769,0.003683,0,
2023-05-22T00:00:00Z,543775,0.003399,0,
2023-05-22T01:00:00Z,543781,0.004344,0,
2023-05-22T02:00:00Z,543787,0.006482,0,
2023-05-22T03:00:00Z,543793,0.004556,0,
2023-05-22T04:00:00Z,543799,0.005105,0,
2023-05-22T05:00:00Z,543805,0.006591,0,
2023-05-22T06:00:00Z,543811,0.004931,0,
2023-05-22T07:00:00Z,543817,0.004926,0,
2023-05-22T08:00:00Z,543823,0.004968,0,
2023-05-22T09:00:00Z,543829,0.004232,0,
2023-05-22T10:00:00Z,543835,0.003772,0,
2023-05-22T11:00:00Z,543841,0.003775,0,
2023-05-22T12:00:00Z,543847,0.007616,0,
2023-05-22T13:00:00Z,543853,0.007233,0,
2023-05-22T14:00:00Z,543859,0.006830,0,
2023-05-22T15:00:00Z,543865,0.006023,0,
2023-05-22T16:00:00Z,543871,0.003758,0,
2023-05-22T17:00:00Z,543877,0.004125,0,
2023-05-22T18:00:00Z,543883,0.004306,0,
2023-05-22T19:00:00Z,543889,0.003350,0,
2023-05-22T20:00:00Z,543895,0.007602,0,
2023-05-22T21:00:00Z,543901,0.008086,0,
2023-05-22T22:00:00Z,543907,0.005055,0,
2023-05-22T23:00:00Z,543913,0.005143,0,
2023-05-23T00:00:00Z,543919,0.005979,0,
2023-05-23T01:00:00Z,543925,0.006649,0,
2023-05-23T02:00:00Z,543931,0.005832,0,
2023-05-23T03:00:00Z,543937,0.005065,0,
2023-05-23T04:00:00Z,543943,0.008277,0,
2023-05-23T05:00:00Z,543949,0.005130,0,
2023-05-23T06:00:00Z,543955,0.006210,0,
2023-05-23T07:00:00Z,543961,0.006745,0,
2023-05-23T08:00:00Z,543967,0.010122,0,
2023-05-23T09:00:00Z,543973,0.011420,0,
2023-05-23T10:00:00Z,543979,0.013817,0,
2023-05-23T11:00:00Z,543985,0.012360,0,
2023-05-23T12:00:00Z,543991,0.011839,0,
2023-05-23T13:00:00Z,543997,0.012847,0,
2023-05-23T14:00:00Z,544003,0.013525,0,
2023-05-23T15:00:00Z,544009,0.011232,0,
2023-05-23T16:00:00Z,544015,0.010229,0,
2023-05-23T17:00:00Z,544021,0.008383,0,
2023-05-23T18:00:00Z,544027,0.009888,0,
2023-05-23T19:00:00Z,544033,0.008711,0,
2023-05-23T20:00:00Z,544039,0.008646,0,
2023-05-23T21:00:00Z,544045,0.009190,0,
2023-05-23T22:00:00Z,544051,0.008991,0,
2023-05-23T23:00:00Z,544057,0.004825,0,
2023-05-24T00:00:00Z,544063,0.003937,0,
2023-05-24T01:00:00Z,544069,0.006161,0,
2023-05-24T02:00:00Z,544075,0.004118,0,
2023-05-24T03:00:00Z,544081,0.004268,0,
2023-05-24T04:00:00Z,544087,0.003414,0,
2023-05-24T05:00:00Z,544093,0.003848,0,
2023-05-24T06:00:00Z,544099,0.003536,0,
2023-05-24T07:00:00Z,544105,0.003159,0,
2023-05-24T08:00:00Z,544111,0.003693,0,
2023-05-24T09:00:00Z,544117,0.002897,0,
2023-05-24T10:00:00Z,544123,0.006238,0,
2023-05-24T11:00:00Z,544129,0.008560,0,
2023-05-24T12:00:00Z,544135,0.008315,0,
2023-05-24T13:00:00Z,544141,0.007519,0,
2023-05-24T14:00:00Z,544147,0.007986,0,
2023-05-24T15:00:00Z,544153,0.005845,0,
2023-05-24T16:00:00Z,544159,0.004480,0,
2023-05-24T17:00:00Z,544165,0.004786,0,
2023-05-24T18:00:00Z,544171,0.007363,0,
2023-05-24T19:00:00Z,544177,0.005100,0,
2023-05-24T20:00:00Z,544183,0.004616,0,
2023-05-24T21:00:00Z,544189,0.004459,0,
2023-05-24T22:00:00Z,544195,0.005222,0,
2023-05-24T23:00:00Z,544201,0.005625,0,
2023-05-25T00:00:00Z,544207,0.008935,0,
2023-05-25T01:00:00Z,544213,0.007795,0,
2023-05-25T02:00:00Z,544219,0.009095,0,
2023-05-25T03:00:00Z,544225,0.011023,0,
2023-05-25T04:00:00Z,544231,0.009694,0,
2023-05-25T05:00:00Z,544237,0.009976,0,
2023-05-25T06:00:00Z,544243,0.007247,0,
2023-05-25T07:00:00Z,544249,0.012313,0,
2023-05-25T08:00:00Z,544255,0.010204,0,
2023-05-25T09:00:00Z,544261,0.009258,0,
2023-05-25T10:00:00Z,544267,0.006186,0,
2023-05-25T11:00:00Z,544273,0.004727,0,
2023-05-25T12:00:00Z,544279,0.005084,0,
2023-05-25T13:00:00Z,544285,0.003921,0,
2023-05-25T14:00:00Z,544291,0.005579,0,
2023-05-25T15:00:00Z,544297,0.006345,0,
2023-05-25T16:00:00Z,544303,0.007592,0,
2023-05-25T17:00:00Z,544309,0.008065,0,
2023-05-25T18:00:00Z,544315,0.008771,0,
2023-05-25T19:00:00Z,544321,0.006776,0,
2023-05-25T20:00:00Z,544327,0.006881,0,
2023-05-25T21:00:00Z,544333,0.008046,0,
2023-05-25T22:00:00Z,544339,0.009106,0,
2023-05-25T23:00:00Z,544345,0.009104,0,
2023-05-26T00:00:00Z,544351,0.005869,0,
2023-05-26T01:00:00Z,544357,0.005038,0,
2023-05-26T02:00:00Z,544363,0.005287,0,
2023-05-26T03:00:00Z,544369,0.004113,0,
2023-05-26T04:00:00Z,544375,0.003951,0,
2023-05-26T05:00:00Z,544381,0.004010,0,
2023-05-26T06:00:00Z,544387,0.006555,0,
2023-05-26T07:00:00Z,544393,0.010010,0,
2023-05-26T08:00:00Z,544399,0.007714,0,
2023-05-26T09:00:00Z,544405,0.013061,0,
2023-05-26T10:00:00Z,544411,0.008623,0,
2023-05-26T11:00:00Z,544417,0.011727,0,
2023-05-26T12:00:00Z,544423,0.011115,0,
2023-05-26T13:00:00Z,544429,0.006624,0,
2023-05-26T14:00:00Z,544435,0.005007,0,
2023-05-26T15:00:00Z,544441,0.005724,0,
2023-05-26T16:00:00Z,544447,0.006539,0,
2023-05-26T17:00:00Z,544453,0.011508,0,
2023-05-26T18:00:00Z,544459,0.010545,0,
2023-05-26T19:00:00Z,544465,0.009220,0,
2023-05-26T20:00:00Z,544471,0.009198,0,
2023-05-26T21:00:00Z,544477,0.007799,0,
2023-05-26T22:00:00Z,544483,0.008908,0,
2023-05-26T23:00:00Z,544489,0.003298,0,
2023-05-27T00:00:00Z,544495,0.003634,0,
2023-05-27T01:00:00Z,544501,0.005637,0,
2023-05-27T02:00:00Z,544507,0.005056,0,
2023-05-27T03:00:00Z,544513,0.006534,0,
2023-05-27T04:00:00Z,544519,0.004351,0,
2023-05-27T05:00:00Z,544525,0.005617,0,
2023-05-27T06:00:00Z,544531,0.007759,0,
2023-05-27T07:00:00Z,544537,0.011953,0,
2023-05-27T08:00:00Z,544543,0.013140,0,
2023-05-27T09:00:00Z,544549,0.014618,0,
2023-05-27T10:00:00Z,544555,0.016780,0,
2023-05-27T11:00:00Z,544561,0.017066,0,
2023-05-27T12:00:00Z,544567,0.014431,0,
2023-05-27T13:00:00Z,544573,0.016085,0,
2023-05-27T14:00:00Z,544579,0.018738,0,
2023-05-27T15:00:00Z,544585,0.017567,0,
2023-05-27T16:00:00Z,544591,0.018515,0,
2023-05-27T17:00:00Z,544597,0.012773,0,
2023-05-27T18:00:00Z,544603,0.012518,0,
2023-05-27T19:00:00Z,544609,0.007704,0,
2023-05-27T20:00:00Z,544615,0.009572,0,
2023-05-27T21:00:00Z,544621,0.007498,0,
2023-05-27T22:00:00Z,544627,0.007726,0,
2023-05-27T23:00:00Z,544633,0.008343,0,
2023-05-28T00:00:00Z,544639,0.007669,0,
2023-05-28T01:00:00Z,544645,0.005760,0,
2023-05-28T02:00:00Z,544651,0.005465,0,
2023-05-28T03:00:00Z,544657,0.005275,0,
2023-05-28T04:00:00Z,544663,0.003663,0,
2023-05-28T05:00:00Z,544669,0.004491,0,
2023-05-28T06:00:00Z,544675,0.004508,0,
2023-05-28T07:00:00Z,544681,0.004122,0,
2023-05-28T08:00:00Z,544687,0.004551,0,
2023-05-28T09:00:00Z,544693,0.004079,0,
2023-05-28T10:00:00Z,544699,0.004377,0,
2023-05-28T11:00:00Z,544705,0.003009,0,
2023-05-28T12:00:00Z,544711,0.003060,0,
2023-05-28T13:00:00Z,544717,0.006330,0,
2023-05-28T14:00:00Z,544723,0.005756,0,
2023-05-28T15:00:00Z,544729,0.003585,0,
2023-05-28T16:00:00Z,544735,0.005529,0,
2023-05-28T17:00:00Z,544741,0.005413,0,
2023-05-28T18:00:00Z,544747,0.006935,0,
2023-05-28T19:00:00Z,544753,0.008073,0,
2023-05-28T20:00:00Z,544759,0.008488,0,
2023-05-28T21:00:00Z,544765,0.008613,0,
2023-05-28T22:00:00Z,544771,0.007236,0,
2023-05-28T23:00:00Z,544777,0.008951,0,
2023-05-29T00:00:00Z,544783,0.003899,0,
2023-05-29T01:00:00Z,544789,0.004842,0,
2023-05-29T02:00:00Z,544795,0.005588,0,
2023-05-29T03:00:00Z,544801,0.005116,0,
2023-05-29T04:00:00Z,544807,0.007115,0,
2023-05-29T05:00:00Z,544813,0.005763,0,
2023-05-29T06:00:00Z,544819,0.006045,0,
2023-05-29T07:00:00Z,544825,0.006936,0,
2023-05-29T08:00:00Z,544831,0.005579,0,
2023-05-29T09:00:00Z,544837,0.006584,0,
2023-05-29T10:00:00Z,544843,0.011563,0,
2023-05-29T11:00:00Z,544849,0.015075,0,
2023-05-29T12:00:00Z,544855,0.007459,0,
2023-05-29T13:00:00Z,544861,0.016866,0,
2023-05-29T14:00:00Z,544867,0.017864,0,
2023-05-29T15:00:00Z,544873,0.017662,0,
2023-05-29T16:00:00Z,544879,0.017578,0,
2023-05-29T17:00:00Z,544885,0.014056,0,
2023-05-29T18:00:00Z,544891,0.014321,0,
2023-05-29T19:00:00Z,544897,0.012976,0,
2023-05-29T20:00:00Z,544903,0.010149,0,
2023-05-29T21:00:00Z,544909,0.010026,0,
2023-05-29T22:00:00Z,544915,0.007297,0,
2023-05-29T23:00:00Z,544921,0.008208,0,
2023-05-30T00:00:00Z,544927,0.005861,0,
2023-05-30T01:00:00Z,544933,0.008342,0,
2023-05-30T02:00:00Z,544939,0.006406,0,
2023-05-30T03:00:00Z,544945,0.007536,0,
2023-05-30T04:00:00Z,544951,0.007200,0,
2023-05-30T05:00:00Z,544957,0.006056,0,
2023-05-30T06:00:00Z,544963,0.005219,0,
2023-05-30T07:00:00Z,544969,0.006896,0,
2023-05-30T08:00:00Z,544975,0.006816,0,
2023-05-30T09:00:00Z,544981,0.009316,0,
2023-05-30T10:00:00Z,544987,0.012930,0,
2023-05-30T11:00:00Z,544993,0.010388,0,
2023-05-30T12:00:00Z,544999,0.014918,0,
2023-05-30T13:00:00Z,545005,0.013889,0,
2023-05-30T14:00:00Z,545011,0.018226,0,
2023-05-30T15:00:00Z,545017,0.014109,0,
2023-05-30T16:00:00Z,545023,0.012750,0,
2023-05-30T17:00:00Z,545029,0.015177,0,
2023-05-30T18:00:00Z,545035,0.013392,0,
2023-05-30T19:00:00Z,545041,0.011625,0,
2023-05-30T20:00:00Z,545047,0.011614,0,
2023-05-30T21:00:00Z,545053,0.012339,0,
2023-05-30T22:00:00Z,545059,0.011271,0,
2023-05-30T23:00:00Z,545065,0.010168,0,
2023-05-31T00:00:00Z,545071,0.008706,0,
2023-05-31T01:00:00Z,545077,0.007198,0,
2023-05-31T02:00:00Z,545083,0.007936,0,
2023-05-31T03:00:00Z,545089,0.006677,0,
2023-05-31T04:00:00Z,545095,0.008001,0,
2023-05-31T05:00:00Z,545101,0.007556,0,
2023-05-31T06:00:00Z,545107,0.007159,0,
2023-05-31T07:00:00Z,545113,0.006255,0,
2023-05-31T08:00:00Z,545119,0.006871,0,
2023-05-31T09:00:00Z,545125,0.007252,0,
2023-05-31T10:00:00Z,545131,0.008789,0,
2023-05-31T11:00:00Z,545137,0.007799,0,
2023-05-31T12:00:00Z,545143,0.010190,0,
2023-05-31T13:00:00Z,545149,0.011965,0,
2023-05-31T14:00:00Z,545155,0.010797,0,
2023-05-31T15:00:00Z,545161,0.016609,0,
2023-05-31T16:00:00Z,545167,0.015852,0,
2023-05-31T17:00:00Z,545173,0.014721,0,
2023-05-31T18:00:00Z,545179,0.013659,0,
2023-05-31T19:00:00Z,545185,0.015756,0,
2023-05-31T20:00:00Z,545191,0.013321,0,
2023-05-31T21:00:00Z,545197,0.013170,0,
2023-05-31T22:00:00Z,545203,0.014197,0,
2023-05-31T23:00:00Z,545209,0.012835,0,
2023-06-01T00:00:00Z,545215,0.012625,0,
2023-06-01T01:00:00Z,545221,0.012115,0,
2023-06-01T02:00:00Z,545227,0.009108,0,
2023-06-01T03:00:00Z,545233,0.008938,0,
2023-06-01T04:00:00Z,545239,0.010272,0,
2023-06-01T05:00:00Z,545245,0.008062,0,
2023-06-01T06:00:00Z,545251,0.007557,0,
2023-06-01T07:00:00Z,545257,0.008746,0,
2023-06-01T08:00:00Z,545263,0.010745,0,
2023-06-01T09:00:00Z,545269,0.010338,0,
2023-06-01T10:00:00Z,545275,0.009278,0,
2023-06-01T11:00:00Z,545281,0.009013,0,
2023-06-01T12:00:00Z,545287,0.007006,0,
2023-06-01T13:00:00Z,545293,0.007095,0,
2023-06-01T14:00:00Z,545299,0.006554,0,
2023-06-01T15:00:00Z,545305,0.006563,0,
2023-06-01T16:00:00Z,545311,0.007905,0,
2023-06-01T17:00:00Z,545317,0.012178,0,
2023-06-01T18:00:00Z,545323,0.015962,0,
2023-06-01T19:00:00Z,545329,0.016526,0,
2023-06-01T20:00:00Z,545335,0.011556,0,
2023-06-01T21:00:00Z,545341,0.007442,0,
2023-06-01T22:00:00Z,545347,0.008725,0,
2023-06-01T23:00:00Z,545353,0.006325,0,
2023-06-02T00:00:00Z,545359,0.010413,0,
2023-06-02T01:00:00Z,545365,0.010331,0,
2023-06-02T02:00:00Z,545371,0.010937,0,
2023-06-02T03:00:00Z,545377,0.008834,0,
2023-06-02T04:00:00Z,545383,0.008732,0,
2023-06-02T05:00:00Z,545389,0.007871,0,
2023-06-02T06:00:00Z,545395,0.007239,0,
2023-06-02T07:00:00Z,545401,0.007809,0,
2023-06-02T08:00:00Z,545407,0.009444,0,
2023-06-02T09:00:00Z,545413,0.011970,0,
2023-06-02T10:00:00Z,545419,0.008587,0,
2023-06-02T11:00:00Z,545425,0.008713,0,
2023-06-02T12:00:00Z,545431,0.010731,0,
2023-06-02T13:00:00Z,545437,0.014707,0,
2023-06-02T14:00:00Z,545443,0.015492,0,
2023-06-02T15:00:00Z,545449,0.012613,0,
2023-06-02T16:00:00Z,545455,0.014542,0,
2023-06-02T17:00:00Z,545461,0.014653,0,
2023-06-02T18:00:00Z,545467,0.011212,0,
2023-06-02T19:00:00Z,545473,0.012305,0,
2023-06-02T20:00:00Z,545479,0.012784,0,
2023-06-02T21:00:00Z,545485,0.008468,0,
2023-06-02T22:00:00Z,545491,0.010753,0,
2023-06-02T23:00:00Z,545497,0.007770,0,
2023-06-03T00:00:00Z,545503,0.006597,0,
2023-06-03T01:00:00Z,545509,0.004541,0,
2023-06-03T02:00:00Z,545515,0.004807,0,
2023-06-03T03:00:00Z,545521,0.005980,0,
2023-06-03T04:00:00Z,545527,0.007697,0,
2023-06-03T05:00:00Z,545533,0.005406,0,
2023-06-03T06:00:00Z,545539,0.006691,0,
2023-06-03T07:00:00Z,545545,0.006758,0,
2023-06-03T08:00:00Z,545551,0.007140,0,
2023-06-03T09:00:00Z,545557,0.006966,0,
2023-06-03T10:00:00Z,545563,0.005083,0,
2023-06-03T11:00:00Z,545569,0.005144,0,
2023-06-03T12:00:00Z,545575,0.004760,0,
2023-06-03T13:00:00Z,545581,0.004680,0,
2023-06-03T14:00:00Z,545587,0.004289,0,
2023-06-03T15:00:00Z,545593,0.008122,0,
2023-06-03T16:00:00Z,545599,0.009042,0,
2023-06-03T17:00:00Z,545605,0.004714,0,
2023-06-03T18:00:00Z,545611,0.003733,0,
2023-06-03T19:00:00Z,545617,0.003546,0,
2023-06-03T20:00:00Z,545623,0.003492,0,
2023-06-03T21:00:00Z,545629,0.005761,0,
2023-06-03T22:00:00Z,545635,0.007178,0,
2023-06-03T23:00:00Z,545641,0.003243,0,
2023-06-04T00:00:00Z,545647,0.004055,0,
2023-06-04T01:00:00Z,545653,0.004402,0,
2023-06-04T02:00:00Z,545659,0.004041,0,
2023-06-04T03:00:00Z,545665,0.004996,0,
2023-06-04T04:00:00Z,545671,0.005712,0,
2023-06-04T05:00:00Z,545677,0.006090,0,
2023-06-04T06:00:00Z,545683,0.005631,0,
2023-06-04T07:00:00Z,545689,0.006484,0,
2023-06-04T08:00:00Z,545695,0.006134,0,
2023-06-04T09:00:00Z,545701,0.007202,0,
2023-06-04T10:00:00Z,545707,0.006087,0,
2023-06-04T11:00:00Z,545713,0.006362,0,
2023-06-04T12:00:00Z,545719,0.005340,0,
2023-06-04T13:00:00Z,545725,0.006592,0,
2023-06-04T14:00:00Z,545731,0.004990,0,
2023-06-04T15:00:00Z,545737,0.008366,0,
2023-06-04T16:00:00Z,545743,0.007499,0,
2023-06-04T17:00:00Z,545749,0.005300,0,
2023-06-04T18:00:00Z,545755,0.003746,0,
2023-06-04T19:00:00Z,545761,0.003770,0,
2023-06-04T20:00:00Z,545767,0.005972,0,
2023-06-04T21:00:00Z,545773,0.006802,0,
2023-06-04T22:00:00Z,545779,0.003893,0,
2023-06-04T23:00:00Z,545785,0.003871,0,
2023-06-05T00:00:00Z,545791,0.006990,0,
2023-06-05T01:00:00Z,545797,0.006921,0,
2023-06-05T02:00:00Z,545803,0.006529,0,
2023-06-05T03:00:00Z,545809,0.007033,0,
2023-06-05T04:00:00Z,545815,0.005961,0,
2023-06-05T05:00:00Z,545821,0.006869,0,
2023-06-05T06:00:00Z,545827,0.005849,0,
2023-06-05T07:00:00Z,545833,0.006697,0,
2023-06-05T08:00:00Z,545839,0.005694,0,
2023-06-05T09:00:00Z,545845,0.006297,0,
2023-06-05T10:00:00Z,545851,0.007110,0,
2023-06-05T11:00:00Z,545857,0.007158,0,
2023-06-05T12:00:00Z,545863,0.011123,0,
2023-06-05T13:00:00Z,545869,0.014226,0,
2023-06-05T14:00:00Z,545875,0.016117,0,
2023-06-05T15:00:00Z,545881,0.014966,0,
2023-06-05T16:00:00Z,545887,0.018585,0,
2023-06-05T17:00:00Z,545893,0.012755,0,
2023-06-05T18:00:00Z,545899,0.008697,0,
2023-06-05T19:00:00Z,545905,0.008620,0,
2023-06-05T20:00:00Z,545911,0.009574,0,
2023-06-05T21:00:00Z,545917,0.010033,0,
2023-06-05T22:00:00Z,545923,0.009206,0,
2023-06-05T23:00:00Z,545929,0.007506,0,
2023-06-06T00:00:00Z,545935,0.007978,0,
2023-06-06T01:00:00Z,545941,0.007108,0,
2023-06-06T02:00:00Z,545947,0.005942,0,
2023-06-06T03:00:00Z,545953,0.006012,0,
2023-06-06T04:00:00Z,545959,0.006114,0,
2023-06-06T05:00:00Z,545965,0.004978,0,
2023-06-06T06:00:00Z,545971,0.005066,0,
2023-06-06T07:00:00Z,545977,0.005453,0,
2023-06-06T08:00:00Z,545983,0.005721,0,
2023-06-06T09:00:00Z,545989,0.004950,0,
2023-06-06T10:00:00Z,545995,0.004070,0,
2023-06-06T11:00:00Z,546001,0.005550,0,
2023-06-06T12:00:00Z,546007,0.005559,0,
2023-06-06T13:00:00Z,546013,0.006309,0,
2023-06-06T14:00:00Z,546019,0.007564,0,
2023-06-06T15:00:00Z,546025,0.006198,0,
2023-06-06T16:00:00Z,546031,0.006096,0,
2023-06-06T17:00:00Z,546037,0.005877,0,
2023-06-06T18:00:00Z,546043,0.006185,0,
2023-06-06T19:00:00Z,546049,0.008035,0,
2023-06-06T20:00:00Z,546055,0.005989,0,
2023-06-06T21:00:00Z,546061,0.006005,0,
2023-06-06T22:00:00Z,546067,0.006247,0,
2023-06-06T23:00:00Z,546073,0.007427,0,
2023-06-07T00:00:00Z,546079,0.006693,0,
2023-06-07T01:00:00Z,546085,0.008306,0,
2023-06-07T02:00:00Z,546091,0.010494,0,
2023-06-07T03:00:00Z,546097,0.010934,0,
2023-06-07T04:00:00Z,546103,0.010885,0,
2023-06-07T05:00:00Z,546109,0.013917,0,
2023-06-07T06:00:00Z,546115,0.014449,0,
2023-06-07T07:00:00Z,546121,0.012456,0,
2023-06-07T08:00:00Z,546127,0.008149,0,
2023-06-07T09:00:00Z,546133,0.008123,0,
2023-06-07T10:00:00Z,546139,0.007315,0,
2023-06-07T11:00:00Z,546145,0.006824,0,
2023-06-07T12:00:00Z,546151,0.006975,0,
2023-06-07T13:00:00Z,546157,0.006898,0,
2023-06-07T14:00:00Z,546163,0.004446,0,
2023-06-07T15:00:00Z,546169,0.004246,0,
2023-06-07T16:00:00Z,546175,0.003818,0,
2023-06-07T17:00:00Z,546181,0.003681,0,
2023-06-07T18:00:00Z,546187,0.004484,0,
2023-06-07T19:00:00Z,546193,0.004443,0,
2023-06-07T20:00:00Z,546199,0.004482,0,
2023-06-07T21:00:00Z,546205,0.003654,0,
2023-06-07T22:00:00Z,546211,0.004004,0,
2023-06-07T23:00:00Z,546217,0.007857,0,
2023-06-08T00:00:00Z,546223,0.007580,0,
2023-06-08T01:00:00Z,546229,0.006985,0,
2023-06-08T02:00:00Z,546235,0.006992,0,
2023-06-08T03:00:00Z,546241,0.006005,0,
2023-06-08T04:00:00Z,546247,0.006582,0,
2023-06-08T05:00:00Z,546253,0.007709,0,
2023-06-08T06:00:00Z,546259,0.008305,0,
2023-06-08T07:00:00Z,546265,0.007507,0,
2023-06-08T08:00:00Z,546271,0.008496,0,
2023-06-08T09:00:00Z,546277,0.008032,0,
2023-06-08T10:00:00Z,546283,0.008526,0,
2023-06-08T11:00:00Z,546289,0.006468,0,
2023-06-08T12:00:00Z,546295,0.006472,0,
2023-06-08T13:00:00Z,546301,0.004877,0,
2023-06-08T14:00:00Z,546307,0.005969,0,
2023-06-08T15:00:00Z,546313,0.010664,0,
2023-06-08T16:00:00Z,546319,0.010231,0,
2023-06-08T17:00:00Z,546325,0.007970,0,
2023-06-08T18:00:00Z,546331,0.006139,0,
2023-06-08T19:00:00Z,546337,0.006858,0,
2023-06-08T20:00:00Z,546343,0.006115,0,
2023-06-08T21:00:00Z,546349,0.010936,0,
2023-06-08T22:00:00Z,546355,0.009857,0,
2023-06-08T23:00:00Z,546361,0.010626,0,
2023-06-09T00:00:00Z,546367,0.010781,0,
2023-06-09T01:00:00Z,546373,0.011292,0,
2023-06-09T02:00:00Z,546379,0.007469,0,
2023-06-09T03:00:00Z,546385,0.005650,0,
2023-06-09T04:00:00Z,546391,0.009126,0,
2023-06-09T05:00:00Z,546397,0.007514,0,
2023-06-09T06:00:00Z,546403,0.007022,0,
2023-06-09T07:00:00Z,546409,0.009940,0,
2023-06-09T08:00:00Z,546415,0.009826,0,
2023-06-09T09:00:00Z,546421,0.016874,0,
2023-06-09T10:00:00Z,546427,0.017454,0,
2023-06-09T11:00:00Z,546433,0.014113,0,
2023-06-09T12:00:00Z,546439,0.013616,0,
2023-06-09T13:00:00Z,546445,0.012482,0,
2023-06-09T14:00:00Z,546451,0.010940,0,
2023-06-09T15:00:00Z,546457,0.009179,0,
2023-06-09T16:00:00Z,546463,0.008207,0,
2023-06-09T17:00:00Z,546469,0.008684,0,
2023-06-09T18:00:00Z,546475,0.008848,0,
2023-06-09T19:00:00Z,546481,0.006769,0,
2023-06-09T20:00:00Z,546487,0.005737,0,
2023-06-09T21:00:00Z,546493,0.009677,0,
2023-06-09T22:00:00Z,546499,0.010190,0,
2023-06-09T23:00:00Z,546505,0.009676,0,
2023-06-10T00:00:00Z,546511,0.012224,0,
2023-06-10T01:00:00Z,546517,0.009762,0,
2023-06-10T02:00:00Z,546523,0.009521,0,
2023-06-10T03:00:00Z,546529,0.010653,0,
2023-06-10T04:00:00Z,546535,0.010840,0,
2023-06-10T05:00:00Z,546541,0.010666,0,
2023-06-10T06:00:00Z,546547,0.006594,0,
2023-06-10T07:00:00Z,546553,0.009516,0,
2023-06-10T08:00:00Z,546559,0.008271,0,
2023-06-10T09:00:00Z,546565,0.009043,0,
2023-06-10T10:00:00Z,546571,0.010576,0,
2023-06-10T11:00:00Z,546577,0.011010,0,
2023-06-10T12:00:00Z,546583,0.008772,0,
2023-06-10T13:00:00Z,546589,0.004911,0,
2023-06-10T14:00:00Z,546595,0.005274,0,
2023-06-10T15:00:00Z,546601,0.005294,0,
2023-06-10T16:00:00Z,546607,0.006206,0,
2023-06-10T17:00:00Z,546613,0.007571,0,
2023-06-10T18:00:00Z,546619,0.007143,0,
2023-06-10T19:00:00Z,546625,0.006938,0,
2023-06-10T20:00:00Z,546631,0.005682,0,
2023-06-10T21:00:00Z,546637,0.004937,0,
2023-06-10T22:00:00Z,546643,0.004906,0,
2023-06-10T23:00:00Z,546649,0.006142,0,
2023-06-11T00:00:00Z,546655,0.005003,0,
2023-06-11T01:00:00Z,546661,0.004259,0,
2023-06-11T02:00:00Z,546667,0.005048,0,
2023-06-11T03:00:00Z,546673,0.004401,0,
2023-06-11T04:00:00Z,546679,0.004396,0,
2023-06-11T05:00:00Z,546685,0.006435,0,
2023-06-11T06:00:00Z,546691,0.009925,0,
2023-06-11T07:00:00Z,546697,0.018024,0,
2023-06-11T08:00:00Z,546703,0.008250,0,
2023-06-11T09:00:00Z,546709,0.007373,0,
2023-06-11T10:00:00Z,546715,0.006467,0,
2023-06-11T11:00:00Z,546721,0.007640,0,
2023-06-11T12:00:00Z,546727,0.014499,0,
2023-06-11T13:00:00Z,546733,0.012765,0,
2023-06-11T14:00:00Z,546739,0.009461,0,
2023-06-11T15:00:00Z,546745,0.009672,0,
2023-06-11T16:00:00Z,546751,0.007545,0,
2023-06-11T17:00:00Z,546757,0.008043,0,
2023-06-11T18:00:00Z,546763,0.008209,0,
2023-06-11T19:00:00Z,546769,0.008614,0,
2023-06-11T20:00:00Z,546775,0.009021,0,
2023-06-11T21:00:00Z,546781,0.007035,0,
2023-06-11T22:00:00Z,546787,0.003811,0,
2023-06-11T23:00:00Z,546793,0.004405,0,
2023-06-12T00:00:00Z,546799,0.003848,0,
2023-06-12T01:00:00Z,546805,0.005310,0,
2023-06-12T02:00:00Z,546811,0.003258,0,
2023-06-12T03:00:00Z,546817,0.003051,0,
2023-06-12T04:00:00Z,546823,0.003565,0,
2023-06-12T05:00:00Z,546829,0.003561,0,
2023-06-12T06:00:00Z,546835,0.003932,0,
2023-06-12T07:00:00Z,546841,0.004737,0,
2023-06-12T08:00:00Z,546847,0.006543,0,
2023-06-12T09:00:00Z,546853,0.005380,0,
2023-06-12T10:00:00Z,546859,0.007534,0,
2023-06-12T11:00:00Z,546865,0.008681,0,
2023-06-12T12:00:00Z,546871,0.009054,0,
2023-06-12T13:00:00Z,546877,0.009017,0,
2023-06-12T14:00:00Z,546883,0.008407,0,
2023-06-12T15:00:00Z,546889,0.008922,0,
2023-06-12T16:00:00Z,546895,0.010219,0,
2023-06-12T17:00:00Z,546901,0.009166,0,
2023-06-12T18:00:00Z,546907,0.008736,0,
2023-06-12T19:00:00Z,546913,0.011122,0,
2023-06-12T20:00:00Z,546919,0.007095,0,
2023-06-12T21:00:00Z,546925,0.006399,0,
2023-06-12T22:00:00Z,546931,0.006384,0,
2023-06-12T23:00:00Z,546937,0.004114,0,
2023-06-13T00:00:00Z,546943,0.003374,0,
2023-06-13T01:00:00Z,546949,0.005688,0,
2023-06-13T02:00:00Z,546955,0.005389,0,
2023-06-13T03:00:00Z,546961,0.005125,0,
2023-06-13T04:00:00Z,546967,0.005666,0,
2023-06-13T05:00:00Z,546973,0.005658,0,
2023-06-13T06:00:00Z,546979,0.006471,0,
2023-06-13T07:00:00Z,546985,0.005735,0,
2023-06-13T08:00:00Z,546991,0.005910,0,
2023-06-13T09:00:00Z,546997,0.005234,0,
2023-06-13T10:00:00Z,547003,0.005447,0,
2023-06-13T11:00:00Z,547009,0.006074,0,
2023-06-13T12:00:00Z,547015,0.007051,0,
2023-06-13T13:00:00Z,547021,0.008095,0,
2023-06-13T14:00:00Z,547027,0.008650,0,
2023-06-13T15:00:00Z,547033,0.009082,0,
2023-06-13T16:00:00Z,547039,0.008214,0,
2023-06-13T17:00:00Z,547045,0.007752,0,
2023-06-13T18:00:00Z,547051,0.009733,0,
2023-06-13T19:00:00Z,547057,0.006577,0,
2023-06-13T20:00:00Z,547063,0.006446,0,
2023-06-13T21:00:00Z,547069,0.005239,0,
2023-06-13T22:00:00Z,547075,0.005387,0,
2023-06-13T23:00:00Z,547081,0.008248,0,
2023-06-14T00:00:00Z,547087,0.005212,0,
2023-06-14T01:00:00Z,547093,0.005642,0,
2023-06-14T02:00:00Z,547099,0.004708,0,
2023-06-14T03:00:00Z,547105,0.005111,0,
2023-06-14T04:00:00Z,547111,0.005032,0,
2023-06-14T05:00:00Z,547117,0.004732,0,
2023-06-14T06:00:00Z,547123,0.006950,0,
2023-06-14T07:00:00Z,547129,0.006700,0,
2023-06-14T08:00:00Z,547135,0.005370,0,
2023-06-14T09:00:00Z,547141,0.005554,0,
2023-06-14T10:00:00Z,547147,0.004587,0,
2023-06-14T11:00:00Z,547153,0.005448,0,
2023-06-14T12:00:00Z,547159,0.006854,0,
2023-06-14T13:00:00Z,547165,0.008474,0,
2023-06-14T14:00:00Z,547171,0.008410,0,
2023-06-14T15:00:00Z,547177,0.008267,0,
2023-06-14T16:00:00Z,547183,0.006947,0,
2023-06-14T17:00:00Z,547189,0.006617,0,
2023-06-14T18:00:00Z,547195,0.006063,0,
2023-06-14T19:00:00Z,547201,0.005724,0,
2023-06-14T20:00:00Z,547207,0.005504,0,
2023-06-14T21:00:00Z,547213,0.005069,0,
2023-06-14T22:00:00Z,547219,0.004590,0,
2023-06-14T23:00:00Z,547225,0.004964,0,
2023-06-15T00:00:00Z,547231,0.005236,0,
2023-06-15T01:00:00Z,547237,0.006298,0,
2023-06-15T02:00:00Z,547243,0.008359,0,
2023-06-15T03:00:00Z,547249,0.010466,0,
2023-06-15T04:00:00Z,547255,0.010426,0,
2023-06-15T05:00:00Z,547261,0.008811,0,
2023-06-15T06:00:00Z,547267,0.008110,0,
2023-06-15T07:00:00Z,547273,0.008445,0,
2023-06-15T08:00:00Z,547279,0.010123,0,
2023-06-15T09:00:00Z,547285,0.010955,0,
2023-06-15T10:00:00Z,547291,0.008042,0,
2023-06-15T11:00:00Z,547297,0.006832,0,
2023-06-15T12:00:00Z,547303,0.006655,0,
2023-06-15T13:00:00Z,547309,0.006942,0,
2023-06-15T14:00:00Z,547315,0.008511,0,
2023-06-15T15:00:00Z,547321,0.007811,0,
2023-06-15T16:00:00Z,547327,0.009082,0,
2023-06-15T17:00:00Z,547333,0.007868,0,
2023-06-15T18:00:00Z,547339,0.006389,0,
2023-06-15T19:00:00Z,547345,0.007817,0,
2023-06-15T20:00:00Z,547351,0.007715,0,
2023-06-15T21:00:00Z,547357,0.006302,0,
2023-06-15T22:00:00Z,547363,0.006522,0,
2023-06-15T23:00:00Z,547369,0.005433,0,
2023-06-16T00:00:00Z,547375,0.004733,0,
2023-06-16T01:00:00Z,547381,0.004690,0,
2023-06-16T02:00:00Z,547387,0.004779,0,
2023-06-16T03:00:00Z,547393,0.005024,0,
2023-06-16T04:00:00Z,547399,0.007811,0,
2023-06-16T05:00:00Z,547405,0.011883,0,
2023-06-16T06:00:00Z,547411,0.012945,0,
2023-06-16T07:00:00Z,547417,0.009556,0,
2023-06-16T08:00:00Z,547423,0.011693,0,
2023-06-16T09:00:00Z,547429,0.019579,0,
2023-06-16T10:00:00Z,547435,0.016379,0,
2023-06-16T11:00:00Z,547441,0.011914,0,
2023-06-16T12:00:00Z,547447,0.011667,0,
2023-06-16T13:00:00Z,547453,0.009239,0,
2023-06-16T14:00:00Z,547459,0.008098,0,
2023-06-16T15:00:00Z,547465,0.008015,0,
2023-06-16T16:00:00Z,547471,0.006961,0,
2023-06-16T17:00:00Z,547477,0.007178,0,
2023-06-16T18:00:00Z,547483,0.006109,0,
2023-06-16T19:00:00Z,547489,0.005308,0,
2023-06-16T20:00:00Z,547495,0.005924,0,
2023-06-16T21:00:00Z,547501,0.004548,0,
2023-06-16T22:00:00Z,547507,0.002964,0,
2023-06-16T23:00:00Z,547513,0.004258,0,
2023-06-17T00:00:00Z,547519,0.004544,0,
2023-06-17T01:00:00Z,547525,0.004188,0,
2023-06-17T02:00:00Z,547531,0.004319,0,
2023-06-17T03:00:00Z,547537,0.004236,0,
2023-06-17T04:00:00Z,547543,0.005575,0,
2023-06-17T05:00:00Z,547549,0.006902,0,
2023-06-17T06:00:00Z,547555,0.006599,0,
2023-06-17T07:00:00Z,547561,0.010545,0,
2023-06-17T08:00:00Z,547567,0.011134,0,
2023-06-17T09:00:00Z,547573,0.017111,0,
2023-06-17T10:00:00Z,547579,0.018562,0,
2023-06-17T11:00:00Z,547585,0.012173,0,
2023-06-17T12:00:00Z,547591,0.019555,0,
2023-06-17T13:00:00Z,547597,0.012332,0,
2023-06-17T14:00:00Z,547603,0.006763,0,
2023-06-17T15:00:00Z,547609,0.007235,0,
2023-06-17T16:00:00Z,547615,0.007467,0,
2023-06-17T17:00:00Z,547621,0.005970,0,
2023-06-17T18:00:00Z,547627,0.005300,0,
2023-06-17T19:00:00Z,547633,0.005480,0,
2023-06-17T20:00:00Z,547639,0.005143,0,
2023-06-17T21:00:00Z,547645,0.004653,0,
2023-06-17T22:00:00Z,547651,0.004658,0,
2023-06-17T23:00:00Z,547657,0.004825,0,
2023-06-18T00:00:00Z,547663,0.004966,0,
2023-06-18T01:00:00Z,547669,0.005159,0,
2023-06-18T02:00:00Z,547675,0.008951,0,
2023-06-18T03:00:00Z,547681,0.011149,0,
2023-06-18T04:00:00Z,547687,0.013183,0,
2023-06-18T05:00:00Z,547693,0.015144,0,
2023-06-18T06:00:00Z,547699,0.009033,0,
2023-06-18T07:00:00Z,547705,0.008993,0,
2023-06-18T08:00:00Z,547711,0.012145,0,
2023-06-18T09:00:00Z,547717,0.013701,0,
2023-06-18T10:00:00Z,547723,0.015424,0,
2023-06-18T11:00:00Z,547729,0.011751,0,
2023-06-18T12:00:00Z,547735,0.016495,0,
2023-06-18T13:00:00Z,547741,0.014156,0,
2023-06-18T14:00:00Z,547747,0.010869,0,
2023-06-18T15:00:00Z,547753,0.010374,0,
2023-06-18T16:00:00Z,547759,0.009470,0,
2023-06-18T17:00:00Z,547765,0.009997,0,
2023-06-18T18:00:00Z,547771,0.011964,0,
2023-06-18T19:00:00Z,547777,0.010142,0,
2023-06-18T20:00:00Z,547783,0.012072,0,
2023-06-18T21:00:00Z,547789,0.006048,0,
2023-06-18T22:00:00Z,547795,0.005287,0,
2023-06-18T23:00:00Z,547801,0.005570,0,
2023-06-19T00:00:00Z,547807,0.004498,0,
2023-06-19T01:00:00Z,547813,0.004594,0,
2023-06-19T02:00:00Z,547819,0.005862,0,
2023-06-19T03:00:00Z,547825,0.005020,0,
2023-06-19T04:00:00Z,547831,0.006481,0,
2023-06-19T05:00:00Z,547837,0.005165,0,
2023-06-19T06:00:00Z,547843,0.007219,0,
2023-06-19T07:00:00Z,547849,0.005860,0,
2023-06-19T08:00:00Z,547855,0.007802,0,
2023-06-19T09:00:00Z,547861,0.006526,0,
2023-06-19T10:00:00Z,547867,0.007055,0,
2023-06-19T11:00:00Z,547873,0.007629,0,
2023-06-19T12:00:00Z,547879,0.008830,0,
2023-06-19T13:00:00Z,547885,0.009479,0,
2023-06-19T14:00:00Z,547891,0.009341,0,
2023-06-19T15:00:00Z,547897,0.005932,0,
2023-06-19T16:00:00Z,547903,0.005710,0,
2023-06-19T17:00:00Z,547909,0.007478,0,
2023-06-19T18:00:00Z,547915,0.006906,0,
2023-06-19T19:00:00Z,547921,0.007079,0,
2023-06-19T20:00:00Z,547927,0.007564,0,
2023-06-19T21:00:00Z,547933,0.006836,0,
2023-06-19T22:00:00Z,547939,0.007375,0,
2023-06-19T23:00:00Z,547945,0.007154,0,
2023-06-20T00:00:00Z,547951,0.007665,0,
2023-06-20T01:00:00Z,547957,0.008100,0,
2023-06-20T02:00:00Z,547963,0.009805,0,
2023-06-20T03:00:00Z,547969,0.014217,0,
2023-06-20T04:00:00Z,547975,0.023065,0,
2023-06-20T05:00:00Z,547981,0.023669,0,
2023-06-20T06:00:00Z,547987,0.019344,0,
2023-06-20T07:00:00Z,547993,0.016741,0,
2023-06-20T08:00:00Z,547999,0.023467,0,
2023-06-20T09:00:00Z,548005,0.024447,0,
2023-06-20T10:00:00Z,548011,0.020139,0,
2023-06-20T11:00:00Z,548017,0.021168,0,
2023-06-20T12:00:00Z,548023,0.019824,0,
2023-06-20T13:00:00Z,548029,0.008329,0,
2023-06-20T14:00:00Z,548035,0.007124,0,
2023-06-20T15:00:00Z,548041,0.008356,0,
2023-06-20T16:00:00Z,548047,0.007419,0,
2023-06-20T17:00:00Z,548053,0.006732,0,
2023-06-20T18:00:00Z,548059,0.005567,0,
2023-06-20T19:00:00Z,548065,0.007300,0,
2023-06-20T20:00:00Z,548071,0.005395,0,
2023-06-20T21:00:00Z,548077,0.004669,0,
2023-06-20T22:00:00Z,548083,0.004554,0,
2023-06-20T23:00:00Z,548089,0.004142,0,
2023-06-21T00:00:00Z,548095,0.004614,0,
2023-06-21T01:00:00Z,548101,0.008078,0,
2023-06-21T02:00:00Z,548107,0.005534,0,
2023-06-21T03:00:00Z,548113,0.005738,0,
2023-06-21T04:00:00Z,548119,0.005489,0,
2023-06-21T05:00:00Z,548125,0.005037,0,
2023-06-21T06:00:00Z,548131,0.004499,0,
2023-06-21T07:00:00Z,548137,0.005237,0,
2023-06-21T08:00:00Z,548143,0.005619,0,
2023-06-21T09:00:00Z,548149,0.006220,0,
2023-06-21T10:00:00Z,548155,0.005044,0,
2023-06-21T11:00:00Z,548161,0.007734,0,
2023-06-21T12:00:00Z,548167,0.007452,0,
2023-06-21T13:00:00Z,548173,0.008727,0,
2023-06-21T14:00:00Z,548179,0.008145,0,
2023-06-21T15:00:00Z,548185,0.008518,0,
2023-06-21T16:00:00Z,548191,0.011066,0,
2023-06-21T17:00:00Z,548197,0.013874,0,
2023-06-21T18:00:00Z,548203,0.013921,0,
2023-06-21T19:00:00Z,548209,0.009921,0,
2023-06-21T20:00:00Z,548215,0.012147,0,
2023-06-21T21:00:00Z,548221,0.011917,0,
2023-06-21T22:00:00Z,548227,0.008832,0,
2023-06-21T23:00:00Z,548233,0.007742,0,
2023-06-22T00:00:00Z,548239,0.009009,0,
2023-06-22T01:00:00Z,548245,0.011577,0,
2023-06-22T02:00:00Z,548251,0.011993,0,
2023-06-22T03:00:00Z,548257,0.012058,0,
2023-06-22T04:00:00Z,548263,0.008299,0,
2023-06-22T05:00:00Z,548269,0.010182,0,
2023-06-22T06:00:00Z,548275,0.009148,0,
2023-06-22T07:00:00Z,548281,0.011545,0,
2023-06-22T08:00:00Z,548287,0.016427,0,
2023-06-22T09:00:00Z,548293,0.016191,0,
2023-06-22T10:00:00Z,548299,0.016072,0,
2023-06-22T11:00:00Z,548305,0.014261,0,
2023-06-22T12:00:00Z,548311,0.011113,0,
2023-06-22T13:00:00Z,548317,0.006781,0,
2023-06-22T14:00:00Z,548323,0.006824,0,
2023-06-22T15:00:00Z,548329,0.006110,0,
2023-06-22T16:00:00Z,548335,0.005875,0,
2023-06-22T17:00:00Z,548341,0.004827,0,
2023-06-22T18:00:00Z,548347,0.006597,0,
2023-06-22T19:00:00Z,548353,0.006753,0,
2023-06-22T20:00:00Z,548359,0.007062,0,
2023-06-22T21:00:00Z,548365,0.007887,0,
2023-06-22T22:00:00Z,548371,0.007504,0,
2023-06-22T23:00:00Z,548377,0.012910,0,
2023-06-23T00:00:00Z,548383,0.012293,0,
2023-06-23T01:00:00Z,548389,0.007782,0,
2023-06-23T02:00:00Z,548395,0.007454,0,
2023-06-23T03:00:00Z,548401,0.009376,0,
2023-06-23T04:00:00Z,548407,0.008534,0,
2023-06-23T05:00:00Z,548413,0.018237,0,
2023-06-23T06:00:00Z,548419,0.012931,0,
2023-06-23T07:00:00Z,548425,0.011893,0,
2023-06-23T08:00:00Z,548431,0.012920,0,
2023-06-23T09:00:00Z,548437,0.015972,0,
2023-06-23T10:00:00Z,548443,0.010815,0,
2023-06-23T11:00:00Z,548449,0.011705,0,
2023-06-23T12:00:00Z,548455,0.006627,0,
2023-06-23T13:00:00Z,548461,0.005661,0,
2023-06-23T14:00:00Z,548467,0.005082,0,
2023-06-23T15:00:00Z,548473,0.005473,0,
2023-06-23T16:00:00Z,548479,0.005454,0,
2023-06-23T17:00:00Z,548485,0.005494,0,
2023-06-23T18:00:00Z,548491,0.005565,0,
2023-06-23T19:00:00Z,548497,0.006647,0,
2023-06-23T20:00:00Z,548503,0.009390,0,
2023-06-23T21:00:00Z,548509,0.007735,0,
2023-06-23T22:00:00Z,548515,0.007241,0,
2023-06-23T23:00:00Z,548521,0.006003,0,
2023-06-24T00:00:00Z,548527,0.006051,0,
2023-06-24T01:00:00Z,548533,0.006220,0,
2023-06-24T02:00:00Z,548539,0.007038,0,
2023-06-24T03:00:00Z,548545,0.007501,0,
2023-06-24T04:00:00Z,548551,0.006884,0,
2023-06-24T05:00:00Z,548557,0.008300,0,
2023-06-24T06:00:00Z,548563,0.009048,0,
2023-06-24T07:00:00Z,548569,0.008731,0,
2023-06-24T08:00:00Z,548575,0.007662,0,
2023-06-24T09:00:00Z,548581,0.010409,0,
2023-06-24T10:00:00Z,548587,0.008770,0,
2023-06-24T11:00:00Z,548593,0.012265,0,
2023-06-24T12:00:00Z,548599,0.011557,0,
2023-06-24T13:00:00Z,548605,0.011417,0,
2023-06-24T14:00:00Z,548611,0.007614,0,
2023-06-24T15:00:00Z,548617,0.013428,0,
2023-06-24T16:00:00Z,548623,0.014354,0,
2023-06-24T17:00:00Z,548629,0.015222,0,
2023-06-24T18:00:00Z,548635,0.012719,0,
2023-06-24T19:00:00Z,548641,0.011593,0,
2023-06-24T20:00:00Z,548647,0.013771,0,
2023-06-24T21:00:00Z,548653,0.014099,0,
2023-06-24T22:00:00Z,548659,0.009536,0,
2023-06-24T23:00:00Z,548665,0.006339,0,
2023-06-25T00:00:00Z,548671,0.008215,0,
2023-06-25T01:00:00Z,548677,0.008203,0,
2023-06-25T02:00:00Z,548683,0.007281,0,
2023-06-25T03:00:00Z,548689,0.008079,0,
2023-06-25T04:00:00Z,548695,0.006845,0,
2023-06-25T05:00:00Z,548701,0.006458,0,
2023-06-25T06:00:00Z,548707,0.007630,0,
2023-06-25T07:00:00Z,548713,0.007432,0,
2023-06-25T08:00:00Z,548719,0.005709,0,
2023-06-25T09:00:00Z,548725,0.005646,0,
2023-06-25T10:00:00Z,548731,0.005794,0,
2023-06-25T11:00:00Z,548737,0.006336,0,
2023-06-25T12:00:00Z,548743,0.007622,0,
2023-06-25T13:00:00Z,548749,0.008556,0,
2023-06-25T14:00:00Z,548755,0.011403,0,
2023-06-25T15:00:00Z,548761,0.012973,0,
2023-06-25T16:00:00Z,548767,0.013975,0,
2023-06-25T17:00:00Z,548773,0.014949,0,
2023-06-25T18:00:00Z,548779,0.015522,0,
2023-06-25T19:00:00Z,548785,0.015655,0,
2023-06-25T20:00:00Z,548791,0.017046,0,
2023-06-25T21:00:00Z,548797,0.015406,0,
2023-06-25T22:00:00Z,548803,0.011830,0,
2023-06-25T23:00:00Z,548809,0.010802,0,
2023-06-26T00:00:00Z,548815,0.013221,0,
2023-06-26T01:00:00Z,548821,0.011334,0,
2023-06-26T02:00:00Z,548827,0.010051,0,
2023-06-26T03:00:00Z,548833,0.008776,0,
2023-06-26T04:00:00Z,548839,0.007909,0,
2023-06-26T05:00:00Z,548845,0.003773,0,
2023-06-26T06:00:00Z,548851,0.004977,0,
2023-06-26T07:00:00Z,548857,0.005880,0,
2023-06-26T08:00:00Z,548863,0.005030,0,
2023-06-26T09:00:00Z,548869,0.004775,0,
2023-06-26T10:00:00Z,548875,0.007086,0,
2023-06-26T11:00:00Z,548881,0.008500,0,
2023-06-26T12:00:00Z,548887,0.007776,0,
2023-06-26T13:00:00Z,548893,0.010493,0,
2023-06-26T14:00:00Z,548899,0.010536,0,
2023-06-26T15:00:00Z,548905,0.014346,0,
2023-06-26T16:00:00Z,548911,0.014091,0,
2023-06-26T17:00:00Z,548917,0.008216,0,
2023-06-26T18:00:00Z,548923,0.007580,0,
2023-06-26T19:00:00Z,548929,0.006105,0,
2023-06-26T20:00:00Z,548935,0.003501,0,
2023-06-26T21:00:00Z,548941,0.004069,0,
2023-06-26T22:00:00Z,548947,0.006501,0,
2023-06-26T23:00:00Z,548953,0.005568,0,
2023-06-27T00:00:00Z,548959,0.005077,0,
2023-06-27T01:00:00Z,548965,0.005552,0,
2023-06-27T02:00:00Z,548971,0.012738,0,
2023-06-27T03:00:00Z,548977,0.007316,0,
2023-06-27T04:00:00Z,548983,0.007242,0,
2023-06-27T05:00:00Z,548989,0.006657,0,
2023-06-27T06:00:00Z,548995,0.007846,0,
2023-06-27T07:00:00Z,549001,0.006976,0,
2023-06-27T08:00:00Z,549007,0.006534,0,
2023-06-27T09:00:00Z,549013,0.007753,0,
2023-06-27T10:00:00Z,549019,0.008970,0,
2023-06-27T11:00:00Z,549025,0.007928,0,
2023-06-27T12:00:00Z,549031,0.008148,0,
2023-06-27T13:00:00Z,549037,0.005502,0,
2023-06-27T14:00:00Z,549043,0.005197,0,
2023-06-27T15:00:00Z,549049,0.006767,0,
2023-06-27T16:00:00Z,549055,0.008203,0,
2023-06-27T17:00:00Z,549061,0.007307,0,
2023-06-27T18:00:00Z,549067,0.007521,0,
2023-06-27T19:00:00Z,549073,0.006537,0,
2023-06-27T20:00:00Z,549079,0.005855,0,
2023-06-27T21:00:00Z,549085,0.006962,0,
2023-06-27T22:00:00Z,549091,0.005652,0,
2023-06-27T23:00:00Z,549097,0.007572,0,
2023-06-28T00:00:00Z,549103,0.006473,0,
2023-06-28T01:00:00Z,549109,0.006021,0,
2023-06-28T02:00:00Z,549115,0.006900,0,
2023-06-28T03:00:00Z,549121,0.007467,0,
2023-06-28T04:00:00Z,549127,0.008257,0,
2023-06-28T05:00:00Z,549133,0.007630,0,
2023-06-28T06:00:00Z,549139,0.008118,0,
2023-06-28T07:00:00Z,549145,0.006087,0,
2023-06-28T08:00:00Z,549151,0.008587,0,
2023-06-28T09:00:00Z,549157,0.009871,0,
2023-06-28T10:00:00Z,549163,0.009526,0,
2023-06-28T11:00:00Z,549169,0.008816,0,
2023-06-28T12:00:00Z,549175,0.007972,0,
2023-06-28T13:00:00Z,549181,0.007926,0,
2023-06-28T14:00:00Z,549187,0.008213,0,
2023-06-28T15:00:00Z,549193,0.009023,0,
2023-06-28T16:00:00Z,549199,0.010662,0,
2023-06-28T17:00:00Z,549205,0.009854,0,
2023-06-28T18:00:00Z,549211,0.009002,0,
2023-06-28T19:00:00Z,549217,0.008491,0,
2023-06-28T20:00:00Z,549223,0.006965,0,
2023-06-28T21:00:00Z,549229,0.009805,0,
2023-06-28T22:00:00Z,549235,0.008836,0,
2023-06-28T23:00:00Z,549241,0.007115,0,
2023-06-29T00:00:00Z,549247,0.007322,0,
2023-06-29T01:00:00Z,549253,0.006307,0,
2023-06-29T02:00:00Z,549259,0.005313,0,
2023-06-29T03:00:00Z,549265,0.004549,0,
2023-06-29T04:00:00Z,549271,0.006714,0,
2023-06-29T05:00:00Z,549277,0.005723,0,
2023-06-29T06:00:00Z,549283,0.005507,0,
2023-06-29T07:00:00Z,549289,0.004980,0,
2023-06-29T08:00:00Z,549295,0.007023,0,
2023-06-29T09:00:00Z,549301,0.006454,0,
2023-06-29T10:00:00Z,549307,0.006536,0,
2023-06-29T11:00:00Z,549313,0.007068,0,
2023-06-29T12:00:00Z,549319,0.007561,0,
2023-06-29T13:00:00Z,549325,0.004452,0,
2023-06-29T14:00:00Z,549331,0.004536,0,
2023-06-29T15:00:00Z,549337,0.003843,0,
2023-06-29T16:00:00Z,549343,0.004426,0,
2023-06-29T17:00:00Z,549349,0.004702,0,
2023-06-29T18:00:00Z,549355,0.005030,0,
2023-06-29T19:00:00Z,549361,0.003714,0,
2023-06-29T20:00:00Z,549367,0.003711,0,
2023-06-29T21:00:00Z,549373,0.004284,0,
2023-06-29T22:00:00Z,549379,0.005994,0,
2023-06-29T23:00:00Z,549385,0.007711,0,
2023-06-30T00:00:00Z,549391,0.004922,0,
2023-06-30T01:00:00Z,549397,0.005977,0,
2023-06-30T02:00:00Z,549403,0.004905,0,
2023-06-30T03:00:00Z,549409,0.004099,0,
2023-06-30T04:00:00Z,549415,0.004240,0,
2023-06-30T05:00:00Z,549421,0.003860,0,
2023-06-30T06:00:00Z,549427,0.003666,0,
2023-06-30T07:00:00Z,549433,0.003645,0,
2023-06-30T08:00:00Z,549439,0.004213,0,
2023-06-30T09:00:00Z,549445,0.004120,0,
2023-06-30T10:00:00Z,549451,0.009554,0,
2023-06-30T11:00:00Z,549457,0.010210,0,
2023-06-30T12:00:00Z,549463,0.013850,0,
2023-06-30T13:00:00Z,549469,0.016650,0,
2023-06-30T14:00:00Z,549475,0.012343,0,
2023-06-30T15:00:00Z,549481,0.015816,0,
2023-06-30T16:00:00Z,549487,0.014245,0,
2023-06-30T17:00:00Z,549493,0.015703,0,
2023-06-30T18:00:00Z,549499,0.013258,0,
2023-06-30T19:00:00Z,549505,0.016520,0,
2023-06-30T20:00:00Z,549511,0.014081,0,
2023-06-30T21:00:00Z,549517,0.014449,0,
2023-06-30T22:00:00Z,549523,0.010006,0,
2023-06-30T23:00:00Z,549529,0.012203,0,
2023-07-01T00:00:00Z,549535,0.012641,0,
2023-07-01T01:00:00Z,549541,0.012551,0,
2023-07-01T02:00:00Z,549547,0.014987,0,
2023-07-01T03:00:00Z,549553,0.014841,0,
2023-07-01T04:00:00Z,549559,0.011070,0,
2023-07-01T05:00:00Z,549565,0.007828,0,
2023-07-01T06:00:00Z,549571,0.007198,0,
2023-07-01T07:00:00Z,549577,0.007610,0,
2023-07-01T08:00:00Z,549583,0.005881,0,
2023-07-01T09:00:00Z,549589,0.007933,0,
2023-07-01T10:00:00Z,549595,0.008009,0,
2023-07-01T11:00:00Z,549601,0.008962,0,
2023-07-01T12:00:00Z,549607,0.008205,0,
2023-07-01T13:00:00Z,549613,0.007491,0,
2023-07-01T14:00:00Z,549619,0.007821,0,
2023-07-01T15:00:00Z,549625,0.011949,0,
2023-07-01T16:00:00Z,549631,0.011325,0,
2023-07-01T17:00:00Z,549637,0.011468,0,
2023-07-01T18:00:00Z,549643,0.009932,0,
2023-07-01T19:00:00Z,549649,0.006009,0,
2023-07-01T20:00:00Z,549655,0.006397,0,
2023-07-01T21:00:00Z,549661,0.004864,0,
2023-07-01T22:00:00Z,549667,0.005124,0,
2023-07-01T23:00:00Z,549673,0.004287,0,
2023-07-02T00:00:00Z,549679,0.004614,0,
2023-07-02T01:00:00Z,549685,0.005802,0,
2023-07-02T02:00:00Z,549691,0.005996,0,
2023-07-02T03:00:00Z,549697,0.007603,0,
2023-07-02T04:00:00Z,549703,0.007589,0,
2023-07-02T05:00:00Z,549709,0.008173,0,
2023-07-02T06:00:00Z,549715,0.010949,0,
2023-07-02T07:00:00Z,549721,0.008770,0,
2023-07-02T08:00:00Z,549727,0.010060,0,
2023-07-02T09:00:00Z,549733,0.010200,0,
2023-07-02T10:00:00Z,549739,0.012113,0,
2023-07-02T11:00:00Z,549745,0.010753,0,
2023-07-02T12:00:00Z,549751,0.015371,0,
2023-07-02T13:00:00Z,549757,0.015009,0,
2023-07-02T14:00:00Z,549763,0.014773,0,
2023-07-02T15:00:00Z,549769,0.014714,0,
2023-07-02T16:00:00Z,549775,0.014890,0,
2023-07-02T17:00:00Z,549781,0.013735,0,
2023-07-02T18:00:00Z,549787,0.013402,0,
2023-07-02T19:00:00Z,549793,0.014268,0,
2023-07-02T20:00:00Z,549799,0.012149,0,
2023-07-02T21:00:00Z,549805,0.011002,0,
2023-07-02T22:00:00Z,549811,0.007119,0,
2023-07-02T23:00:00Z,549817,0.006938,0,
2023-07-03T00:00:00Z,549823,0.007972,0,
2023-07-03T01:00:00Z,549829,0.008758,0,
2023-07-03T02:00:00Z,549835,0.010452,0,
2023-07-03T03:00:00Z,549841,0.009923,0,
2023-07-03T04:00:00Z,549847,0.010127,0,
2023-07-03T05:00:00Z,549853,0.012411,0,
2023-07-03T06:00:00Z,549859,0.014493,0,
2023-07-03T07:00:00Z,549865,0.016752,0,
2023-07-03T08:00:00Z,549871,0.020163,0,
2023-07-03T09:00:00Z,549877,0.017209,0,
2023-07-03T10:00:00Z,549883,0.017526,0,
2023-07-03T11:00:00Z,549889,0.018971,0,
2023-07-03T12:00:00Z,549895,0.020774,0,
2023-07-03T13:00:00Z,549901,0.041326,0,
2023-07-03T14:00:00Z,549907,0.018146,0,
2023-07-03T15:00:00Z,549913,0.026668,0,
2023-07-03T16:00:00Z,549919,0.016862,0,
2023-07-03T17:00:00Z,549925,0.014648,0,
2023-07-03T18:00:00Z,549931,0.015806,0,
2023-07-03T19:00:00Z,549937,0.014037,0,
2023-07-03T20:00:00Z,549943,0.014824,0,
2023-07-03T21:00:00Z,549949,0.015964,0,
2023-07-03T22:00:00Z,549955,0.011170,0,
2023-07-03T23:00:00Z,549961,0.012538,0,
2023-07-04T00:00:00Z,549967,0.013516,0,
2023-07-04T01:00:00Z,549973,0.018447,0,
2023-07-04T02:00:00Z,549979,0.015974,0,
2023-07-04T03:00:00Z,549985,0.015791,0,
2023-07-04T04:00:00Z,549991,0.016930,0,
2023-07-04T05:00:00Z,549997,0.023265,0,
2023-07-04T06:00:00Z,550003,0.017980,0,
2023-07-04T07:00:00Z,550009,0.022247,0,
2023-07-04T08:00:00Z,550015,0.020118,0,
2023-07-04T09:00:00Z,550021,0.022852,0,
2023-07-04T10:00:00Z,550027,0.021210,0,
2023-07-04T11:00:00Z,550033,0.020408,0,
2023-07-04T12:00:00Z,550039,0.017647,0,
2023-07-04T13:00:00Z,550045,0.009253,0,
2023-07-04T14:00:00Z,550051,0.007435,0,
2023-07-04T15:00:00Z,550057,0.007481,0,
2023-07-04T16:00:00Z,550063,0.007746,0,
2023-07-04T17:00:00Z,550069,0.008305,0,
2023-07-04T18:00:00Z,550075,0.012677,0,
2023-07-04T19:00:00Z,550081,0.017586,0,
2023-07-04T20:00:00Z,550087,0.014600,0,
2023-07-04T21:00:00Z,550093,0.014755,0,
2023-07-04T22:00:00Z,550099,0.014337,0,
2023-07-04T23:00:00Z,550105,0.011203,0,
2023-07-05T00:00:00Z,550111,0.006834,0,
2023-07-05T01:00:00Z,550117,0.009806,0,
2023-07-05T02:00:00Z,550123,0.009073,0,
2023-07-05T03:00:00Z,550129,0.008345,0,
2023-07-05T04:00:00Z,550135,0.007214,0,
2023-07-05T05:00:00Z,550141,0.007637,0,
2023-07-05T06:00:00Z,550147,0.006428,0,
2023-07-05T07:00:00Z,550153,0.006995,0,
2023-07-05T08:00:00Z,550159,0.004730,0,
2023-07-05T09:00:00Z,550165,0.004017,0,
2023-07-05T10:00:00Z,550171,0.004052,0,
2023-07-05T11:00:00Z,550177,0.008833,0,
2023-07-05T12:00:00Z,550183,0.005455,0,
2023-07-05T13:00:00Z,550189,0.004656,0,
2023-07-05T14:00:00Z,550195,0.010012,0,
2023-07-05T15:00:00Z,550201,0.011186,0,
2023-07-05T16:00:00Z,550207,0.005288,0,
2023-07-05T17:00:00Z,550213,0.006277,0,
2023-07-05T18:00:00Z,550219,0.005879,0,
2023-07-05T19:00:00Z,550225,0.004345,0,
2023-07-05T20:00:00Z,550231,0.006776,0,
2023-07-05T21:00:00Z,550237,0.005910,0,
2023-07-05T22:00:00Z,550243,0.007442,0,
2023-07-05T23:00:00Z,550249,0.006529,0,
2023-07-06T00:00:00Z,550255,0.010719,0,
2023-07-06T01:00:00Z,550261,0.009765,0,
2023-07-06T02:00:00Z,550267,0.010832,0,
2023-07-06T03:00:00Z,550273,0.012141,0,
2023-07-06T04:00:00Z,550279,0.014462,0,
2023-07-06T05:00:00Z,550285,0.014816,0,
2023-07-06T06:00:00Z,550291,0.006874,0,
2023-07-06T07:00:00Z,550297,0.007556,0,
2023-07-06T08:00:00Z,550303,0.005673,0,
2023-07-06T09:00:00Z,550309,0.007131,0,
2023-07-06T10:00:00Z,550315,0.012058,0,
2023-07-06T11:00:00Z,550321,0.011835,0,
2023-07-06T12:00:00Z,550327,0.011025,0,
2023-07-06T13:00:00Z,550333,0.009486,0,
2023-07-06T14:00:00Z,550339,0.010702,0,
2023-07-06T15:00:00Z,550345,0.012800,0,
2023-07-06T16:00:00Z,550351,0.017390,0,
2023-07-06T17:00:00Z,550357,0.013656,0,
2023-07-06T18:00:00Z,550363,0.017331,0,
2023-07-06T19:00:00Z,550369,0.015499,0,
2023-07-06T20:00:00Z,550375,0.010657,0,
2023-07-06T21:00:00Z,550381,0.008651,0,
2023-07-06T22:00:00Z,550387,0.007291,0,
2023-07-06T23:00:00Z,550393,0.007723,0,
2023-07-07T00:00:00Z,550399,0.010093,0,
2023-07-07T01:00:00Z,550405,0.011253,0,
2023-07-07T02:00:00Z,550411,0.012827,0,
2023-07-07T03:00:00Z,550417,0.010108,0,
2023-07-07T04:00:00Z,550423,0.013472,0,
2023-07-07T05:00:00Z,550429,0.015489,0,
2023-07-07T06:00:00Z,550435,0.016044,0,
2023-07-07T07:00:00Z,550441,0.008110,0,
2023-07-07T08:00:00Z,550447,0.009432,0,
2023-07-07T09:00:00Z,550453,0.013499,0,
2023-07-07T10:00:00Z,550459,0.012249,0,
2023-07-07T11:00:00Z,550465,0.011257,0,
2023-07-07T12:00:00Z,550471,0.012085,0,
2023-07-07T13:00:00Z,550477,0.010314,0,
2023-07-07T14:00:00Z,550483,0.009072,0,
2023-07-07T15:00:00Z,550489,0.011057,0,
2023-07-07T16:00:00Z,550495,0.008337,0,
2023-07-07T17:00:00Z,550501,0.011742,0,
2023-07-07T18:00:00Z,550507,0.011359,0,
2023-07-07T19:00:00Z,550513,0.011702,0,
2023-07-07T20:00:00Z,550519,0.011420,0,
2023-07-07T21:00:00Z,550525,0.009603,0,
2023-07-07T22:00:00Z,550531,0.011366,0,
2023-07-07T23:00:00Z,550537,0.012804,0,
2023-07-08T00:00:00Z,550543,0.012623,0,
2023-07-08T01:00:00Z,550549,0.014321,0,
2023-07-08T02:00:00Z,550555,0.020588,0,
2023-07-08T03:00:00Z,550561,0.021552,0,
2023-07-08T04:00:00Z,550567,0.025722,0,
2023-07-08T05:00:00Z,550573,0.020991,0,
2023-07-08T06:00:00Z,550579,0.027138,0,
2023-07-08T07:00:00Z,550585,0.029285,0,
2023-07-08T08:00:00Z,550591,0.025832,0,
2023-07-08T09:00:00Z,550597,0.028515,0,
2023-07-08T10:00:00Z,550603,0.029003,0,
2023-07-08T11:00:00Z,550609,0.035386,0,
2023-07-08T12:00:00Z,550615,0.042035,0,
2023-07-08T13:00:00Z,550621,0.032805,0,
2023-07-08T14:00:00Z,550627,0.034472,0,
2023-07-08T15:00:00Z,550633,0.033371,0,
2023-07-08T16:00:00Z,550639,0.028496,0,
2023-07-08T17:00:00Z,550645,0.028064,0,
2023-07-08T18:00:00Z,550651,0.031003,0,
2023-07-08T19:00:00Z,550657,0.031283,0,
2023-07-08T20:00:00Z,550663,0.027180,0,
2023-07-08T21:00:00Z,550669,0.026679,0,
2023-07-08T22:00:00Z,550675,0.032010,0,
2023-07-08T23:00:00Z,550681,0.029781,0,
2023-07-09T00:00:00Z,550687,0.026600,0,
2023-07-09T01:00:00Z,550693,0.027286,0,
2023-07-09T02:00:00Z,550699,0.028212,0,
2023-07-09T03:00:00Z,550705,0.024915,0,
2023-07-09T04:00:00Z,550711,0.030729,0,
2023-07-09T05:00:00Z,550717,0.034388,0,
2023-07-09T06:00:00Z,550723,0.031507,0,
2023-07-09T07:00:00Z,550729,0.029339,0,
2023-07-09T08:00:00Z,550735,0.025864,0,
2023-07-09T09:00:00Z,550741,0.025331,0,
2023-07-09T10:00:00Z,550747,0.024764,0,
2023-07-09T11:00:00Z,550753,0.024555,0,
2023-07-09T12:00:00Z,550759,0.023184,0,
2023-07-09T13:00:00Z,550765,0.026493,0,
2023-07-09T14:00:00Z,550771,0.028501,0,
2023-07-09T15:00:00Z,550777,0.030238,0,
2023-07-09T16:00:00Z,550783,0.031510,0,
2023-07-09T17:00:00Z,550789,0.026857,0,
2023-07-09T18:00:00Z,550795,0.025230,0,
2023-07-09T19:00:00Z,550801,0.026312,0,
2023-07-09T20:00:00Z,550807,0.027674,0,
2023-07-09T21:00:00Z,550813,0.031422,0,
2023-07-09T22:00:00Z,550819,0.038636,0,
2023-07-09T23:00:00Z,550825,0.033837,0,
2023-07-10T00:00:00Z,550831,0.030887,0,
2023-07-10T01:00:00Z,550837,0.029425,0,
2023-07-10T02:00:00Z,550843,0.028290,0,
2023-07-10T03:00:00Z,550849,0.026604,0,
2023-07-10T04:00:00Z,550855,0.025109,0,
2023-07-10T05:00:00Z,550861,0.028770,0,
2023-07-10T06:00:00Z,550867,0.030101,0,
2023-07-10T07:00:00Z,550873,0.027797,0,
2023-07-10T08:00:00Z,550879,0.026914,0,
2023-07-10T09:00:00Z,550885,0.026720,0,
2023-07-10T10:00:00Z,550891,0.023802,0,
2023-07-10T11:00:00Z,550897,0.027218,0,
2023-07-10T12:00:00Z,550903,0.025918,0,
2023-07-10T13:00:00Z,550909,0.030047,0,
2023-07-10T14:00:00Z,550915,0.029404,0,
2023-07-10T15:00:00Z,550921,0.027921,0,
2023-07-10T16:00:00Z,550927,0.028998,0,
2023-07-10T17:00:00Z,550933,0.031779,0,
2023-07-10T18:00:00Z,550939,0.033009,0,
2023-07-10T19:00:00Z,550945,0.036981,0,
2023-07-10T20:00:00Z,550951,0.034931,0,
2023-07-10T21:00:00Z,550957,0.036497,0,
2023-07-10T22:00:00Z,550963,0.032102,0,
2023-07-10T23:00:00Z,550969,0.035614,0,
2023-07-11T00:00:00Z,550975,0.037525,0,
2023-07-11T01:00:00Z,550981,0.040433,0,
2023-07-11T02:00:00Z,550987,0.036367,0,
2023-07-11T03:00:00Z,550993,0.036095,0,
2023-07-11T04:00:00Z,550999,0.035386,0,
2023-07-11T05:00:00Z,551005,0.041443,0,
2023-07-11T06:00:00Z,551011,0.040611,0,
2023-07-11T07:00:00Z,551017,0.039185,0,
2023-07-11T08:00:00Z,551023,0.038543,0,
2023-07-11T09:00:00Z,551029,0.038787,0,
2023-07-11T10:00:00Z,551035,0.039646,0,
2023-07-11T11:00:00Z,551041,0.039832,0,
2023-07-11T12:00:00Z,551047,0.032613,0,
2023-07-11T13:00:00Z,551053,0.032725,0,
2023-07-11T14:00:00Z,551059,0.032741,0,
2023-07-11T15:00:00Z,551065,0.034829,0,
2023-07-11T16:00:00Z,551071,0.034541,0,
2023-07-11T17:00:00Z,551077,0.033984,0,
2023-07-11T18:00:00Z,551083,0.033984,0,
2023-07-11T19:00:00Z,551089,0.031222,0,
2023-07-11T20:00:00Z,551095,0.031446,0,
2023-07-11T21:00:00Z,551101,0.034268,0,
2023-07-11T22:00:00Z,551107,0.033945,0,
2023-07-11T23:00:00Z,551113,0.031979,0,
2023-07-12T00:00:00Z,551119,0.038214,0,
2023-07-12T01:00:00Z,551125,0.037281,0,
2023-07-12T02:00:00Z,551131,0.039366,0,
2023-07-12T03:00:00Z,551137,0.038805,0,
2023-07-12T04:00:00Z,551143,0.043655,0,
2023-07-12T05:00:00Z,551149,0.043272,0,
2023-07-12T06:00:00Z,551155,0.042818,0,
2023-07-12T07:00:00Z,551161,0.042893,0,
2023-07-12T08:00:00Z,551167,0.043252,0,
2023-07-12T09:00:00Z,551173,0.043041,0,
2023-07-12T10:00:00Z,551179,0.043399,0,
2023-07-12T11:00:00Z,551185,0.038686,0,
2023-07-12T12:00:00Z,551191,0.039188,0,
2023-07-12T13:00:00Z,551197,0.036813,0,
2023-07-12T14:00:00Z,551203,0.036546,0,
2023-07-12T15:00:00Z,551209,0.037778,0,
2023-07-12T16:00:00Z,551215,0.037010,0,
2023-07-12T17:00:00Z,551221,0.031474,0,
2023-07-12T18:00:00Z,551227,0.031361,0,
2023-07-12T19:00:00Z,551233,0.033934,0,
2023-07-12T20:00:00Z,551239,0.034530,0,
2023-07-12T21:00:00Z,551245,0.034791,0,
2023-07-12T22:00:00Z,551251,0.032510,0,
2023-07-12T23:00:00Z,551257,0.038692,0,
2023-07-13T00:00:00Z,551263,0.039071,0,
2023-07-13T01:00:00Z,551269,0.038629,0,
2023-07-13T02:00:00Z,551275,0.040867,0,
2023-07-13T03:00:00Z,551281,0.040407,0,
2023-07-13T04:00:00Z,551287,0.039690,0,
2023-07-13T05:00:00Z,551293,0.044369,0,
2023-07-13T06:00:00Z,551299,0.043258,0,
2023-07-13T07:00:00Z,551305,0.043393,0,
2023-07-13T08:00:00Z,551311,0.043417,0,
2023-07-13T09:00:00Z,551317,0.042532,0,
2023-07-13T10:00:00Z,551323,0.037918,0,
2023-07-13T11:00:00Z,551329,0.036087,0,
2023-07-13T12:00:00Z,551335,0.036760,0,
2023-07-13T13:00:00Z,551341,0.036199,0,
2023-07-13T14:00:00Z,551347,0.036370,0,
2023-07-13T15:00:00Z,551353,0.037187,0,
2023-07-13T16:00:00Z,551359,0.037494,0,
2023-07-13T17:00:00Z,551365,0.031148,0,
2023-07-13T18:00:00Z,551371,0.031017,0,
2023-07-13T19:00:00Z,551377,0.030476,0,
2023-07-13T20:00:00Z,551383,0.031628,0,
2023-07-13T21:00:00Z,551389,0.031119,0,
2023-07-13T22:00:00Z,551395,0.031149,0,
2023-07-13T23:00:00Z,551401,0.037507,0,
2023-07-14T00:00:00Z,551407,0.037881,0,
2023-07-14T01:00:00Z,551413,0.037260,0,
2023-07-14T02:00:00Z,551419,0.037224,0,
2023-07-14T03:00:00Z,551425,0.039489,0,
2023-07-14T04:00:00Z,551431,0.039384,0,
2023-07-14T05:00:00Z,551437,0.043967,0,
2023-07-14T06:00:00Z,551443,0.043953,0,
2023-07-14T07:00:00Z,551449,0.045494,0,
2023-07-14T08:00:00Z,551455,0.045228,0,
2023-07-14T09:00:00Z,551461,0.045349,0,
2023-07-14T10:00:00Z,551467,0.044736,0,
2023-07-14T11:00:00Z,551473,0.044634,0,
2023-07-14T12:00:00Z,551479,0.044580,0,
2023-07-14T13:00:00Z,551485,0.050943,0,
2023-07-14T14:00:00Z,551491,0.051216,0,
2023-07-14T15:00:00Z,551497,0.051153,0,
2023-07-14T16:00:00Z,551503,0.051563,0,
2023-07-14T17:00:00Z,551509,0.051559,0,
2023-07-14T18:00:00Z,551515,0.051529,0,
2023-07-14T19:00:00Z,551521,0.051491,0,
2023-07-14T20:00:00Z,551527,0.044960,0,
2023-07-14T21:00:00Z,551533,0.044709,0,
2023-07-14T22:00:00Z,551539,0.045343,0,
2023-07-14T23:00:00Z,551545,0.045436,0,
2023-07-15T00:00:00Z,551551,0.045498,0,
2023-07-15T01:00:00Z,551557,0.052379,0,
2023-07-15T02:00:00Z,551563,0.052724,0,
2023-07-15T03:00:00Z,551569,0.053139,0,
2023-07-15T04:00:00Z,551575,0.053164,0,
2023-07-15T05:00:00Z,551581,0.053134,0,
2023-07-15T06:00:00Z,551587,0.052920,0,
2023-07-15T07:00:00Z,551593,0.053281,0,
2023-07-15T08:00:00Z,551599,0.053824,0,
2023-07-15T09:00:00Z,551605,0.054283,0,
2023-07-15T10:00:00Z,551611,0.054078,0,
2023-07-15T11:00:00Z,551617,0.047215,0,
2023-07-15T12:00:00Z,551623,0.048071,0,
2023-07-15T13:00:00Z,551629,0.045849,0,
2023-07-15T14:00:00Z,551635,0.048718,0,
2023-07-15T15:00:00Z,551641,0.048833,0,
2023-07-15T16:00:00Z,551647,0.049131,0,
2023-07-15T17:00:00Z,551653,0.047004,0,
2023-07-15T18:00:00Z,551659,0.047223,0,
2023-07-15T19:00:00Z,551665,0.046704,0,
2023-07-15T20:00:00Z,551671,0.046704,0,
2023-07-15T21:00:00Z,551677,0.046229,0,
2023-07-15T22:00:00Z,551683,0.045929,0,
2023-07-15T23:00:00Z,551689,0.047755,0,
2023-07-16T00:00:00Z,551695,0.046676,0,
2023-07-16T01:00:00Z,551701,0.046338,0,
2023-07-16T02:00:00Z,551707,0.046398,0,
2023-07-16T03:00:00Z,551713,0.054332,0,
2023-07-16T04:00:00Z,551719,0.053703,0,
2023-07-16T05:00:00Z,551725,0.054281,0,
2023-07-16T06:00:00Z,551731,0.054942,0,
2023-07-16T07:00:00Z,551737,0.055049,0,
2023-07-16T08:00:00Z,551743,0.055710,0,
2023-07-16T09:00:00Z,551749,0.055103,0,
2023-07-16T10:00:00Z,551755,0.055697,0,
2023-07-16T11:00:00Z,551761,0.055812,0,
2023-07-16T12:00:00Z,551767,0.056595,0,
2023-07-16T13:00:00Z,551773,0.056461,0,
2023-07-16T14:00:00Z,551779,0.049351,0,
2023-07-16T15:00:00Z,551785,0.049856,0,
2023-07-16T16:00:00Z,551791,0.050303,0,
2023-07-16T17:00:00Z,551797,0.048306,0,
2023-07-16T18:00:00Z,551803,0.048233,0,
2023-07-16T19:00:00Z,551809,0.048899,0,
2023-07-16T20:00:00Z,551815,0.048456,0,
2023-07-16T21:00:00Z,551821,0.050920,0,
2023-07-16T22:00:00Z,551827,0.050995,0,
2023-07-16T23:00:00Z,551833,0.050647,0,
2023-07-17T00:00:00Z,551839,0.050707,0,
2023-07-17T01:00:00Z,551845,0.058377,0,
2023-07-17T02:00:00Z,551851,0.058422,0,
2023-07-17T03:00:00Z,551857,0.056700,0,
2023-07-17T04:00:00Z,551863,0.055860,0,
2023-07-17T05:00:00Z,551869,0.054719,0,
2023-07-17T06:00:00Z,551875,0.053690,0,
2023-07-17T07:00:00Z,551881,0.053170,0,
2023-07-17T08:00:00Z,551887,0.053819,0,
2023-07-17T09:00:00Z,551893,0.054526,0,
2023-07-17T10:00:00Z,551899,0.055757,0,
2023-07-17T11:00:00Z,551905,0.056645,0,
2023-07-17T12:00:00Z,551911,0.057622,0,
2023-07-17T13:00:00Z,551917,0.050366,0,
2023-07-17T14:00:00Z,551923,0.049877,0,
2023-07-17T15:00:00Z,551929,0.050844,0,
2023-07-17T16:00:00Z,551935,0.050217,0,
2023-07-17T17:00:00Z,551941,0.044888,0,
2023-07-17T18:00:00Z,551947,0.041655,0,
2023-07-17T19:00:00Z,551953,0.042885,0,
2023-07-17T20:00:00Z,551959,0.041732,0,
2023-07-17T21:00:00Z,551965,0.041934,0,
2023-07-17T22:00:00Z,551971,0.043436,0,
2023-07-17T23:00:00Z,551977,0.043077,0,
2023-07-18T00:00:00Z,551983,0.045347,0,
2023-07-18T01:00:00Z,551989,0.045151,0,
2023-07-18T02:00:00Z,551995,0.044544,0,
2023-07-18T03:00:00Z,552001,0.049007,0,
2023-07-18T04:00:00Z,552007,0.048463,0,
2023-07-18T05:00:00Z,552013,0.047675,0,
2023-07-18T06:00:00Z,552019,0.046710,0,
2023-07-18T07:00:00Z,552025,0.047768,0,
2023-07-18T08:00:00Z,552031,0.047594,0,
2023-07-20T08:30:00Z,552180,0.026977,0,
2023-07-20T09:30:00Z,552186,0.023595,0,
2023-07-20T10:30:00Z,552192,0.019196,0,
2023-07-20T11:30:00Z,552198,0.018595,0,
2023-07-20T12:30:00Z,552204,0.017402,0,
2023-07-20T13:30:00Z,552210,0.015796,0,
2023-07-20T14:30:00Z,552216,0.014915,0,
2023-07-20T15:30:00Z,552222,0.014719,0,
2023-07-20T16:30:00Z,552228,0.014588,0,
2023-07-20T17:30:00Z,552234,0.014352,0,
2023-07-20T18:30:00Z,552240,0.013675,0,
2023-07-20T19:30:00Z,552246,0.014402,0,
2023-07-20T20:30:00Z,552252,0.012547,0,
2023-07-20T21:30:00Z,552258,0.015197,0,
2023-07-20T22:30:00Z,552264,0.015354,0,
2023-07-20T23:30:00Z,552270,0.016210,0,
2023-07-21T00:30:00Z,552276,0.020071,0,
2023-07-21T01:30:00Z,552282,0.024076,0,
2023-07-21T02:30:00Z,552288,0.027841,0,
2023-07-21T03:30:00Z,552294,0.023304,0,
2023-07-21T04:30:00Z,552300,0.023580,0,
2023-07-21T05:30:00Z,552306,0.027101,0,
2023-07-21T06:30:00Z,552312,0.026481,0,
2023-07-21T07:30:00Z,552318,0.033721,1,23.67
2023-07-21T08:30:00Z,552324,0.035091,1,22.67
2023-07-21T09:30:00Z,552330,0.038282,1,21.67
2023-07-21T10:30:00Z,552336,0.036382,1,20.67
2023-07-21T11:30:00Z,552342,0.016942,1,19.67
2023-07-21T12:30:00Z,552348,0.015298,1,18.67
2023-07-21T13:30:00Z,552354,0.017331,1,17.67
2023-07-21T14:30:00Z,552360,0.019753,1,16.67
2023-07-21T15:30:00Z,552366,0.016494,1,15.67
2023-07-21T16:30:00Z,552372,0.011262,1,14.67
2023-07-21T17:30:00Z,552378,0.012550,1,13.67
2023-07-21T18:30:00Z,552384,0.013548,1,12.67
2023-07-21T19:30:00Z,552390,0.014644,1,11.67
2023-07-21T20:30:00Z,552396,0.010087,1,10.67
2023-07-21T21:30:00Z,552402,0.009733,1,9.67
2023-07-21T22:30:00Z,552408,0.009049,1,8.67
2023-07-21T23:30:00Z,552414,0.012116,1,7.67
2023-07-22T00:30:00Z,552420,0.010146,1,6.67
2023-07-22T01:30:00Z,552426,0.009846,1,5.67
2023-07-22T02:30:00Z,552432,0.005880,1,4.67
2023-07-22T03:30:00Z,552438,0.006532,1,3.67
2023-07-22T04:30:00Z,552444,0.006794,1,2.67
2023-07-22T05:30:00Z,552450,0.006268,1,1.67
2023-07-22T06:30:00Z,552456,0.007420,1,0.67
2023-07-22T07:30:00Z,552462,0.009343,0,
2023-07-22T08:30:00Z,552468,0.011502,0,
2023-07-22T09:30:00Z,552474,0.010154,0,
2023-07-22T10:30:00Z,552480,0.015894,0,
2023-07-22T11:30:00Z,552486,0.023219,0,
2023-07-22T12:30:00Z,552492,0.029689,0,
2023-07-22T13:30:00Z,552498,0.022988,0,
2023-07-22T14:30:00Z,552504,0.023811,0,
2023-07-22T15:30:00Z,552510,0.012963,0,
2023-07-22T16:30:00Z,552516,0.013122,0,
2023-07-22T17:30:00Z,552522,0.013861,0,
2023-07-22T18:30:00Z,552528,0.018489,0,
2023-07-22T19:30:00Z,552534,0.015541,0,
2023-07-22T20:30:00Z,552540,0.016466,0,
2023-07-22T21:30:00Z,552546,0.017790,0,
2023-07-22T22:30:00Z,552552,0.019655,0,
2023-07-22T23:30:00Z,552558,0.021849,0,
2023-07-23T00:30:00Z,552564,0.023053,0,
2023-07-23T01:30:00Z,552570,0.025627,1,23.67
2023-07-23T02:30:00Z,552576,0.024475,1,22.67
2023-07-23T03:30:00Z,552582,0.023490,1,21.67
2023-07-23T04:30:00Z,552588,0.024223,1,20.67
2023-07-23T05:30:00Z,552594,0.025441,1,19.67
2023-07-23T06:30:00Z,552600,0.022758,1,18.67
2023-07-23T07:30:00Z,552606,0.024571,1,17.67
2023-07-23T08:30:00Z,552612,0.019578,1,16.67
2023-07-23T09:30:00Z,552618,0.018258,1,15.67
2023-07-23T10:30:00Z,552624,0.020233,1,14.67
2023-07-23T11:30:00Z,552630,0.014277,1,13.67
2023-07-23T12:30:00Z,552636,0.020714,1,12.67
2023-07-23T13:30:00Z,552642,0.015921,1,11.67
2023-07-23T14:30:00Z,552648,0.016444,1,10.67
2023-07-23T15:30:00Z,552654,0.019853,1,9.67
2023-07-23T16:30:00Z,552660,0.019189,1,8.67
2023-07-23T17:30:00Z,552666,0.014356,1,7.67
2023-07-23T18:30:00Z,552672,0.016354,1,6.67
2023-07-23T19:30:00Z,552678,0.017690,1,5.67
2023-07-23T20:30:00Z,552684,0.012534,1,4.67
2023-07-23T21:30:00Z,552690,0.009383,1,3.67
2023-07-23T22:30:00Z,552696,0.016130,1,2.67
2023-07-23T23:30:00Z,552702,0.009705,1,1.67
2023-07-24T00:30:00Z,552708,0.008096,1,0.67
2023-07-24T01:30:00Z,552714,0.010571,0,
2023-07-24T02:30:00Z,552720,0.006147,0,
2023-07-24T03:30:00Z,552726,0.004081,0,
2023-07-24T04:30:00Z,552732,0.005373,0,
2023-07-24T05:30:00Z,552738,0.004608,0,
2023-07-24T06:30:00Z,552744,0.004428,0,
2023-07-24T07:30:00Z,552750,0.005822,0,
2023-07-24T08:30:00Z,552756,0.006142,0,
2023-07-24T09:30:00Z,552762,0.005406,0,
2023-07-24T10:30:00Z,552768,0.004032,0,
2023-07-24T11:30:00Z,552774,0.005791,0,
2023-07-24T12:30:00Z,552780,0.007352,0,
2023-07-24T13:30:00Z,552786,0.005674,0,
2023-07-24T14:30:00Z,552792,0.005419,0,
2023-07-24T15:30:00Z,552798,0.007350,0,
2023-07-24T16:30:00Z,552804,0.005891,0,
2023-07-24T17:30:00Z,552810,0.008147,0,
2023-07-24T18:30:00Z,552816,0.008427,0,
2023-07-24T19:30:00Z,552822,0.005242,0,
2023-07-24T20:30:00Z,552828,0.006610,0,
2023-07-24T21:30:00Z,552834,0.006825,0,
2023-07-24T22:30:00Z,552840,0.006186,0,
2023-07-24T23:30:00Z,552846,0.008760,0,
2023-07-25T00:30:00Z,552852,0.010593,0,
2023-07-25T01:30:00Z,552858,0.011885,0,
2023-07-25T02:30:00Z,552864,0.010817,0,
2023-07-25T03:30:00Z,552870,0.012061,0,
2023-07-25T04:30:00Z,552876,0.011328,0,
2023-07-25T05:30:00Z,552882,0.008774,0,
2023-07-25T06:30:00Z,552888,0.006924,0,
2023-07-25T07:30:00Z,552894,0.010269,0,
2023-07-25T08:30:00Z,552900,0.010256,0,
2023-07-25T09:30:00Z,552906,0.007917,0,
2023-07-25T10:30:00Z,552912,0.006220,0,
2023-07-25T11:30:00Z,552918,0.004571,0,
2023-07-25T12:30:00Z,552924,0.003099,0,
2023-07-25T13:30:00Z,552930,0.004488,0,
2023-07-25T14:30:00Z,552936,0.004007,0,
2023-07-25T15:30:00Z,552942,0.005055,0,
2023-07-25T16:30:00Z,552948,0.004790,0,
2023-07-25T17:30:00Z,552954,0.004680,0,
2023-07-25T18:30:00Z,552960,0.005590,0,
2023-07-25T19:30:00Z,552966,0.004173,1,23.83
2023-07-25T20:30:00Z,552972,0.003879,1,22.83
2023-07-25T21:30:00Z,552978,0.003319,1,21.83
2023-07-25T22:30:00Z,552984,0.003007,1,20.83
2023-07-25T23:30:00Z,552990,0.002665,1,19.83
2023-07-26T00:30:00Z,552996,0.003099,1,18.83
2023-07-26T01:30:00Z,553002,0.005075,1,17.83
2023-07-26T02:30:00Z,553008,0.005854,1,16.83
2023-07-26T03:30:00Z,553014,0.006452,1,15.83
2023-07-26T04:30:00Z,553020,0.003849,1,14.83
2023-07-26T05:30:00Z,553026,0.003125,1,13.83
2023-07-26T06:30:00Z,553032,0.005193,1,12.83
2023-07-26T07:30:00Z,553038,0.005830,1,11.83
2023-07-26T08:30:00Z,553044,0.009455,1,10.83
2023-07-27T15:40:00Z,553193,0.007491,0,
2023-07-27T16:40:00Z,553199,0.007809,0,
2023-07-27T17:40:00Z,553205,0.007765,0,
2023-07-27T18:40:00Z,553211,0.006270,0,
2023-07-27T19:40:00Z,553217,0.004286,0,
2023-07-27T20:40:00Z,553223,0.008458,0,
2023-07-27T21:40:00Z,553229,0.006655,0,
2023-07-27T22:40:00Z,553235,0.004975,0,
2023-07-27T23:40:00Z,553241,0.008008,0,
2023-07-28T00:40:00Z,553247,0.009161,0,
2023-07-28T01:40:00Z,553253,0.008922,0,
2023-07-28T02:40:00Z,553259,0.011352,0,
2023-07-28T03:40:00Z,553265,0.010397,0,
2023-07-28T04:40:00Z,553271,0.007130,0,
2023-07-28T05:40:00Z,553277,0.006043,0,
2023-07-28T06:40:00Z,553283,0.007901,1,23.83
2023-07-28T07:40:00Z,553289,0.008066,1,22.83
2023-07-28T08:40:00Z,553295,0.007066,1,21.83
2023-07-28T09:40:00Z,553301,0.008424,1,20.83
2023-07-28T10:40:00Z,553307,0.007732,1,19.83
2023-07-28T11:40:00Z,553313,0.007650,1,18.83
2023-07-28T12:40:00Z,553319,0.006235,1,17.83
2023-07-28T13:40:00Z,553325,0.006919,1,16.83
2023-07-28T14:40:00Z,553331,0.007920,1,15.83
2023-07-28T15:40:00Z,553337,0.006228,1,14.83
2023-07-28T16:40:00Z,553343,0.006854,1,13.83
2023-07-28T17:40:00Z,553349,0.008161,1,12.83
2023-07-28T18:40:00Z,553355,0.006623,1,11.83
2023-07-28T19:40:00Z,553361,0.006828,1,10.83
2023-07-28T20:40:00Z,553367,0.006426,1,9.83
2023-07-28T21:40:00Z,553373,0.007625,1,8.83
2023-07-28T22:40:00Z,553379,0.007618,1,7.83
2023-07-28T23:40:00Z,553385,0.008495,1,6.83
2023-07-29T00:40:00Z,553391,0.008805,1,5.83
2023-07-29T01:40:00Z,553397,0.007406,1,4.83
2023-07-29T02:40:00Z,553403,0.007919,1,3.83
2023-07-29T03:40:00Z,553409,0.008307,1,2.83
2023-07-29T04:40:00Z,553415,0.009986,1,1.83
2023-07-29T05:40:00Z,553421,0.009657,1,0.83
2023-07-29T06:40:00Z,553427,0.007690,0,
2023-07-29T07:40:00Z,553433,0.021252,0,
2023-07-29T08:40:00Z,553439,0.013395,0,
2023-07-29T09:40:00Z,553445,0.012727,0,
2023-07-29T10:40:00Z,553451,0.017225,0,
2023-07-29T11:40:00Z,553457,0.013399,0,
2023-07-29T12:40:00Z,553463,0.012545,0,
2023-07-29T13:40:00Z,553469,0.014271,0,
2023-07-29T14:40:00Z,553475,0.012983,0,
2023-07-29T15:40:00Z,553481,0.013881,0,
2023-07-29T16:40:00Z,553487,0.015303,0,
2023-07-29T17:40:00Z,553493,0.016246,0,
2023-07-29T18:40:00Z,553499,0.016567,1,23.50
2023-07-29T19:40:00Z,553505,0.015538,1,22.50
2023-07-29T20:40:00Z,553511,0.020111,1,21.50
2023-07-29T21:40:00Z,553517,0.012251,1,20.50
2023-07-29T22:40:00Z,553523,0.009609,1,19.50
2023-07-29T23:40:00Z,553529,0.009093,1,18.50
2023-07-30T00:40:00Z,553535,0.009030,1,17.50
2023-07-30T01:40:00Z,553541,0.009210,1,16.50
2023-07-30T02:40:00Z,553547,0.008545,1,15.50
2023-07-30T03:40:00Z,553553,0.009571,1,14.50
2023-07-30T04:40:00Z,553559,0.009994,1,13.50
2023-07-30T05:40:00Z,553565,0.011438,1,12.50
2023-07-30T06:40:00Z,553571,0.014540,1,11.50
2023-07-30T07:40:00Z,553577,0.017560,1,10.50
2023-07-30T08:40:00Z,553583,0.022729,1,9.50
2023-07-30T09:40:00Z,553589,0.028729,1,8.50
2023-07-30T10:40:00Z,553595,0.025191,1,7.50
2023-07-30T11:40:00Z,553601,0.020559,1,6.50
2023-07-30T12:40:00Z,553607,0.018999,1,5.50
2023-07-30T13:40:00Z,553613,0.018510,1,4.50
2023-07-30T14:40:00Z,553619,0.018509,1,3.50
2023-07-30T15:40:00Z,553625,0.015314,1,2.50
2023-07-30T16:40:00Z,553631,0.011203,1,1.50
2023-07-30T17:40:00Z,553637,0.009767,1,0.50
2023-07-30T18:40:00Z,553643,0.011589,0,
2023-07-30T19:40:00Z,553649,0.013046,0,
2023-07-30T20:40:00Z,553655,0.010633,0,
2023-07-30T21:40:00Z,553661,0.012219,0,
2023-07-30T22:40:00Z,553667,0.012610,0,
2023-07-30T23:40:00Z,553673,0.013374,0,
2023-07-31T00:40:00Z,553679,0.013970,0,
2023-07-31T01:40:00Z,553685,0.016286,0,
2023-07-31T02:40:00Z,553691,0.014217,0,
2023-07-31T03:40:00Z,553697,0.014198,0,
2023-07-31T04:40:00Z,553703,0.014017,0,
2023-07-31T05:40:00Z,553709,0.016921,0,
2023-07-31T06:40:00Z,553715,0.014614,0,
2023-07-31T07:40:00Z,553721,0.019482,0,
2023-07-31T08:40:00Z,553727,0.023735,0,
2023-07-31T09:40:00Z,553733,0.026032,0,
2023-07-31T10:40:00Z,553739,0.022722,0,
2023-07-31T11:40:00Z,553745,0.020067,0,
2023-07-31T12:40:00Z,553751,0.024864,0,
2023-07-31T13:40:00Z,553757,0.033923,0,
2023-07-31T14:40:00Z,553763,0.034928,0,
2023-07-31T15:40:00Z,553769,0.019814,0,
2023-07-31T16:40:00Z,553775,0.013483,0,
2023-07-31T17:40:00Z,553781,0.014615,0,
2023-07-31T18:40:00Z,553787,0.012692,0,
2023-07-31T19:40:00Z,553793,0.013785,0,
2023-07-31T20:40:00Z,553799,0.010114,0,
2023-07-31T21:40:00Z,553805,0.010142,0,
2023-07-31T22:40:00Z,553811,0.012595,0,
2023-07-31T23:40:00Z,553817,0.010580,0,
2023-08-01T00:40:00Z,553823,0.014707,0,
2023-08-01T01:40:00Z,553829,0.013088,1,23.67
2023-08-01T02:40:00Z,553835,0.011083,1,22.67
2023-08-01T03:40:00Z,553841,0.011409,1,21.67
2023-08-01T04:40:00Z,553847,0.012699,1,20.67
2023-08-01T05:40:00Z,553853,0.017923,1,19.67
2023-08-01T06:40:00Z,553859,0.014979,1,18.67
2023-08-01T07:40:00Z,553865,0.016101,1,17.67
2023-08-01T08:40:00Z,553871,0.018765,1,16.67
2023-08-01T09:40:00Z,553877,0.019180,1,15.67
2023-08-01T10:40:00Z,553883,0.017515,1,14.67
2023-08-01T11:40:00Z,553889,0.013233,1,13.67
2023-08-01T12:40:00Z,553895,0.011134,1,12.67
2023-08-01T13:40:00Z,553901,0.008984,1,11.67
2023-08-01T14:40:00Z,553907,0.009462,1,10.67
2023-08-01T15:40:00Z,553913,0.008068,1,9.67
2023-08-01T16:40:00Z,553919,0.009225,1,8.67
2023-08-01T17:40:00Z,553925,0.011862,1,7.67
2023-08-01T18:40:00Z,553931,0.017372,1,6.67
2023-08-01T19:40:00Z,553937,0.016333,1,5.67
2023-08-01T20:40:00Z,553943,0.014427,1,4.67
2023-08-01T21:40:00Z,553949,0.011507,1,3.67
2023-08-01T22:40:00Z,553955,0.009170,1,2.67
2023-08-01T23:40:00Z,553961,0.010727,1,1.67
2023-08-02T00:40:00Z,553967,0.011467,1,0.67
2023-08-02T01:40:00Z,553973,0.012335,1,19.50
2023-08-02T02:40:00Z,553979,0.013699,1,18.50
2023-08-02T03:40:00Z,553985,0.012403,1,17.50
2023-08-02T04:40:00Z,553991,0.012613,1,16.50
2023-08-02T05:40:00Z,553997,0.012000,1,15.50
2023-08-02T06:40:00Z,554003,0.013345,1,14.50
2023-08-02T07:40:00Z,554009,0.007130,1,13.50
2023-08-02T08:40:00Z,554015,0.011288,1,12.50
2023-08-02T09:40:00Z,554021,0.011546,1,11.50
2023-08-02T10:40:00Z,554027,0.010146,1,10.50
2023-08-02T11:40:00Z,554033,0.010296,1,9.50
2023-08-02T12:40:00Z,554039,0.008597,1,8.50
2023-08-02T13:40:00Z,554045,0.006679,1,7.50
2023-08-02T14:40:00Z,554051,0.010613,1,6.50
2023-08-02T15:40:00Z,554057,0.018437,1,5.50
2023-08-02T16:40:00Z,554063,0.012306,1,4.50
2023-08-02T17:40:00Z,554069,0.006381,1,3.50
2023-08-02T18:40:00Z,554075,0.006278,1,2.50
2023-08-02T19:40:00Z,554081,0.006118,1,1.50
2023-08-02T20:40:00Z,554087,0.004773,1,0.50
2023-08-02T21:40:00Z,554093,0.004826,0,
2023-08-02T22:40:00Z,554099,0.004995,0,
2023-08-02T23:40:00Z,554105,0.004909,0,
2023-08-03T00:40:00Z,554111,0.003411,0,
2023-08-03T01:40:00Z,554117,0.003079,0,
2023-08-03T02:40:00Z,554123,0.003583,0,
2023-08-03T03:40:00Z,554129,0.003111,0,
2023-08-03T04:40:00Z,554135,0.004852,0,
2023-08-03T05:40:00Z,554141,0.004698,0,
2023-08-03T06:40:00Z,554147,0.006182,0,
2023-08-03T07:40:00Z,554153,0.005559,0,
2023-08-03T08:40:00Z,554159,0.005141,0,
2023-08-03T09:40:00Z,554165,0.003931,0,
2023-08-03T10:40:00Z,554171,0.003871,0,
2023-08-03T11:40:00Z,554177,0.003960,0,
2023-08-03T12:40:00Z,554183,0.003943,0,
2023-08-03T13:40:00Z,554189,0.004222,0,
2023-08-03T14:40:00Z,554195,0.005388,0,
2023-08-03T15:40:00Z,554201,0.006103,0,
2023-08-03T16:40:00Z,554207,0.007198,0,
2023-08-03T17:40:00Z,554213,0.009042,0,
2023-08-03T18:40:00Z,554219,0.006325,0,
2023-08-03T19:40:00Z,554225,0.004264,0,
2023-08-03T20:40:00Z,554231,0.006577,0,
2023-08-03T21:40:00Z,554237,0.005457,0,
2023-08-03T22:40:00Z,554243,0.005227,0,
2023-08-03T23:40:00Z,554249,0.005074,0,
2023-08-04T00:40:00Z,554255,0.005840,0,
2023-08-04T01:40:00Z,554261,0.006345,0,
2023-08-04T02:40:00Z,554267,0.006244,0,
2023-08-04T03:40:00Z,554273,0.003474,0,
2023-08-04T04:40:00Z,554279,0.003713,0,
2023-08-04T05:40:00Z,554285,0.002732,0,
2023-08-04T06:40:00Z,554291,0.003164,1,23.33
2023-08-04T07:40:00Z,554297,0.003196,1,22.33
2023-08-04T08:40:00Z,554303,0.004181,1,21.33
2023-08-04T09:40:00Z,554309,0.006176,1,20.33
2023-08-04T10:40:00Z,554315,0.006150,1,19.33
2023-08-04T11:40:00Z,554321,0.006378,1,18.33
2023-08-04T12:40:00Z,554327,0.006362,1,17.33
2023-08-04T13:40:00Z,554333,0.005706,1,16.33
2023-08-04T14:40:00Z,554339,0.004829,1,15.33
2023-08-04T15:40:00Z,554345,0.005996,1,14.33
2023-08-04T16:40:00Z,554351,0.006059,1,13.33
2023-08-04T17:40:00Z,554357,0.007460,1,12.33
2023-08-04T18:40:00Z,554363,0.006618,1,11.33
2023-08-04T19:40:00Z,554369,0.008139,1,10.33
2023-08-04T20:40:00Z,554375,0.004343,1,9.33
2023-08-04T21:40:00Z,554381,0.004880,1,8.33
2023-08-04T22:40:00Z,554387,0.005149,1,7.33
2023-08-04T23:40:00Z,554393,0.007359,1,6.33
2023-08-05T00:40:00Z,554399,0.007304,1,5.33
2023-08-05T01:40:00Z,554405,0.012411,1,4.33
2023-08-05T02:40:00Z,554411,0.016940,1,3.33
2023-08-05T03:40:00Z,554417,0.020470,1,2.33
2023-08-05T04:40:00Z,554423,0.016265,1,1.33
2023-08-05T05:40:00Z,554429,0.010522,1,0.33
2023-08-05T06:40:00Z,554435,0.012081,0,
2023-08-05T07:40:00Z,554441,0.010034,0,
2023-08-05T08:40:00Z,554447,0.009228,0,
2023-08-05T09:40:00Z,554453,0.007056,0,
2023-08-05T10:40:00Z,554459,0.008193,0,
2023-08-05T11:40:00Z,554465,0.005749,0,
2023-08-05T12:40:00Z,554471,0.009968,0,
2023-08-05T13:40:00Z,554477,0.004980,0,
2023-08-05T14:40:00Z,554483,0.005863,0,
2023-08-05T15:40:00Z,554489,0.012063,0,
2023-08-05T16:40:00Z,554495,0.010203,0,
2023-08-05T17:40:00Z,554501,0.010167,0,
2023-08-05T18:40:00Z,554507,0.008255,0,
2023-08-05T19:40:00Z,554513,0.004936,0,
2023-08-05T20:40:00Z,554519,0.007427,0,
2023-08-05T21:40:00Z,554525,0.008532,0,
2023-08-05T22:40:00Z,554531,0.007405,0,
2023-08-05T23:40:00Z,554537,0.006825,0,
2023-08-06T00:40:00Z,554543,0.006372,0,
2023-08-06T01:40:00Z,554549,0.003082,0,
2023-08-06T02:40:00Z,554555,0.003177,0,
2023-08-06T03:40:00Z,554561,0.003362,0,
2023-08-06T04:40:00Z,554567,0.004400,0,
2023-08-06T05:40:00Z,554573,0.005729,0,
2023-08-06T06:40:00Z,554579,0.005482,0,
2023-08-06T07:40:00Z,554585,0.005752,0,
2023-08-06T08:40:00Z,554591,0.004984,0,
2023-08-06T09:40:00Z,554597,0.007508,0,
2023-08-06T10:40:00Z,554603,0.004228,0,
2023-08-06T11:40:00Z,554609,0.005134,0,
2023-08-06T12:40:00Z,554615,0.005260,0,
2023-08-06T13:40:00Z,554621,0.004449,0,
2023-08-06T14:40:00Z,554627,0.002870,0,
2023-08-06T15:40:00Z,554633,0.006190,0,
2023-08-06T16:40:00Z,554639,0.005716,0,
2023-08-06T17:40:00Z,554645,0.005537,0,
2023-08-06T18:40:00Z,554651,0.004840,0,
2023-08-06T19:40:00Z,554657,0.006218,0,
2023-08-06T20:40:00Z,554663,0.003198,0,
2023-08-06T21:40:00Z,554669,0.003222,0,
2023-08-06T22:40:00Z,554675,0.003861,0,
2023-08-06T23:40:00Z,554681,0.005193,0,
2023-08-07T00:40:00Z,554687,0.004188,0,
2023-08-07T01:40:00Z,554693,0.002861,0,
2023-08-07T02:40:00Z,554699,0.003496,0,
2023-08-07T03:40:00Z,554705,0.006917,0,
2023-08-07T04:40:00Z,554711,0.006878,0,
2023-08-07T05:40:00Z,554717,0.006290,0,
2023-08-07T06:40:00Z,554723,0.004014,0,
2023-08-07T07:40:00Z,554729,0.006494,0,
2023-08-07T08:40:00Z,554735,0.007255,0,
2023-08-07T09:40:00Z,554741,0.006456,0,
2023-08-07T10:40:00Z,554747,0.006023,0,
2023-08-07T11:40:00Z,554753,0.004471,0,
2023-08-07T12:40:00Z,554759,0.004190,0,
2023-08-07T13:40:00Z,554765,0.004904,0,
2023-08-07T14:40:00Z,554771,0.004356,0,
2023-08-07T15:40:00Z,554777,0.003839,0,
2023-08-07T16:40:00Z,554783,0.004101,0,
2023-08-07T17:40:00Z,554789,0.004119,0,
2023-08-07T18:40:00Z,554795,0.004505,0,
2023-08-07T19:40:00Z,554801,0.005626,0,
2023-08-07T20:40:00Z,554807,0.008127,0,
2023-08-07T21:40:00Z,554813,0.007958,0,
2023-08-07T22:40:00Z,554819,0.005625,0,
2023-08-07T23:40:00Z,554825,0.004829,0,
2023-08-08T00:40:00Z,554831,0.004298,0,
2023-08-08T01:40:00Z,554837,0.006326,0,
2023-08-08T02:40:00Z,554843,0.005659,0,
2023-08-08T03:40:00Z,554849,0.006249,0,
2023-08-08T04:40:00Z,554855,0.006266,0,
2023-08-08T05:40:00Z,554861,0.007900,0,
2023-08-08T06:40:00Z,554867,0.008624,0,
2023-08-08T07:40:00Z,554873,0.008713,0,
2023-08-08T08:40:00Z,554879,0.007735,0,
2023-08-08T09:40:00Z,554885,0.009204,0,
2023-08-08T10:40:00Z,554891,0.012103,0,
2023-08-08T11:40:00Z,554897,0.015300,0,
2023-08-08T12:40:00Z,554903,0.023736,0,
2023-08-08T13:40:00Z,554909,0.025556,0,
2023-08-08T14:40:00Z,554915,0.031819,0,
2023-08-08T15:40:00Z,554921,0.029178,0,
2023-08-08T16:40:00Z,554927,0.034762,0,
2023-08-08T17:40:00Z,554933,0.034748,0,
2023-08-08T18:40:00Z,554939,0.021728,0,
2023-08-08T19:40:00Z,554945,0.014052,0,
2023-08-08T20:40:00Z,554951,0.009253,0,
2023-08-08T21:40:00Z,554957,0.008351,0,
2023-08-08T22:40:00Z,554963,0.005927,0,
2023-08-08T23:40:00Z,554969,0.005370,0,
2023-08-09T00:40:00Z,554975,0.005535,0,
2023-08-09T01:40:00Z,554981,0.006044,0,
2023-08-09T02:40:00Z,554987,0.004654,0,
2023-08-09T03:40:00Z,554993,0.004532,0,
2023-08-09T04:40:00Z,554999,0.004189,0,
2023-08-09T05:40:00Z,555005,0.006637,0,
2023-08-09T06:40:00Z,555011,0.005021,0,
2023-08-09T07:40:00Z,555017,0.005230,0,
2023-08-09T08:40:00Z,555023,0.006492,0,
2023-08-09T09:40:00Z,555029,0.004525,0,
2023-08-09T10:40:00Z,555035,0.003806,0,
2023-08-09T11:40:00Z,555041,0.004161,0,
2023-08-09T12:40:00Z,555047,0.006041,0,
2023-08-09T13:40:00Z,555053,0.005328,0,
2023-08-09T14:40:00Z,555059,0.011282,0,
2023-08-09T15:40:00Z,555065,0.011729,0,
2023-08-09T16:40:00Z,555071,0.010131,0,
2023-08-09T17:40:00Z,555077,0.011338,0,
2023-08-09T18:40:00Z,555083,0.012834,0,
2023-08-09T19:40:00Z,555089,0.012728,0,
2023-08-09T20:40:00Z,555095,0.012431,0,
2023-08-09T21:40:00Z,555101,0.009302,0,
2023-08-09T22:40:00Z,555107,0.009603,0,
2023-08-09T23:40:00Z,555113,0.009618,0,
2023-08-10T00:40:00Z,555119,0.008844,0,
2023-08-10T01:40:00Z,555125,0.013225,0,
2023-08-10T02:40:00Z,555131,0.009508,0,
2023-08-10T03:40:00Z,555137,0.009179,0,
2023-08-10T04:40:00Z,555143,0.011242,0,
2023-08-10T05:40:00Z,555149,0.009816,0,
2023-08-10T06:40:00Z,555155,0.005968,0,
2023-08-10T07:40:00Z,555161,0.007367,0,
2023-08-10T08:40:00Z,555167,0.008190,0,
2023-08-10T09:40:00Z,555173,0.008251,0,
2023-08-10T10:40:00Z,555179,0.006492,0,
2023-08-10T11:40:00Z,555185,0.006074,0,
2023-08-10T12:40:00Z,555191,0.006783,0,
2023-08-10T13:40:00Z,555197,0.005916,0,
2023-08-10T14:40:00Z,555203,0.006144,0,
2023-08-10T15:40:00Z,555209,0.006196,0,
2023-08-10T16:40:00Z,555215,0.006507,0,
2023-08-10T17:40:00Z,555221,0.006006,0,
2023-08-10T18:40:00Z,555227,0.006342,0,
2023-08-10T19:40:00Z,555233,0.006191,0,
2023-08-10T20:40:00Z,555239,0.006112,0,
2023-08-10T21:40:00Z,555245,0.006103,0,
2023-08-10T22:40:00Z,555251,0.005485,0,
2023-08-10T23:40:00Z,555257,0.005740,0,
2023-08-11T00:40:00Z,555263,0.005743,0,
2023-08-11T01:40:00Z,555269,0.006277,0,
2023-08-11T02:40:00Z,555275,0.005995,0,
2023-08-11T03:40:00Z,555281,0.006852,0,
2023-08-11T04:40:00Z,555287,0.006896,0,
2023-08-11T05:40:00Z,555293,0.007696,0,
2023-08-11T06:40:00Z,555299,0.007422,0,
2023-08-11T07:40:00Z,555305,0.007736,0,
2023-08-11T08:40:00Z,555311,0.007967,0,
2023-08-11T09:40:00Z,555317,0.009389,0,
2023-08-11T10:40:00Z,555323,0.010854,0,
2023-08-11T11:40:00Z,555329,0.012368,0,
2023-08-11T12:40:00Z,555335,0.012017,0,
2023-08-11T13:40:00Z,555341,0.011915,0,
2023-08-11T14:40:00Z,555347,0.010915,0,
2023-08-11T15:40:00Z,555353,0.011134,0,
2023-08-11T16:40:00Z,555359,0.009631,0,
2023-08-11T17:40:00Z,555365,0.009871,0,
2023-08-11T18:40:00Z,555371,0.008367,0,
2023-08-11T19:40:00Z,555377,0.007213,0,
2023-08-11T20:40:00Z,555383,0.006763,0,
2023-08-11T21:40:00Z,555389,0.006999,0,
2023-08-11T22:40:00Z,555395,0.006928,0,
2023-08-11T23:40:00Z,555401,0.005959,0,
2023-08-12T00:40:00Z,555407,0.006865,0,
2023-08-12T01:40:00Z,555413,0.006854,0,
2023-08-12T02:40:00Z,555419,0.005062,0,
2023-08-12T03:40:00Z,555425,0.009851,0,
2023-08-12T04:40:00Z,555431,0.007232,0,
2023-08-12T05:40:00Z,555437,0.007725,0,
2023-08-12T06:40:00Z,555443,0.008426,0,
2023-08-12T07:40:00Z,555449,0.010175,0,
2023-08-12T08:40:00Z,555455,0.005723,0,
2023-08-12T09:40:00Z,555461,0.010258,0,
2023-08-12T10:40:00Z,555467,0.010485,0,
2023-08-12T11:40:00Z,555473,0.009750,0,
2023-08-12T12:40:00Z,555479,0.011934,0,
2023-08-12T13:40:00Z,555485,0.011672,0,
2023-08-12T14:40:00Z,555491,0.014871,0,
2023-08-12T15:40:00Z,555497,0.015903,0,
2023-08-12T16:40:00Z,555503,0.015605,0,
2023-08-12T17:40:00Z,555509,0.014336,0,
2023-08-12T18:40:00Z,555515,0.014257,0,
2023-08-12T19:40:00Z,555521,0.012467,0,
2023-08-12T20:40:00Z,555527,0.009275,0,
2023-08-12T21:40:00Z,555533,0.011700,0,
2023-08-12T22:40:00Z,555539,0.010665,0,
2023-08-12T23:40:00Z,555545,0.009020,0,
2023-08-13T00:40:00Z,555551,0.010823,0,
2023-08-13T01:40:00Z,555557,0.011781,0,
2023-08-13T02:40:00Z,555563,0.011590,0,
2023-08-13T03:40:00Z,555569,0.011584,0,
2023-08-13T04:40:00Z,555575,0.011357,0,
2023-08-13T05:40:00Z,555581,0.010072,0,
2023-08-13T06:40:00Z,555587,0.008716,0,
2023-08-13T07:40:00Z,555593,0.007756,0,
2023-08-13T08:40:00Z,555599,0.007830,0,
2023-08-13T09:40:00Z,555605,0.008127,0,
2023-08-13T10:40:00Z,555611,0.009366,0,
2023-08-13T11:40:00Z,555617,0.009531,0,
2023-08-13T12:40:00Z,555623,0.014207,0,
2023-08-13T13:40:00Z,555629,0.015785,0,
2023-08-13T14:40:00Z,555635,0.024950,0,
2023-08-13T15:40:00Z,555641,0.017866,0,
2023-08-13T16:40:00Z,555647,0.015832,0,
2023-08-13T17:40:00Z,555653,0.023500,0,
2023-08-13T18:40:00Z,555659,0.013020,0,
2023-08-13T19:40:00Z,555665,0.011992,0,
2023-08-13T20:40:00Z,555671,0.011600,0,
2023-08-13T21:40:00Z,555677,0.010422,0,
2023-08-13T22:40:00Z,555683,0.009008,0,
2023-08-13T23:40:00Z,555689,0.008482,0,
2023-08-14T00:40:00Z,555695,0.008781,0,
2023-08-14T01:40:00Z,555701,0.006882,0,
2023-08-14T02:40:00Z,555707,0.007192,0,
2023-08-14T03:40:00Z,555713,0.008241,0,
2023-08-14T04:40:00Z,555719,0.007652,0,
2023-08-14T05:40:00Z,555725,0.008496,0,
2023-08-14T06:40:00Z,555731,0.007896,0,
2023-08-14T07:40:00Z,555737,0.007233,0,
2023-08-14T08:40:00Z,555743,0.007612,0,
2023-08-14T09:40:00Z,555749,0.006265,0,
2023-08-14T10:40:00Z,555755,0.008456,0,
2023-08-14T11:40:00Z,555761,0.007810,0,
2023-08-14T12:40:00Z,555767,0.011782,0,
2023-08-14T13:40:00Z,555773,0.015643,0,
2023-08-14T14:40:00Z,555779,0.017175,0,
2023-08-14T15:40:00Z,555785,0.016771,0,
2023-08-14T16:40:00Z,555791,0.017959,0,
2023-08-14T17:40:00Z,555797,0.016644,0,
2023-08-14T18:40:00Z,555803,0.016390,0,
2023-08-14T19:40:00Z,555809,0.016621,0,
2023-08-14T20:40:00Z,555815,0.019715,0,
2023-08-14T21:40:00Z,555821,0.011242,0,
2023-08-14T22:40:00Z,555827,0.012469,0,
2023-08-14T23:40:00Z,555833,0.009364,0,
2023-08-15T00:40:00Z,555839,0.009061,0,
2023-08-15T01:40:00Z,555845,0.008971,0,
2023-08-15T02:40:00Z,555851,0.009648,0,
2023-08-15T03:40:00Z,555857,0.008776,0,
2023-08-15T04:40:00Z,555863,0.008640,0,
2023-08-15T05:40:00Z,555869,0.009501,0,
2023-08-15T06:40:00Z,555875,0.008555,0,
2023-08-15T07:40:00Z,555881,0.008391,0,
2023-08-15T08:40:00Z,555887,0.007658,0,
2023-08-15T09:40:00Z,555893,0.007583,0,
2023-08-15T10:40:00Z,555899,0.010352,0,
2023-08-15T11:40:00Z,555905,0.008346,0,
2023-08-15T12:40:00Z,555911,0.009587,0,
2023-08-15T13:40:00Z,555917,0.007199,0,
2023-08-15T14:40:00Z,555923,0.007514,0,
2023-08-15T15:40:00Z,555929,0.006114,0,
2023-08-15T16:40:00Z,555935,0.007629,0,
2023-08-15T17:40:00Z,555941,0.014198,0,
2023-08-15T18:40:00Z,555947,0.014591,0,
2023-08-15T19:40:00Z,555953,0.008558,0,
2023-08-15T20:40:00Z,555959,0.006701,0,
2023-08-15T21:40:00Z,555965,0.008653,0,
2023-08-15T22:40:00Z,555971,0.010729,0,
2023-08-15T23:40:00Z,555977,0.010148,0,
2023-08-16T00:40:00Z,555983,0.005933,0,
2023-08-16T01:40:00Z,555989,0.006000,0,
2023-08-16T02:40:00Z,555995,0.005706,0,
2023-08-16T03:40:00Z,556001,0.005373,0,
2023-08-16T04:40:00Z,556007,0.004561,0,
2023-08-16T05:40:00Z,556013,0.004530,0,
2023-08-16T06:40:00Z,556019,0.004527,0,
2023-08-16T07:40:00Z,556025,0.006150,0,
2023-08-16T08:40:00Z,556031,0.004100,0,
2023-08-16T09:40:00Z,556037,0.006108,0,
2023-08-16T10:40:00Z,556043,0.005953,0,
2023-08-16T11:40:00Z,556049,0.007801,0,
2023-08-16T12:40:00Z,556055,0.006296,0,
2023-08-16T13:40:00Z,556061,0.006465,0,
2023-08-16T14:40:00Z,556067,0.005297,0,
2023-08-16T15:40:00Z,556073,0.006811,0,
2023-08-16T16:40:00Z,556079,0.011816,0,
2023-08-16T17:40:00Z,556085,0.008089,0,
2023-08-16T18:40:00Z,556091,0.006655,0,
2023-08-16T19:40:00Z,556097,0.005421,0,
2023-08-16T20:40:00Z,556103,0.006244,0,
2023-08-16T21:40:00Z,556109,0.004573,0,
2023-08-16T22:40:00Z,556115,0.003798,0,
2023-08-16T23:40:00Z,556121,0.004273,0,
2023-08-17T00:40:00Z,556127,0.005948,0,
2023-08-17T01:40:00Z,556133,0.003974,0,
2023-08-17T02:40:00Z,556139,0.003506,0,
2023-08-17T03:40:00Z,556145,0.003625,0,
2023-08-17T04:40:00Z,556151,0.004402,0,
2023-08-17T05:40:00Z,556157,0.003264,0,
2023-08-17T06:40:00Z,556163,0.003810,0,
2023-08-17T07:40:00Z,556169,0.004809,0,
2023-08-17T08:40:00Z,556175,0.004039,0,
2023-08-17T09:40:00Z,556181,0.004631,0,
2023-08-17T10:40:00Z,556187,0.005956,0,
2023-08-17T11:40:00Z,556193,0.004894,0,
2023-08-17T12:40:00Z,556199,0.005622,0,
2023-08-17T13:40:00Z,556205,0.004672,0,
2023-08-17T14:40:00Z,556211,0.005460,0,
2023-08-17T15:40:00Z,556217,0.005511,0,
2023-08-17T16:40:00Z,556223,0.005552,0,
2023-08-17T17:40:00Z,556229,0.005473,0,
2023-08-17T18:40:00Z,556235,0.005378,0,
2023-08-17T19:40:00Z,556241,0.005262,0,
2023-08-17T20:40:00Z,556247,0.005837,0,
2023-08-17T21:40:00Z,556253,0.005832,0,
2023-08-17T22:40:00Z,556259,0.010589,0,
2023-08-17T23:40:00Z,556265,0.010522,0,
2023-08-18T00:40:00Z,556271,0.006775,0,
2023-08-18T01:40:00Z,556277,0.006578,0,
2023-08-18T02:40:00Z,556283,0.003464,0,
2023-08-18T03:40:00Z,556289,0.007738,0,
2023-08-18T04:40:00Z,556295,0.003931,0,
2023-08-18T05:40:00Z,556301,0.006780,0,
2023-08-18T06:40:00Z,556307,0.006315,0,
2023-08-18T07:40:00Z,556313,0.007255,0,
2023-08-18T08:40:00Z,556319,0.006230,0,
2023-08-18T09:40:00Z,556325,0.006102,0,
2023-08-18T10:40:00Z,556331,0.005658,0,
2023-08-18T11:40:00Z,556337,0.004665,0,
2023-08-18T12:40:00Z,556343,0.005557,0,
2023-08-18T13:40:00Z,556349,0.004991,0,
2023-08-18T14:40:00Z,556355,0.005094,0,
2023-08-18T15:40:00Z,556361,0.008121,0,
2023-08-18T16:40:00Z,556367,0.006222,0,
2023-08-18T17:40:00Z,556373,0.006602,0,
2023-08-18T18:40:00Z,556379,0.006321,0,
2023-08-18T19:40:00Z,556385,0.006322,0,
2023-08-18T20:40:00Z,556391,0.005469,0,
2023-08-18T21:40:00Z,556397,0.004556,0,
2023-08-18T22:40:00Z,556403,0.004685,0,
2023-08-18T23:40:00Z,556409,0.005712,0,
2023-08-19T00:40:00Z,556415,0.005245,0,
2023-08-19T01:40:00Z,556421,0.005094,0,
2023-08-19T02:40:00Z,556427,0.005306,0,
2023-08-19T03:40:00Z,556433,0.005985,0,
2023-08-19T04:40:00Z,556439,0.007934,0,
2023-08-19T05:40:00Z,556445,0.008536,0,
2023-08-19T06:40:00Z,556451,0.006835,0,
2023-08-19T07:40:00Z,556457,0.006544,0,
2023-08-19T08:40:00Z,556463,0.006635,0,
2023-08-19T09:40:00Z,556469,0.008618,0,
2023-08-19T10:40:00Z,556475,0.012525,0,
2023-08-19T11:40:00Z,556481,0.014651,0,
2023-08-19T12:40:00Z,556487,0.013097,0,
2023-08-19T13:40:00Z,556493,0.011362,0,
2023-08-19T14:40:00Z,556499,0.010541,0,
2023-08-19T15:40:00Z,556505,0.009654,0,
2023-08-19T16:40:00Z,556511,0.012608,0,
2023-08-19T17:40:00Z,556517,0.010461,0,
2023-08-19T18:40:00Z,556523,0.009567,0,
2023-08-19T19:40:00Z,556529,0.016072,0,
2023-08-19T20:40:00Z,556535,0.008099,0,
2023-08-19T21:40:00Z,556541,0.007113,0,
2023-08-19T22:40:00Z,556547,0.009905,0,
2023-08-19T23:40:00Z,556553,0.005510,0,
2023-08-20T00:40:00Z,556559,0.007469,0,
2023-08-20T01:40:00Z,556565,0.008329,0,
2023-08-20T02:40:00Z,556571,0.008294,0,
2023-08-20T03:40:00Z,556577,0.009478,0,
2023-08-20T04:40:00Z,556583,0.007115,0,
2023-08-20T05:40:00Z,556589,0.008227,0,
2023-08-20T06:40:00Z,556595,0.008929,0,
2023-08-20T07:40:00Z,556601,0.008785,0,
2023-08-20T08:40:00Z,556607,0.007417,0,
2023-08-20T09:40:00Z,556613,0.008443,0,
2023-08-20T10:40:00Z,556619,0.007942,0,
2023-08-20T11:40:00Z,556625,0.008697,0,
2023-08-20T12:40:00Z,556631,0.007829,0,
2023-08-20T13:40:00Z,556637,0.010026,0,
2023-08-20T14:40:00Z,556643,0.008741,0,
2023-08-20T15:40:00Z,556649,0.007330,0,
2023-08-20T16:40:00Z,556655,0.014758,0,
2023-08-20T17:40:00Z,556661,0.008462,0,
2023-08-20T18:40:00Z,556667,0.008395,0,
2023-08-20T19:40:00Z,556673,0.008059,0,
2023-08-20T20:40:00Z,556679,0.007880,0,
2023-08-20T21:40:00Z,556685,0.008720,0,
2023-08-20T22:40:00Z,556691,0.008528,0,
2023-08-20T23:40:00Z,556697,0.008864,0,
2023-08-21T00:40:00Z,556703,0.008511,0,
2023-08-21T01:40:00Z,556709,0.009884,0,
2023-08-21T02:40:00Z,556715,0.005708,0,
2023-08-21T03:40:00Z,556721,0.010596,0,
2023-08-21T04:40:00Z,556727,0.007889,0,
2023-08-21T05:40:00Z,556733,0.009007,0,
2023-08-21T06:40:00Z,556739,0.007199,0,
2023-08-21T07:40:00Z,556745,0.007749,0,
2023-08-21T08:40:00Z,556751,0.007743,0,
2023-08-21T09:40:00Z,556757,0.007384,0,
2023-08-21T10:40:00Z,556763,0.009401,0,
2023-08-21T11:40:00Z,556769,0.007881,0,
2023-08-21T12:40:00Z,556775,0.008432,0,
2023-08-21T13:40:00Z,556781,0.008830,0,
2023-08-21T14:40:00Z,556787,0.006848,0,
2023-08-21T15:40:00Z,556793,0.014298,0,
2023-08-21T16:40:00Z,556799,0.008130,0,
2023-08-21T17:40:00Z,556805,0.008038,0,
2023-08-21T18:40:00Z,556811,0.006783,0,
2023-08-21T19:40:00Z,556817,0.005675,0,
2023-08-21T20:40:00Z,556823,0.008175,0,
2023-08-21T21:40:00Z,556829,0.009016,0,
2023-08-21T22:40:00Z,556835,0.007084,0,
2023-08-21T23:40:00Z,556841,0.007237,0,
2023-08-22T00:40:00Z,556847,0.006080,0,
2023-08-22T01:40:00Z,556853,0.008093,0,
2023-08-22T02:40:00Z,556859,0.008819,0,
2023-08-22T03:40:00Z,556865,0.008441,0,
2023-08-22T04:40:00Z,556871,0.007985,0,
2023-08-22T05:40:00Z,556877,0.009092,0,
2023-08-22T06:40:00Z,556883,0.010291,0,
2023-08-22T07:40:00Z,556889,0.022701,0,
2023-08-22T08:40:00Z,556895,0.010099,0,
2023-08-22T09:40:00Z,556901,0.009464,0,
2023-08-22T10:40:00Z,556907,0.010458,0,
2023-08-22T11:40:00Z,556913,0.008522,0,
2023-08-22T12:40:00Z,556919,0.014742,0,
2023-08-22T13:40:00Z,556925,0.008480,0,
2023-08-22T14:40:00Z,556931,0.008039,0,
2023-08-22T15:40:00Z,556937,0.007233,0,
2023-08-22T16:40:00Z,556943,0.007006,0,
2023-08-22T17:40:00Z,556949,0.006997,0,
2023-08-22T18:40:00Z,556955,0.006942,0,
2023-08-22T19:40:00Z,556961,0.006385,0,
2023-08-22T20:40:00Z,556967,0.012256,0,
2023-08-22T21:40:00Z,556973,0.006417,0,
2023-08-22T22:40:00Z,556979,0.007991,0,
2023-08-22T23:40:00Z,556985,0.006567,0,
2023-08-23T00:40:00Z,556991,0.006913,0,
2023-08-23T01:40:00Z,556997,0.011369,0,
2023-08-23T02:40:00Z,557003,0.011164,0,
2023-08-23T03:40:00Z,557009,0.008339,0,
2023-08-23T04:40:00Z,557015,0.007117,0,
2023-08-23T05:40:00Z,557021,0.009556,0,
2023-08-23T06:40:00Z,557027,0.010468,0,
2023-08-23T07:40:00Z,557033,0.014449,0,
2023-08-23T08:40:00Z,557039,0.015352,0,
2023-08-23T09:40:00Z,557045,0.016666,0,
2023-08-23T10:40:00Z,557051,0.011510,0,
2023-08-23T11:40:00Z,557057,0.012890,0,
2023-08-23T12:40:00Z,557063,0.015277,0,
2023-08-23T13:40:00Z,557069,0.014600,0,
2023-08-23T14:40:00Z,557075,0.016464,0,
2023-08-23T15:40:00Z,557081,0.014824,0,
2023-08-23T16:40:00Z,557087,0.010417,0,
2023-08-23T17:40:00Z,557093,0.011940,0,
2023-08-23T18:40:00Z,557099,0.018951,0,
2023-08-23T19:40:00Z,557105,0.018680,0,
2023-08-23T20:40:00Z,557111,0.016346,0,
2023-08-23T21:40:00Z,557117,0.010162,0,
2023-08-23T22:40:00Z,557123,0.013247,0,
2023-08-23T23:40:00Z,557129,0.014590,0,
2023-08-24T00:40:00Z,557135,0.018591,0,
2023-08-24T01:40:00Z,557141,0.020369,0,
2023-08-24T02:40:00Z,557147,0.011064,0,
2023-08-24T03:40:00Z,557153,0.010658,0,
2023-08-24T04:40:00Z,557159,0.011451,0,
2023-08-24T05:40:00Z,557165,0.014106,0,
2023-08-24T06:40:00Z,557171,0.019774,0,
2023-08-24T07:40:00Z,557177,0.018123,0,
2023-08-24T08:40:00Z,557183,0.014874,0,
2023-08-24T09:40:00Z,557189,0.017492,0,
2023-08-24T10:40:00Z,557195,0.018807,0,
2023-08-24T11:40:00Z,557201,0.008005,0,
2023-08-24T12:40:00Z,557207,0.009611,0,
2023-08-24T13:40:00Z,557213,0.004907,0,
2023-08-24T14:40:00Z,557219,0.004804,0,
2023-08-24T15:40:00Z,557225,0.004619,0,
2023-08-24T16:40:00Z,557231,0.004721,0,
2023-08-24T17:40:00Z,557237,0.004735,0,
2023-08-24T18:40:00Z,557243,0.004284,0,
2023-08-24T19:40:00Z,557249,0.003604,0,
2023-08-24T20:40:00Z,557255,0.003345,0,
2023-08-24T21:40:00Z,557261,0.003671,0,
2023-08-24T22:40:00Z,557267,0.003033,0,
2023-08-24T23:40:00Z,557273,0.003098,0,
2023-08-25T00:40:00Z,557279,0.003966,0,
2023-08-25T01:40:00Z,557285,0.003444,0,
2023-08-25T02:40:00Z,557291,0.005887,0,
2023-08-25T03:40:00Z,557297,0.005988,0,
2023-08-25T04:40:00Z,557303,0.005010,0,
2023-08-25T05:40:00Z,557309,0.003867,0,
2023-08-25T06:40:00Z,557315,0.006609,0,
2023-08-25T07:40:00Z,557321,0.007548,0,
2023-08-25T08:40:00Z,557327,0.011044,0,
2023-08-25T09:40:00Z,557333,0.012335,0,
2023-08-25T10:40:00Z,557339,0.014497,0,
2023-08-25T11:40:00Z,557345,0.011088,0,
2023-08-25T12:40:00Z,557351,0.006448,0,
2023-08-25T13:40:00Z,557357,0.005444,0,
2023-08-25T14:40:00Z,557363,0.006746,0,
2023-08-25T15:40:00Z,557369,0.005002,0,
2023-08-25T16:40:00Z,557375,0.006517,0,
2023-08-25T17:40:00Z,557381,0.006267,0,
2023-08-25T18:40:00Z,557387,0.006099,0,
2023-08-25T19:40:00Z,557393,0.007739,0,
2023-08-25T20:40:00Z,557399,0.006347,0,
2023-08-25T21:40:00Z,557405,0.006328,0,
2023-08-25T22:40:00Z,557411,0.007497,0,
2023-08-25T23:40:00Z,557417,0.006125,0,
2023-08-26T00:40:00Z,557423,0.007530,0,
2023-08-26T01:40:00Z,557429,0.010197,0,
2023-08-26T02:40:00Z,557435,0.008123,0,
2023-08-26T03:40:00Z,557441,0.010128,0,
2023-08-26T04:40:00Z,557447,0.009954,0,
2023-08-26T05:40:00Z,557453,0.010263,0,
2023-08-26T06:40:00Z,557459,0.008169,0,
2023-08-26T07:40:00Z,557465,0.005091,0,
2023-08-26T08:40:00Z,557471,0.008347,0,
2023-08-26T09:40:00Z,557477,0.006384,0,
2023-08-26T10:40:00Z,557483,0.006229,0,
2023-08-26T11:40:00Z,557489,0.007675,0,
2023-08-26T12:40:00Z,557495,0.012987,0,
2023-08-26T13:40:00Z,557501,0.010279,0,
2023-08-26T14:40:00Z,557507,0.013286,0,
2023-08-26T15:40:00Z,557513,0.007795,0,
2023-08-26T16:40:00Z,557519,0.012845,0,
2023-08-26T17:40:00Z,557525,0.008497,0,
2023-08-26T18:40:00Z,557531,0.007230,0,
2023-08-26T19:40:00Z,557537,0.009595,0,
2023-08-26T20:40:00Z,557543,0.014587,0,
2023-08-26T21:40:00Z,557549,0.007693,0,
2023-08-26T22:40:00Z,557555,0.004416,0,
2023-08-26T23:40:00Z,557561,0.004634,0,
2023-08-27T00:40:00Z,557567,0.004533,0,
2023-08-27T01:40:00Z,557573,0.003583,0,
2023-08-27T02:40:00Z,557579,0.004544,0,
2023-08-27T03:40:00Z,557585,0.003786,0,
2023-08-27T04:40:00Z,557591,0.002757,0,
2023-08-27T05:40:00Z,557597,0.003298,0,
2023-08-27T06:40:00Z,557603,0.005645,0,
2023-08-27T07:40:00Z,557609,0.006055,0,
2023-08-27T08:40:00Z,557615,0.004575,0,
2023-08-27T09:40:00Z,557621,0.006258,0,
2023-08-27T10:40:00Z,557627,0.005880,0,
2023-08-27T11:40:00Z,557633,0.004799,0,
2023-08-27T12:40:00Z,557639,0.005455,0,
2023-08-27T13:40:00Z,557645,0.004578,0,
2023-08-27T14:40:00Z,557651,0.004598,0,
2023-08-27T15:40:00Z,557657,0.003167,0,
2023-08-27T16:40:00Z,557663,0.003923,0,
2023-08-27T17:40:00Z,557669,0.006357,0,
2023-08-27T18:40:00Z,557675,0.008102,0,
2023-08-27T19:40:00Z,557681,0.006997,0,
2023-08-27T20:40:00Z,557687,0.003869,0,
2023-08-27T21:40:00Z,557693,0.003373,0,
2023-08-27T22:40:00Z,557699,0.004307,0,
2023-08-27T23:40:00Z,557705,0.005053,0,
2023-08-28T00:40:00Z,557711,0.004663,0,
2023-08-28T01:40:00Z,557717,0.003783,0,
2023-08-28T02:40:00Z,557723,0.006282,0,
2023-08-28T03:40:00Z,557729,0.004428,0,
2023-08-28T04:40:00Z,557735,0.003925,0,
2023-08-28T05:40:00Z,557741,0.003657,0,
2023-08-28T06:40:00Z,557747,0.003807,0,
2023-08-28T07:40:00Z,557753,0.005131,0,
2023-08-28T08:40:00Z,557759,0.005301,0,
2023-08-28T09:40:00Z,557765,0.003449,0,
2023-08-28T10:40:00Z,557771,0.004268,0,
2023-08-28T11:40:00Z,557777,0.005772,0,
2023-08-28T12:40:00Z,557783,0.005883,0,
2023-08-28T13:40:00Z,557789,0.005246,0,
2023-08-28T14:40:00Z,557795,0.006185,0,
2023-08-28T15:40:00Z,557801,0.004789,0,
2023-08-28T16:40:00Z,557807,0.006677,0,
2023-08-28T17:40:00Z,557813,0.004640,1,23.67
2023-08-28T18:40:00Z,557819,0.005876,1,22.67
2023-08-28T19:40:00Z,557825,0.006202,1,21.67
2023-08-28T20:40:00Z,557831,0.012066,1,20.67
2023-08-28T21:40:00Z,557837,0.011622,1,19.67
2023-08-28T22:40:00Z,557843,0.009975,1,18.67
2023-08-28T23:40:00Z,557849,0.010368,1,17.67
2023-08-29T00:40:00Z,557855,0.010894,1,16.67
2023-08-29T01:40:00Z,557861,0.011418,1,15.67
2023-08-29T02:40:00Z,557867,0.009760,1,14.67
2023-08-29T03:40:00Z,557873,0.008707,1,13.67
2023-08-29T04:40:00Z,557879,0.010140,1,12.67
2023-08-29T05:40:00Z,557885,0.008481,1,11.67
2023-08-29T06:40:00Z,557891,0.007974,1,10.67
2023-08-29T07:40:00Z,557897,0.009685,1,9.67
2023-08-29T08:40:00Z,557903,0.009637,1,8.67
2023-08-29T09:40:00Z,557909,0.005322,1,7.67
2023-08-29T10:40:00Z,557915,0.005603,1,6.67
2023-08-29T11:40:00Z,557921,0.005580,1,5.67
2023-08-29T12:40:00Z,557927,0.008037,1,4.67
2023-08-29T13:40:00Z,557933,0.006286,1,3.67
2023-08-29T14:40:00Z,557939,0.007649,1,2.67
2023-08-29T15:40:00Z,557945,0.006527,1,1.67
2023-08-29T16:40:00Z,557951,0.005801,1,0.67
2023-08-29T17:40:00Z,557957,0.007874,1,20.67
2023-08-29T18:40:00Z,557963,0.007037,1,19.67
2023-08-29T19:40:00Z,557969,0.015381,1,18.67
2023-08-29T20:40:00Z,557975,0.011932,1,17.67
2023-08-29T21:40:00Z,557981,0.009656,1,16.67
2023-08-29T22:40:00Z,557987,0.009371,1,15.67
2023-08-29T23:40:00Z,557993,0.009161,1,14.67
2023-08-30T00:40:00Z,557999,0.005640,1,13.67
2023-08-30T01:40:00Z,558005,0.003414,1,12.67
2023-08-30T02:40:00Z,558011,0.006575,1,11.67
2023-08-30T03:40:00Z,558017,0.003176,1,10.67
2023-08-30T04:40:00Z,558023,0.006409,1,9.67
2023-08-30T05:40:00Z,558029,0.006039,1,8.67
2023-08-30T06:40:00Z,558035,0.007055,1,7.67
2023-08-30T07:40:00Z,558041,0.005489,1,6.67
2023-08-30T08:40:00Z,558047,0.003917,1,5.67
2023-08-30T09:40:00Z,558053,0.003823,1,4.67
2023-08-30T10:40:00Z,558059,0.004005,1,3.67
2023-08-30T11:40:00Z,558065,0.007181,1,2.67
2023-08-30T12:40:00Z,558071,0.007490,1,1.67
2023-08-30T13:40:00Z,558077,0.006861,1,0.67
2023-08-30T14:40:00Z,558083,0.007338,0,
2023-08-30T15:40:00Z,558089,0.009743,0,
2023-08-30T16:40:00Z,558095,0.015044,0,
2023-08-30T17:40:00Z,558101,0.016387,0,
2023-08-30T18:40:00Z,558107,0.019831,0,
2023-08-30T19:40:00Z,558113,0.016904,0,
2023-08-30T20:40:00Z,558119,0.013037,0,
2023-08-30T21:40:00Z,558125,0.010385,0,
2023-08-30T22:40:00Z,558131,0.008059,0,
2023-08-30T23:40:00Z,558137,0.007136,0,
2023-08-31T00:40:00Z,558143,0.005680,0,
2023-08-31T01:40:00Z,558149,0.006401,0,
2023-08-31T02:40:00Z,558155,0.008314,0,
2023-08-31T03:40:00Z,558161,0.006642,0,
2023-08-31T04:40:00Z,558167,0.012334,0,
2023-08-31T05:40:00Z,558173,0.017609,0,
2023-08-31T06:40:00Z,558179,0.018147,0,
2023-08-31T07:40:00Z,558185,0.020304,0,
2023-08-31T08:40:00Z,558191,0.025759,0,
2023-08-31T09:40:00Z,558197,0.025270,0,
2023-08-31T10:40:00Z,558203,0.018995,0,
2023-08-31T11:40:00Z,558209,0.018655,0,
2023-08-31T12:40:00Z,558215,0.017265,0,
2023-08-31T13:40:00Z,558221,0.017996,0,
2023-08-31T14:40:00Z,558227,0.012865,0,
2023-08-31T15:40:00Z,558233,0.011645,0,
2023-08-31T16:40:00Z,558239,0.013697,0,
2023-08-31T17:40:00Z,558245,0.010367,0,
2023-08-31T18:40:00Z,558251,0.011649,0,
2023-08-31T19:40:00Z,558257,0.010637,0,
2023-08-31T20:40:00Z,558263,0.008660,0,
2023-08-31T21:40:00Z,558269,0.008486,0,
2023-08-31T22:40:00Z,558275,0.010928,0,
2023-08-31T23:40:00Z,558281,0.007864,0,
2023-09-01T00:40:00Z,558287,0.010353,0,
2023-09-01T01:40:00Z,558293,0.015326,0,
2023-09-01T02:40:00Z,558299,0.016511,0,
2023-09-01T03:40:00Z,558305,0.019721,0,
2023-09-01T04:40:00Z,558311,0.022152,0,
2023-09-01T05:40:00Z,558317,0.017235,0,
2023-09-01T06:40:00Z,558323,0.020121,0,
2023-09-01T07:40:00Z,558329,0.017720,0,
2023-09-01T08:40:00Z,558335,0.024837,0,
2023-09-01T09:40:00Z,558341,0.026552,0,
2023-09-01T10:40:00Z,558347,0.019022,0,
2023-09-01T11:40:00Z,558353,0.018403,0,
2023-09-01T12:40:00Z,558359,0.018023,0,
2023-09-01T13:40:00Z,558365,0.015986,0,
2023-09-01T14:40:00Z,558371,0.014778,0,
2023-09-01T15:40:00Z,558377,0.013977,0,
2023-09-01T16:40:00Z,558383,0.013894,0,
2023-09-01T17:40:00Z,558389,0.013450,0,
2023-09-01T18:40:00Z,558395,0.013508,0,
2023-09-01T19:40:00Z,558401,0.012639,0,
2023-09-01T20:40:00Z,558407,0.009847,0,
2023-09-01T21:40:00Z,558413,0.010829,0,
2023-09-01T22:40:00Z,558419,0.008196,0,
2023-09-01T23:40:00Z,558425,0.007471,0,
2023-09-02T00:40:00Z,558431,0.007477,0,
2023-09-02T01:40:00Z,558437,0.008479,0,
2023-09-02T02:40:00Z,558443,0.009335,0,
2023-09-02T03:40:00Z,558449,0.008367,0,
2023-09-02T04:40:00Z,558455,0.008626,0,
2023-09-02T05:40:00Z,558461,0.008856,0,
2023-09-02T06:40:00Z,558467,0.009071,0,
2023-09-02T07:40:00Z,558473,0.008098,0,
2023-09-02T08:40:00Z,558479,0.009254,0,
2023-09-02T09:40:00Z,558485,0.008110,0,
2023-09-02T10:40:00Z,558491,0.009084,0,
2023-09-02T11:40:00Z,558497,0.006526,0,
2023-09-02T12:40:00Z,558503,0.008005,0,
2023-09-02T13:40:00Z,558509,0.008507,0,
2023-09-02T14:40:00Z,558515,0.007256,0,
2023-09-02T15:40:00Z,558521,0.007752,0,
2023-09-02T16:40:00Z,558527,0.008597,0,
2023-09-02T17:40:00Z,558533,0.006102,0,
2023-09-02T18:40:00Z,558539,0.006510,0,
2023-09-02T19:40:00Z,558545,0.010146,0,
2023-09-02T20:40:00Z,558551,0.005986,0,
2023-09-02T21:40:00Z,558557,0.007594,0,
2023-09-02T22:40:00Z,558563,0.007875,0,
2023-09-02T23:40:00Z,558569,0.008787,0,
2023-09-03T00:40:00Z,558575,0.007755,0,
2023-09-03T01:40:00Z,558581,0.007837,0,
2023-09-03T02:40:00Z,558587,0.010097,0,
2023-09-03T03:40:00Z,558593,0.009032,0,
2023-09-03T04:40:00Z,558599,0.006271,0,
2023-09-03T05:40:00Z,558605,0.004493,0,
2023-09-03T06:40:00Z,558611,0.005034,0,
2023-09-03T07:40:00Z,558617,0.005464,0,
2023-09-03T08:40:00Z,558623,0.012195,0,
2023-09-03T09:40:00Z,558629,0.018285,0,
2023-09-03T10:40:00Z,558635,0.021339,0,
2023-09-03T11:40:00Z,558641,0.021285,0,
2023-09-03T12:40:00Z,558647,0.021705,0,
2023-09-03T13:40:00Z,558653,0.016616,0,
2023-09-03T14:40:00Z,558659,0.014832,0,
2023-09-03T15:40:00Z,558665,0.012412,0,
2023-09-03T16:40:00Z,558671,0.011454,0,
2023-09-03T17:40:00Z,558677,0.010752,0,
2023-09-03T18:40:00Z,558683,0.017987,0,
2023-09-03T19:40:00Z,558689,0.006234,0,
2023-09-03T20:40:00Z,558695,0.005264,0,
2023-09-03T21:40:00Z,558701,0.004685,0,
2023-09-03T22:40:00Z,558707,0.005395,0,
2023-09-03T23:40:00Z,558713,0.004793,0,
2023-09-04T00:40:00Z,558719,0.004414,0,
2023-09-04T01:40:00Z,558725,0.005669,0,
2023-09-04T02:40:00Z,558731,0.006143,0,
2023-09-04T03:40:00Z,558737,0.006899,0,
2023-09-04T04:40:00Z,558743,0.008838,0,
2023-09-04T05:40:00Z,558749,0.009425,0,
2023-09-04T06:40:00Z,558755,0.007839,0,
2023-09-04T07:40:00Z,558761,0.011187,0,
2023-09-04T08:40:00Z,558767,0.012781,0,
2023-09-04T09:40:00Z,558773,0.014573,0,
2023-09-04T10:40:00Z,558779,0.011624,0,
2023-09-04T11:40:00Z,558785,0.010580,0,
2023-09-04T12:40:00Z,558791,0.009931,0,
2023-09-04T13:40:00Z,558797,0.008562,0,
2023-09-04T14:40:00Z,558803,0.005775,0,
2023-09-04T15:40:00Z,558809,0.008010,0,
2023-09-04T16:40:00Z,558815,0.007931,0,
2023-09-04T17:40:00Z,558821,0.006468,0,
2023-09-04T18:40:00Z,558827,0.006076,0,
2023-09-04T19:40:00Z,558833,0.005069,0,
2023-09-04T20:40:00Z,558839,0.005754,0,
2023-09-04T21:40:00Z,558845,0.005536,0,
2023-09-04T22:40:00Z,558851,0.004894,0,
2023-09-04T23:40:00Z,558857,0.004454,0,
2023-09-05T00:40:00Z,558863,0.004141,0,
2023-09-05T01:40:00Z,558869,0.005035,0,
2023-09-05T02:40:00Z,558875,0.004612,0,
2023-09-05T03:40:00Z,558881,0.004648,0,
2023-09-05T04:40:00Z,558887,0.005834,0,
2023-09-05T05:40:00Z,558893,0.005243,0,
2023-09-05T06:40:00Z,558899,0.006330,0,
2023-09-05T07:40:00Z,558905,0.005438,0,
2023-09-05T08:40:00Z,558911,0.007770,0,
2023-09-05T09:40:00Z,558917,0.007507,0,
2023-09-05T10:40:00Z,558923,0.006795,0,
2023-09-05T11:40:00Z,558929,0.008026,0,
2023-09-05T12:40:00Z,558935,0.006732,0,
2023-09-05T13:40:00Z,558941,0.006834,0,
2023-09-05T14:40:00Z,558947,0.006573,0,
2023-09-05T15:40:00Z,558953,0.006289,0,
2023-09-05T16:40:00Z,558959,0.006842,0,
2023-09-05T17:40:00Z,558965,0.006585,0,
2023-09-05T18:40:00Z,558971,0.006437,0,
2023-09-05T19:40:00Z,558977,0.006452,0,
2023-09-05T20:40:00Z,558983,0.005393,0,
2023-09-05T21:40:00Z,558989,0.007720,0,
2023-09-05T22:40:00Z,558995,0.005833,0,
2023-09-05T23:40:00Z,559001,0.007100,0,
2023-09-06T00:40:00Z,559007,0.007211,0,
2023-09-06T01:40:00Z,559013,0.009089,0,
2023-09-06T02:40:00Z,559019,0.007869,0,
2023-09-06T03:40:00Z,559025,0.013894,0,
2023-09-06T04:40:00Z,559031,0.010703,0,
2023-09-06T05:40:00Z,559037,0.012822,0,
2023-09-06T06:40:00Z,559043,0.005537,0,
2023-09-06T07:40:00Z,559049,0.005462,0,
2023-09-06T08:40:00Z,559055,0.008351,0,
2023-09-06T09:40:00Z,559061,0.008005,0,
2023-09-06T10:40:00Z,559067,0.008141,0,
2023-09-06T11:40:00Z,559073,0.005950,0,
2023-09-06T12:40:00Z,559079,0.005506,0,
2023-09-06T13:40:00Z,559085,0.003947,0,
2023-09-06T14:40:00Z,559091,0.005384,0,
2023-09-06T15:40:00Z,559097,0.008528,0,
2023-09-06T16:40:00Z,559103,0.008974,0,
2023-09-06T17:40:00Z,559109,0.007364,0,
2023-09-06T18:40:00Z,559115,0.008663,0,
2023-09-06T19:40:00Z,559121,0.005517,0,
2023-09-06T20:40:00Z,559127,0.004217,0,
2023-09-06T21:40:00Z,559133,0.004115,0,
2023-09-06T22:40:00Z,559139,0.004206,0,
2023-09-06T23:40:00Z,559145,0.003732,0,
2023-09-07T00:40:00Z,559151,0.005970,0,
2023-09-07T01:40:00Z,559157,0.005479,0,
2023-09-07T02:40:00Z,559163,0.006990,0,
2023-09-07T03:40:00Z,559169,0.007383,0,
2023-09-07T04:40:00Z,559175,0.005666,0,
2023-09-07T05:40:00Z,559181,0.007381,0,
2023-09-07T06:40:00Z,559187,0.005909,0,
2023-09-07T07:40:00Z,559193,0.005782,0,
2023-09-07T08:40:00Z,559199,0.006382,0,
2023-09-07T09:40:00Z,559205,0.007263,0,
2023-09-07T10:40:00Z,559211,0.007091,0,
2023-09-07T11:40:00Z,559217,0.006894,0,
2023-09-07T12:40:00Z,559223,0.005592,0,
2023-09-07T13:40:00Z,559229,0.007418,0,
2023-09-07T14:40:00Z,559235,0.007110,0,
2023-09-07T15:40:00Z,559241,0.008598,0,
2023-09-07T16:40:00Z,559247,0.008827,0,
2023-09-07T17:40:00Z,559253,0.008161,0,
2023-09-07T18:40:00Z,559259,0.008717,0,
2023-09-07T19:40:00Z,559265,0.008984,0,
2023-09-07T20:40:00Z,559271,0.008902,0,
2023-09-07T21:40:00Z,559277,0.008486,0,
2023-09-07T22:40:00Z,559283,0.011233,0,
2023-09-07T23:40:00Z,559289,0.008297,0,
2023-09-08T00:40:00Z,559295,0.005511,0,
2023-09-08T01:40:00Z,559301,0.005898,0,
2023-09-08T02:40:00Z,559307,0.006643,0,
2023-09-08T03:40:00Z,559313,0.005758,0,
2023-09-08T04:40:00Z,559319,0.006089,0,
2023-09-08T05:40:00Z,559325,0.006355,0,
2023-09-08T06:40:00Z,559331,0.006337,0,
2023-09-08T07:40:00Z,559337,0.004818,0,
2023-09-08T08:40:00Z,559343,0.006464,0,
2023-09-08T09:40:00Z,559349,0.008134,0,
2023-09-08T10:40:00Z,559355,0.007740,0,
2023-09-08T11:40:00Z,559361,0.007420,0,
2023-09-08T12:40:00Z,559367,0.006503,0,
2023-09-08T13:40:00Z,559373,0.003999,0,
2023-09-08T14:40:00Z,559379,0.005441,0,
2023-09-08T15:40:00Z,559385,0.007608,0,
2023-09-08T16:40:00Z,559391,0.006395,0,
2023-09-08T17:40:00Z,559397,0.007708,0,
2023-09-08T18:40:00Z,559403,0.008167,0,
2023-09-08T19:40:00Z,559409,0.008034,0,
2023-09-08T20:40:00Z,559415,0.008156,0,
2023-09-08T21:40:00Z,559421,0.007996,0,
2023-09-08T22:40:00Z,559427,0.007385,0,
2023-09-08T23:40:00Z,559433,0.007524,0,
2023-09-09T00:40:00Z,559439,0.006561,0,
2023-09-09T01:40:00Z,559445,0.006453,0,
2023-09-09T02:40:00Z,559451,0.005822,0,
2023-09-09T03:40:00Z,559457,0.006710,0,
2023-09-09T04:40:00Z,559463,0.007432,0,
2023-09-09T05:40:00Z,559469,0.006958,0,
2023-09-09T06:40:00Z,559475,0.007618,0,
2023-09-09T07:40:00Z,559481,0.008411,0,
2023-09-09T08:40:00Z,559487,0.009153,0,
2023-09-09T09:40:00Z,559493,0.010987,0,
2023-09-09T10:40:00Z,559499,0.008940,0,
2023-09-09T11:40:00Z,559505,0.009567,0,
2023-09-09T12:40:00Z,559511,0.010802,0,
2023-09-09T13:40:00Z,559517,0.010206,0,
2023-09-09T14:40:00Z,559523,0.011505,0,
2023-09-09T15:40:00Z,559529,0.011754,0,
2023-09-09T16:40:00Z,559535,0.012176,0,
2023-09-09T17:40:00Z,559541,0.012035,0,
2023-09-09T18:40:00Z,559547,0.011739,0,
2023-09-09T19:40:00Z,559553,0.010628,0,
2023-09-09T20:40:00Z,559559,0.009872,0,
2023-09-09T21:40:00Z,559565,0.010149,0,
2023-09-09T22:40:00Z,559571,0.010368,0,
2023-09-09T23:40:00Z,559577,0.012795,0,
2023-09-10T00:40:00Z,559583,0.008939,0,
2023-09-10T01:40:00Z,559589,0.008333,0,
2023-09-10T02:40:00Z,559595,0.007242,0,
2023-09-10T03:40:00Z,559601,0.007608,0,
2023-09-10T04:40:00Z,559607,0.007302,0,
2023-09-10T05:40:00Z,559613,0.008340,0,
2023-09-10T06:40:00Z,559619,0.008258,0,
2023-09-10T07:40:00Z,559625,0.007923,0,
2023-09-10T08:40:00Z,559631,0.006975,0,
2023-09-10T09:40:00Z,559637,0.007649,0,
2023-09-10T10:40:00Z,559643,0.007811,0,
2023-09-10T11:40:00Z,559649,0.006473,0,
2023-09-10T12:40:00Z,559655,0.006920,0,
2023-09-10T13:40:00Z,559661,0.007190,0,
2023-09-10T14:40:00Z,559667,0.006770,0,
2023-09-10T15:40:00Z,559673,0.008697,0,
2023-09-10T16:40:00Z,559679,0.009140,0,
2023-09-10T17:40:00Z,559685,0.008548,0,
2023-09-10T18:40:00Z,559691,0.006425,0,
2023-09-10T19:40:00Z,559697,0.006674,0,
2023-09-10T20:40:00Z,559703,0.006369,0,
2023-09-10T21:40:00Z,559709,0.005823,0,
2023-09-10T22:40:00Z,559715,0.005617,0,
2023-09-10T23:40:00Z,559721,0.006003,0,
2023-09-11T00:40:00Z,559727,0.005742,0,
2023-09-11T01:40:00Z,559733,0.005999,0,
2023-09-11T02:40:00Z,559739,0.006336,0,
2023-09-11T03:40:00Z,559745,0.006566,0,
2023-09-11T04:40:00Z,559751,0.006193,0,
2023-09-11T05:40:00Z,559757,0.011848,0,
2023-09-11T06:40:00Z,559763,0.006748,0,
2023-09-11T07:40:00Z,559769,0.007740,0,
2023-09-11T08:40:00Z,559775,0.007460,0,
2023-09-11T09:40:00Z,559781,0.006958,0,
2023-09-11T10:40:00Z,559787,0.007904,0,
2023-09-11T11:40:00Z,559793,0.007536,0,
2023-09-11T12:40:00Z,559799,0.009105,0,
2023-09-11T13:40:00Z,559805,0.008957,0,
2023-09-11T14:40:00Z,559811,0.008661,0,
2023-09-11T15:40:00Z,559817,0.008361,0,
2023-09-11T16:40:00Z,559823,0.007311,0,
2023-09-11T17:40:00Z,559829,0.007219,0,
2023-09-11T18:40:00Z,559835,0.006894,0,
2023-09-11T19:40:00Z,559841,0.010893,0,
2023-09-11T20:40:00Z,559847,0.008069,0,
2023-09-11T21:40:00Z,559853,0.010185,0,
2023-09-11T22:40:00Z,559859,0.008651,0,
2023-09-11T23:40:00Z,559865,0.013927,0,
2023-09-12T00:40:00Z,559871,0.018895,0,
2023-09-12T01:40:00Z,559877,0.017929,0,
2023-09-12T02:40:00Z,559883,0.020269,0,
2023-09-12T03:40:00Z,559889,0.007725,0,
2023-09-12T04:40:00Z,559895,0.007852,0,
2023-09-12T05:40:00Z,559901,0.018578,0,
2023-09-12T06:40:00Z,559907,0.015775,0,
2023-09-12T07:40:00Z,559913,0.012914,0,
2023-09-12T08:40:00Z,559919,0.012802,0,
2023-09-12T09:40:00Z,559925,0.018270,0,
2023-09-12T10:40:00Z,559931,0.013700,0,
2023-09-12T11:40:00Z,559937,0.008564,0,
2023-09-12T12:40:00Z,559943,0.010441,0,
2023-09-12T13:40:00Z,559949,0.008952,0,
2023-09-12T14:40:00Z,559955,0.006534,0,
2023-09-12T15:40:00Z,559961,0.008293,0,
2023-09-12T16:40:00Z,559967,0.006396,0,
2023-09-12T17:40:00Z,559973,0.004390,0,
2023-09-12T18:40:00Z,559979,0.004476,0,
2023-09-12T19:40:00Z,559985,0.003343,0,
2023-09-12T20:40:00Z,559991,0.004487,0,
2023-09-12T21:40:00Z,559997,0.003582,0,
2023-09-12T22:40:00Z,560003,0.004872,0,
2023-09-12T23:40:00Z,560009,0.005180,0,
2023-09-13T00:40:00Z,560015,0.006249,0,
2023-09-13T01:40:00Z,560021,0.003303,0,
2023-09-13T02:40:00Z,560027,0.003647,0,
2023-09-13T03:40:00Z,560033,0.003275,0,
2023-09-13T04:40:00Z,560039,0.004017,0,
2023-09-13T05:40:00Z,560045,0.005973,0,
2023-09-13T06:40:00Z,560051,0.005142,0,
2023-09-13T07:40:00Z,560057,0.006025,0,
2023-09-13T08:40:00Z,560063,0.008302,0,
2023-09-13T09:40:00Z,560069,0.007492,0,
2023-09-13T10:40:00Z,560075,0.007139,0,
2023-09-13T11:40:00Z,560081,0.007245,0,
2023-09-13T12:40:00Z,560087,0.010304,0,
2023-09-13T13:40:00Z,560093,0.009031,0,
2023-09-13T14:40:00Z,560099,0.011632,0,
2023-09-13T15:40:00Z,560105,0.012188,0,
2023-09-13T16:40:00Z,560111,0.009616,0,
2023-09-13T17:40:00Z,560117,0.007859,0,
2023-09-13T18:40:00Z,560123,0.009154,0,
2023-09-13T19:40:00Z,560129,0.008483,0,
2023-09-13T20:40:00Z,560135,0.007504,0,
2023-09-13T21:40:00Z,560141,0.006372,0,
2023-09-13T22:40:00Z,560147,0.005087,0,
2023-09-13T23:40:00Z,560153,0.005545,0,
2023-09-14T00:40:00Z,560159,0.004870,0,
2023-09-14T01:40:00Z,560165,0.004399,0,
2023-09-14T02:40:00Z,560171,0.004306,0,
2023-09-14T03:40:00Z,560177,0.005334,0,
2023-09-14T04:40:00Z,560183,0.003704,0,
2023-09-14T05:40:00Z,560189,0.003915,0,
2023-09-14T06:40:00Z,560195,0.005013,0,
2023-09-14T07:40:00Z,560201,0.004181,0,
2023-09-14T08:40:00Z,560207,0.005155,0,
2023-09-14T09:40:00Z,560213,0.004895,0,
2023-09-14T10:40:00Z,560219,0.005126,0,
2023-09-14T11:40:00Z,560225,0.005073,0,
2023-09-14T12:40:00Z,560231,0.004469,0,
2023-09-14T13:40:00Z,560237,0.004743,0,
2023-09-14T14:40:00Z,560243,0.005004,0,
2023-09-14T15:40:00Z,560249,0.006460,0,
2023-09-14T16:40:00Z,560255,0.006364,0,
2023-09-14T17:40:00Z,560261,0.009521,0,
2023-09-14T18:40:00Z,560267,0.011868,0,
2023-09-14T19:40:00Z,560273,0.007328,0,
2023-09-14T20:40:00Z,560279,0.009507,0,
2023-09-14T21:40:00Z,560285,0.012128,0,
2023-09-14T22:40:00Z,560291,0.012743,0,
2023-09-14T23:40:00Z,560297,0.009327,0,
2023-09-15T00:40:00Z,560303,0.010230,0,
2023-09-15T01:40:00Z,560309,0.008441,0,
2023-09-15T02:40:00Z,560315,0.012818,0,
2023-09-15T03:40:00Z,560321,0.008603,0,
2023-09-15T04:40:00Z,560327,0.008721,0,
2023-09-15T05:40:00Z,560333,0.008319,0,
2023-09-15T06:40:00Z,560339,0.011905,0,
2023-09-15T07:40:00Z,560345,0.007169,0,
2023-09-15T08:40:00Z,560351,0.009410,0,
2023-09-15T09:40:00Z,560357,0.014997,0,
2023-09-15T10:40:00Z,560363,0.013496,0,
2023-09-15T11:40:00Z,560369,0.015680,0,
2023-09-15T12:40:00Z,560375,0.018352,0,
2023-09-15T13:40:00Z,560381,0.016348,0,
2023-09-15T14:40:00Z,560387,0.013686,0,
2023-09-15T15:40:00Z,560393,0.014430,0,
2023-09-15T16:40:00Z,560399,0.012809,0,
2023-09-15T17:40:00Z,560405,0.016382,0,
2023-09-15T18:40:00Z,560411,0.016529,0,
2023-09-15T19:40:00Z,560417,0.015795,0,
2023-09-15T20:40:00Z,560423,0.009160,0,
2023-09-15T21:40:00Z,560429,0.006687,0,
2023-09-15T22:40:00Z,560435,0.011922,0,
2023-09-15T23:40:00Z,560441,0.009463,0,
2023-09-16T00:40:00Z,560447,0.005168,0,
2023-09-16T01:40:00Z,560453,0.004583,0,
2023-09-16T02:40:00Z,560459,0.006104,0,
2023-09-16T03:40:00Z,560465,0.007112,0,
2023-09-16T04:40:00Z,560471,0.007513,0,
2023-09-16T05:40:00Z,560477,0.006266,0,
2023-09-16T06:40:00Z,560483,0.006402,0,
2023-09-16T07:40:00Z,560489,0.004374,0,
2023-09-16T08:40:00Z,560495,0.005127,0,
2023-09-16T09:40:00Z,560501,0.006798,0,
2023-09-16T10:40:00Z,560507,0.006344,0,
2023-09-16T11:40:00Z,560513,0.003612,0,
2023-09-16T12:40:00Z,560519,0.003970,0,
2023-09-16T13:40:00Z,560525,0.003956,0,
2023-09-16T14:40:00Z,560531,0.003871,0,
2023-09-16T15:40:00Z,560537,0.003949,0,
2023-09-16T16:40:00Z,560543,0.004357,0,
2023-09-16T17:40:00Z,560549,0.003785,0,
2023-09-16T18:40:00Z,560555,0.004551,0,
2023-09-16T19:40:00Z,560561,0.005877,0,
2023-09-16T20:40:00Z,560567,0.004518,0,
2023-09-16T21:40:00Z,560573,0.004900,0,
2023-09-16T22:40:00Z,560579,0.004956,0,
2023-09-16T23:40:00Z,560585,0.004748,0,
2023-09-17T00:40:00Z,560591,0.004767,0,
2023-09-17T01:40:00Z,560597,0.004637,0,
2023-09-17T02:40:00Z,560603,0.005683,0,
2023-09-17T03:40:00Z,560609,0.004423,0,
2023-09-17T04:40:00Z,560615,0.006725,0,
2023-09-17T05:40:00Z,560621,0.008259,0,
2023-09-17T06:40:00Z,560627,0.007140,0,
2023-09-17T07:40:00Z,560633,0.005122,0,
2023-09-17T08:40:00Z,560639,0.005951,0,
2023-09-17T09:40:00Z,560645,0.006344,0,
2023-09-17T10:40:00Z,560651,0.005894,0,
2023-09-17T11:40:00Z,560657,0.006585,0,
2023-09-17T12:40:00Z,560663,0.005693,0,
2023-09-17T13:40:00Z,560669,0.005681,0,
2023-09-17T14:40:00Z,560675,0.005374,0,
2023-09-17T15:40:00Z,560681,0.005353,0,
2023-09-17T16:40:00Z,560687,0.005762,0,
2023-09-17T17:40:00Z,560693,0.005122,0,
2023-09-17T18:40:00Z,560699,0.005668,0,
2023-09-17T19:40:00Z,560705,0.004999,0,
2023-09-17T20:40:00Z,560711,0.004155,0,
2023-09-17T21:40:00Z,560717,0.003939,0,
2023-09-17T22:40:00Z,560723,0.005161,0,
2023-09-17T23:40:00Z,560729,0.008469,0,
2023-09-18T00:40:00Z,560735,0.008210,0,
2023-09-18T01:40:00Z,560741,0.010880,0,
2023-09-18T02:40:00Z,560747,0.008478,0,
2023-09-18T03:40:00Z,560753,0.006878,0,
2023-09-18T04:40:00Z,560759,0.006473,0,
2023-09-18T05:40:00Z,560765,0.005815,0,
2023-09-18T06:40:00Z,560771,0.009376,0,
2023-09-18T07:40:00Z,560777,0.007194,0,
2023-09-18T08:40:00Z,560783,0.006685,0,
2023-09-18T09:40:00Z,560789,0.007448,0,
2023-09-18T10:40:00Z,560795,0.008489,0,
2023-09-18T11:40:00Z,560801,0.008210,0,
2023-09-18T12:40:00Z,560807,0.008785,0,
2023-09-18T13:40:00Z,560813,0.013630,0,
2023-09-18T14:40:00Z,560819,0.011071,0,
2023-09-18T15:40:00Z,560825,0.010056,1,23.17
2023-09-18T16:40:00Z,560831,0.014444,1,22.17
2023-09-18T17:40:00Z,560837,0.016175,1,21.17
2023-09-18T18:40:00Z,560843,0.015020,1,20.17
2023-09-18T19:40:00Z,560849,0.014569,1,19.17
2023-09-18T20:40:00Z,560855,0.015066,1,18.17
2023-09-18T21:40:00Z,560861,0.013072,1,17.17
2023-09-18T22:40:00Z,560867,0.017674,1,16.17
2023-09-18T23:40:00Z,560873,0.018685,1,15.17
2023-09-19T00:40:00Z,560879,0.016822,1,14.17
2023-09-19T01:40:00Z,560885,0.015337,1,13.17
2023-09-19T02:40:00Z,560891,0.018319,1,12.17
2023-09-19T03:40:00Z,560897,0.017502,1,11.17
2023-09-19T04:40:00Z,560903,0.017281,1,10.17
2023-09-19T05:40:00Z,560909,0.017702,1,9.17
2023-09-19T06:40:00Z,560915,0.025640,1,8.17
2023-09-19T07:40:00Z,560921,0.034345,1,7.17
2023-09-19T08:40:00Z,560927,0.039483,1,6.17
2023-09-19T09:40:00Z,560933,0.037475,1,5.17
2023-09-19T10:40:00Z,560939,0.032415,1,4.17
2023-09-19T11:40:00Z,560945,0.034745,1,3.17
2023-09-19T12:40:00Z,560951,0.033469,1,2.17
2023-09-19T13:40:00Z,560957,0.036099,1,1.17
2023-09-19T14:40:00Z,560963,0.040518,1,0.17
2023-09-19T15:40:00Z,560969,0.042732,0,
2023-09-19T16:40:00Z,560975,0.034545,0,
2023-09-19T17:40:00Z,560981,0.035822,0,
2023-09-19T18:40:00Z,560987,0.039193,0,
2023-09-19T19:40:00Z,560993,0.034926,0,
2023-09-19T20:40:00Z,560999,0.039424,0,
2023-09-19T21:40:00Z,561005,0.027331,0,
2023-09-19T22:40:00Z,561011,0.031927,0,
2023-09-19T23:40:00Z,561017,0.034059,0,
2023-09-20T00:40:00Z,561023,0.035833,0,
2023-09-20T01:40:00Z,561029,0.039163,0,
2023-09-20T02:40:00Z,561035,0.040134,0,
2023-09-20T03:40:00Z,561041,0.041791,0,
2023-09-20T04:40:00Z,561047,0.038777,0,
2023-09-20T05:40:00Z,561053,0.039889,0,
2023-09-20T06:40:00Z,561059,0.043569,0,
2023-09-20T07:40:00Z,561065,0.040158,0,
2023-09-20T08:40:00Z,561071,0.044371,0,
2023-09-20T09:40:00Z,561077,0.039897,0,
2023-09-20T10:40:00Z,561083,0.036919,0,
2023-09-20T11:40:00Z,561089,0.038825,0,
2023-09-20T12:40:00Z,561095,0.039052,0,
2023-09-20T13:40:00Z,561101,0.037306,0,
2023-09-20T14:40:00Z,561107,0.035540,0,
2023-09-20T15:40:00Z,561113,0.031034,0,
2023-09-20T16:40:00Z,561119,0.024687,0,
2023-09-20T17:40:00Z,561125,0.019097,0,
2023-09-20T18:40:00Z,561131,0.017292,0,
2023-09-20T19:40:00Z,561137,0.018009,0,
2023-09-20T20:40:00Z,561143,0.019747,0,
2023-09-20T21:40:00Z,561149,0.020066,0,
2023-09-20T22:40:00Z,561155,0.019513,0,
2023-09-20T23:40:00Z,561161,0.014217,0,
2023-09-21T00:40:00Z,561167,0.014913,0,
2023-09-21T01:40:00Z,561173,0.016118,0,
2023-09-21T02:40:00Z,561179,0.019146,0,
2023-09-21T03:40:00Z,561185,0.019181,0,
2023-09-21T04:40:00Z,561191,0.010078,0,
2023-09-21T05:40:00Z,561197,0.010866,0,
2023-09-21T06:40:00Z,561203,0.008430,0,
2023-09-21T07:40:00Z,561209,0.007701,0,
2023-09-21T08:40:00Z,561215,0.010846,0,
2023-09-21T09:40:00Z,561221,0.017706,0,
2023-09-21T10:40:00Z,561227,0.015717,0,
2023-09-21T11:40:00Z,561233,0.012486,0,
2023-09-21T12:40:00Z,561239,0.008115,0,
2023-09-21T13:40:00Z,561245,0.007315,0,
2023-09-21T14:40:00Z,561251,0.008019,0,
2023-09-21T15:40:00Z,561257,0.007384,0,
2023-09-21T16:40:00Z,561263,0.015024,0,
2023-09-21T17:40:00Z,561269,0.017164,0,
2023-09-21T18:40:00Z,561275,0.014475,0,
2023-09-21T19:40:00Z,561281,0.015222,0,
2023-09-21T20:40:00Z,561287,0.011849,0,
2023-09-21T21:40:00Z,561293,0.012802,0,
2023-09-21T22:40:00Z,561299,0.011080,0,
2023-09-21T23:40:00Z,561305,0.007503,0,
2023-09-22T00:40:00Z,561311,0.006678,0,
2023-09-22T01:40:00Z,561317,0.008573,0,
2023-09-22T02:40:00Z,561323,0.007006,0,
2023-09-22T03:40:00Z,561329,0.006174,0,
2023-09-22T04:40:00Z,561335,0.005568,0,
2023-09-22T05:40:00Z,561341,0.005670,0,
2023-09-22T06:40:00Z,561347,0.005354,0,
2023-09-22T07:40:00Z,561353,0.004794,0,
2023-09-22T08:40:00Z,561359,0.005524,0,
2023-09-22T09:40:00Z,561365,0.005076,0,
2023-09-22T10:40:00Z,561371,0.006254,0,
2023-09-22T11:40:00Z,561377,0.005288,0,
2023-09-22T12:40:00Z,561383,0.006294,0,
2023-09-22T13:40:00Z,561389,0.004381,0,
2023-09-22T14:40:00Z,561395,0.005211,0,
2023-09-22T15:40:00Z,561401,0.004843,0,
2023-09-22T16:40:00Z,561407,0.003553,0,
2023-09-22T17:40:00Z,561413,0.003538,0,
2023-09-22T18:40:00Z,561419,0.002669,0,
2023-09-22T19:40:00Z,561425,0.005638,0,
2023-09-22T20:40:00Z,561431,0.005295,0,
2023-09-22T21:40:00Z,561437,0.006009,0,
2023-09-22T22:40:00Z,561443,0.004900,0,
2023-09-22T23:40:00Z,561449,0.005742,0,
2023-09-23T00:40:00Z,561455,0.006279,0,
2023-09-23T01:40:00Z,561461,0.003593,0,
2023-09-23T02:40:00Z,561467,0.003954,0,
2023-09-23T03:40:00Z,561473,0.003431,0,
2023-09-23T04:40:00Z,561479,0.003787,0,
2023-09-23T05:40:00Z,561485,0.004133,0,
2023-09-23T06:40:00Z,561491,0.004229,0,
2023-09-23T07:40:00Z,561497,0.003494,0,
2023-09-23T08:40:00Z,561503,0.004001,0,
2023-09-23T09:40:00Z,561509,0.005022,0,
2023-09-23T10:40:00Z,561515,0.008370,0,
2023-09-23T11:40:00Z,561521,0.009774,0,
2023-09-23T12:40:00Z,561527,0.007592,0,
2023-09-23T13:40:00Z,561533,0.005930,0,
2023-09-23T14:40:00Z,561539,0.005068,0,
2023-09-23T15:40:00Z,561545,0.005086,0,
2023-09-23T16:40:00Z,561551,0.005790,0,
2023-09-23T17:40:00Z,561557,0.005128,0,
2023-09-23T18:40:00Z,561563,0.005132,0,
2023-09-23T19:40:00Z,561569,0.006828,0,
2023-09-23T20:40:00Z,561575,0.005744,0,
2023-09-23T21:40:00Z,561581,0.005361,0,
2023-09-23T22:40:00Z,561587,0.005416,0,
2023-09-23T23:40:00Z,561593,0.006943,0,
2023-09-24T00:40:00Z,561599,0.008335,0,
2023-09-24T01:40:00Z,561605,0.015365,0,
2023-09-24T02:40:00Z,561611,0.016750,0,
2023-09-24T03:40:00Z,561617,0.020550,0,
2023-09-24T04:40:00Z,561623,0.025278,0,
2023-09-24T05:40:00Z,561629,0.023174,0,
2023-09-24T06:40:00Z,561635,0.022850,0,
2023-09-24T07:40:00Z,561641,0.026740,0,
2023-09-24T08:40:00Z,561647,0.015753,0,
2023-09-24T09:40:00Z,561653,0.012443,0,
2023-09-24T10:40:00Z,561659,0.011155,0,
2023-09-24T11:40:00Z,561665,0.014557,0,
2023-09-24T12:40:00Z,561671,0.015082,0,
2023-09-24T13:40:00Z,561677,0.017862,0,
2023-09-24T14:40:00Z,561683,0.017139,0,
2023-09-24T15:40:00Z,561689,0.019051,0,
2023-09-24T16:40:00Z,561695,0.012793,0,
2023-09-24T17:40:00Z,561701,0.020841,0,
2023-09-24T18:40:00Z,561707,0.013957,0,
2023-09-24T19:40:00Z,561713,0.013523,0,
2023-09-24T20:40:00Z,561719,0.013958,0,
2023-09-24T21:40:00Z,561725,0.023102,0,
2023-09-24T22:40:00Z,561731,0.014140,0,
2023-09-24T23:40:00Z,561737,0.013947,0,
2023-09-25T00:40:00Z,561743,0.018850,0,
2023-09-25T01:40:00Z,561749,0.013528,0,
2023-09-25T02:40:00Z,561755,0.010519,0,
2023-09-25T03:40:00Z,561761,0.012990,0,
2023-09-25T04:40:00Z,561767,0.012168,0,
2023-09-25T05:40:00Z,561773,0.015373,0,
2023-09-25T06:40:00Z,561779,0.011701,0,
2023-09-25T07:40:00Z,561785,0.015931,0,
2023-09-25T08:40:00Z,561791,0.013309,0,
2023-09-25T09:40:00Z,561797,0.011274,0,
2023-09-25T10:40:00Z,561803,0.009276,0,
2023-09-25T11:40:00Z,561809,0.010028,0,
2023-09-25T12:40:00Z,561815,0.011542,0,
2023-09-25T13:40:00Z,561821,0.017496,0,
2023-09-25T14:40:00Z,561827,0.014207,0,
2023-09-25T15:40:00Z,561833,0.011636,0,
2023-09-25T16:40:00Z,561839,0.012649,0,
2023-09-25T17:40:00Z,561845,0.009686,0,
2023-09-25T18:40:00Z,561851,0.009097,0,
2023-09-25T19:40:00Z,561857,0.007728,0,
2023-09-25T20:40:00Z,561863,0.008121,0,
2023-09-25T21:40:00Z,561869,0.010497,0,
2023-09-25T22:40:00Z,561875,0.008431,0,
2023-09-25T23:40:00Z,561881,0.010442,0,
2023-09-26T00:40:00Z,561887,0.009173,0,
2023-09-26T01:40:00Z,561893,0.009731,0,
2023-09-26T02:40:00Z,561899,0.010619,0,
2023-09-26T03:40:00Z,561905,0.011003,0,
2023-09-26T04:40:00Z,561911,0.010304,0,
2023-09-26T05:40:00Z,561917,0.006288,0,
2023-09-26T06:40:00Z,561923,0.005950,0,
2023-09-26T07:40:00Z,561929,0.007025,0,
2023-09-26T08:40:00Z,561935,0.006149,0,
2023-09-26T09:40:00Z,561941,0.012073,0,
2023-09-26T10:40:00Z,561947,0.009239,0,
2023-09-26T11:40:00Z,561953,0.006861,0,
2023-09-26T12:40:00Z,561959,0.008080,0,
2023-09-26T13:40:00Z,561965,0.009466,0,
2023-09-26T14:40:00Z,561971,0.007495,0,
2023-09-26T15:40:00Z,561977,0.008410,0,
2023-09-26T16:40:00Z,561983,0.008883,0,
2023-09-26T17:40:00Z,561989,0.010156,0,
2023-09-26T18:40:00Z,561995,0.007776,0,
2023-09-26T19:40:00Z,562001,0.008751,0,
2023-09-26T20:40:00Z,562007,0.007064,0,
2023-09-26T21:40:00Z,562013,0.010891,0,
2023-09-26T22:40:00Z,562019,0.010896,0,
2023-09-26T23:40:00Z,562025,0.009369,0,
2023-09-27T00:40:00Z,562031,0.010903,0,
2023-09-27T01:40:00Z,562037,0.012275,0,
2023-09-27T02:40:00Z,562043,0.016379,0,
2023-09-27T03:40:00Z,562049,0.009149,0,
2023-09-27T04:40:00Z,562055,0.009547,0,
2023-09-27T05:40:00Z,562061,0.006907,0,
2023-09-27T06:40:00Z,562067,0.006378,0,
2023-09-27T07:40:00Z,562073,0.006048,0,
2023-09-27T08:40:00Z,562079,0.006179,0,
2023-09-27T09:40:00Z,562085,0.007764,0,
2023-09-27T10:40:00Z,562091,0.013785,0,
2023-09-27T11:40:00Z,562097,0.010040,0,
2023-09-27T12:40:00Z,562103,0.010041,0,
2023-09-27T13:40:00Z,562109,0.009238,0,
2023-09-27T14:40:00Z,562115,0.010991,0,
2023-09-27T15:40:00Z,562121,0.010199,0,
2023-09-27T16:40:00Z,562127,0.010937,0,
2023-09-27T17:40:00Z,562133,0.015110,0,
2023-09-27T18:40:00Z,562139,0.017948,0,
2023-09-27T19:40:00Z,562145,0.011943,0,
2023-09-27T20:40:00Z,562151,0.016265,0,
2023-09-27T21:40:00Z,562157,0.014924,0,
2023-09-27T22:40:00Z,562163,0.015458,0,
2023-09-27T23:40:00Z,562169,0.016653,0,
2023-09-28T00:40:00Z,562175,0.016481,0,
2023-09-28T01:40:00Z,562181,0.017107,0,
2023-09-28T02:40:00Z,562187,0.028358,0,
2023-09-28T03:40:00Z,562193,0.030191,0,
2023-09-28T04:40:00Z,562199,0.022834,0,
2023-09-28T05:40:00Z,562205,0.021655,0,
2023-09-28T06:40:00Z,562211,0.016983,0,
2023-09-28T07:40:00Z,562217,0.017610,0,
2023-09-28T08:40:00Z,562223,0.015971,0,
2023-09-28T09:40:00Z,562229,0.013906,0,
2023-09-28T10:40:00Z,562235,0.013937,0,
2023-09-28T11:40:00Z,562241,0.015461,0,
2023-09-28T12:40:00Z,562247,0.015004,0,
2023-09-28T13:40:00Z,562253,0.011973,0,
2023-09-28T14:40:00Z,562259,0.012384,0,
2023-09-28T15:40:00Z,562265,0.010472,0,
2023-09-28T16:40:00Z,562271,0.010094,0,
2023-09-28T17:40:00Z,562277,0.008164,0,
2023-09-28T18:40:00Z,562283,0.008010,0,
2023-09-28T19:40:00Z,562289,0.006851,0,
2023-09-28T20:40:00Z,562295,0.011671,0,
2023-09-28T21:40:00Z,562301,0.008657,0,
2023-09-28T22:40:00Z,562307,0.005159,0,
2023-09-28T23:40:00Z,562313,0.006100,0,
2023-09-29T00:40:00Z,562319,0.011764,0,
2023-09-29T01:40:00Z,562325,0.008823,0,
2023-09-29T02:40:00Z,562331,0.009451,0,
2023-09-29T03:40:00Z,562337,0.007626,0,
2023-09-29T04:40:00Z,562343,0.006311,0,
2023-09-29T05:40:00Z,562349,0.008171,0,
2023-09-29T06:40:00Z,562355,0.008577,0,
2023-09-29T07:40:00Z,562361,0.008412,0,
2023-09-29T08:40:00Z,562367,0.005752,0,
2023-09-29T09:40:00Z,562373,0.003959,0,
2023-09-29T10:40:00Z,562379,0.004952,0,
2023-09-29T11:40:00Z,562385,0.005549,0,
2023-09-29T12:40:00Z,562391,0.005724,0,
2023-09-29T13:40:00Z,562397,0.006475,0,
2023-09-29T14:40:00Z,562403,0.006188,0,
2023-09-29T15:40:00Z,562409,0.006894,0,
2023-09-29T16:40:00Z,562415,0.006587,0,
2023-09-29T17:40:00Z,562421,0.006289,0,
2023-09-29T18:40:00Z,562427,0.005250,0,
2023-09-29T19:40:00Z,562433,0.006343,0,
2023-09-29T20:40:00Z,562439,0.005954,0,
2023-09-29T21:40:00Z,562445,0.006106,0,
2023-09-29T22:40:00Z,562451,0.007075,0,
2023-09-29T23:40:00Z,562457,0.005969,0,
2023-09-30T00:40:00Z,562463,0.007617,0,
2023-09-30T01:40:00Z,562469,0.009108,0,
2023-09-30T02:40:00Z,562475,0.010578,0,
2023-09-30T03:40:00Z,562481,0.008990,0,
2023-09-30T04:40:00Z,562487,0.005047,1,24.00
2023-09-30T05:40:00Z,562493,0.005078,1,23.00
2023-09-30T06:40:00Z,562499,0.008967,1,22.00
2023-09-30T07:40:00Z,562505,0.010646,1,21.00
2023-09-30T08:40:00Z,562511,0.016538,1,20.00
2023-09-30T09:40:00Z,562517,0.018096,1,19.00
2023-09-30T10:40:00Z,562523,0.016371,1,18.00
2023-09-30T11:40:00Z,562529,0.010198,1,17.00
2023-09-30T12:40:00Z,562535,0.008018,1,16.00
2023-09-30T13:40:00Z,562541,0.007869,1,15.00
2023-09-30T14:40:00Z,562547,0.006582,1,14.00
2023-09-30T15:40:00Z,562553,0.006747,1,13.00
2023-09-30T16:40:00Z,562559,0.008123,1,12.00
2023-09-30T17:40:00Z,562565,0.007741,1,11.00
2023-09-30T18:40:00Z,562571,0.005107,1,10.00
2023-09-30T19:40:00Z,562577,0.006214,1,9.00
2023-09-30T20:40:00Z,562583,0.005904,1,8.00
2023-09-30T21:40:00Z,562589,0.006377,1,7.00
2023-09-30T22:40:00Z,562595,0.008864,1,6.00
2023-09-30T23:40:00Z,562601,0.007411,1,5.00
2023-10-01T00:40:00Z,562607,0.008567,1,4.00
2023-10-01T01:40:00Z,562613,0.008038,1,3.00
2023-10-01T02:40:00Z,562619,0.008841,1,2.00
2023-10-01T03:40:00Z,562625,0.010624,1,1.00
2023-10-01T04:40:00Z,562631,0.010976,0,
2023-10-01T05:40:00Z,562637,0.026581,0,
2023-10-01T06:40:00Z,562643,0.025108,0,
2023-10-01T07:40:00Z,562649,0.036221,0,
2023-10-01T08:40:00Z,562655,0.042866,0,
2023-10-01T09:40:00Z,562661,0.053575,0,
2023-10-01T10:40:00Z,562667,0.033893,0,
2023-10-01T11:40:00Z,562673,0.014817,0,
2023-10-01T12:40:00Z,562679,0.020678,0,
2023-10-01T13:40:00Z,562685,0.009885,0,
2023-10-01T14:40:00Z,562691,0.007517,0,
2023-10-01T15:40:00Z,562697,0.007307,0,
2023-10-01T16:40:00Z,562703,0.006483,0,
2023-10-01T17:40:00Z,562709,0.009037,0,
2023-10-01T18:40:00Z,562715,0.016061,0,
2023-10-01T19:40:00Z,562721,0.016775,0,
2023-10-01T20:40:00Z,562727,0.012713,0,
2023-10-01T21:40:00Z,562733,0.013862,0,
2023-10-01T22:40:00Z,562739,0.012017,0,
2023-10-01T23:40:00Z,562745,0.013849,0,
2023-10-02T00:40:00Z,562751,0.016282,0,
2023-10-02T01:40:00Z,562757,0.012339,0,
2023-10-02T02:40:00Z,562763,0.016400,0,
2023-10-02T03:40:00Z,562769,0.015624,0,
2023-10-02T04:40:00Z,562775,0.015792,0,
2023-10-02T05:40:00Z,562781,0.012815,0,
2023-10-02T06:40:00Z,562787,0.008678,0,
2023-10-02T07:40:00Z,562793,0.010919,0,
2023-10-02T08:40:00Z,562799,0.020290,0,
2023-10-02T09:40:00Z,562805,0.016627,0,
2023-10-02T10:40:00Z,562811,0.020689,0,
2023-10-02T11:40:00Z,562817,0.021040,0,
2023-10-02T12:40:00Z,562823,0.022237,0,
2023-10-02T13:40:00Z,562829,0.025116,0,
2023-10-02T14:40:00Z,562835,0.016814,0,
2023-10-02T15:40:00Z,562841,0.013092,0,
2023-10-02T16:40:00Z,562847,0.014319,0,
2023-10-02T17:40:00Z,562853,0.012307,0,
2023-10-02T18:40:00Z,562859,0.006544,0,
2023-10-02T19:40:00Z,562865,0.007591,0,
2023-10-02T20:40:00Z,562871,0.011181,0,
2023-10-02T21:40:00Z,562877,0.009026,0,
2023-10-02T22:40:00Z,562883,0.005731,0,
2023-10-02T23:40:00Z,562889,0.007954,0,
2023-10-03T00:40:00Z,562895,0.004021,0,
2023-10-03T01:40:00Z,562901,0.003005,0,
2023-10-03T02:40:00Z,562907,0.003261,0,
2023-10-03T03:40:00Z,562913,0.004865,0,
2023-10-03T04:40:00Z,562919,0.002864,0,
2023-10-03T05:40:00Z,562925,0.003748,0,
2023-10-03T06:40:00Z,562931,0.003500,0,
2023-10-03T07:40:00Z,562937,0.006334,0,
2023-10-03T08:40:00Z,562943,0.007960,0,
2023-10-03T09:40:00Z,562949,0.006843,0,
2023-10-03T10:40:00Z,562955,0.007391,0,
2023-10-03T11:40:00Z,562961,0.006378,0,
2023-10-03T12:40:00Z,562967,0.008630,0,
2023-10-03T13:40:00Z,562973,0.013430,0,
2023-10-03T14:40:00Z,562979,0.015820,0,
2023-10-03T15:40:00Z,562985,0.015981,0,
2023-10-03T16:40:00Z,562991,0.020003,0,
2023-10-03T17:40:00Z,562997,0.016989,0,
2023-10-03T18:40:00Z,563003,0.011914,0,
2023-10-03T19:40:00Z,563009,0.014363,0,
2023-10-03T20:40:00Z,563015,0.010929,0,
2023-10-03T21:40:00Z,563021,0.012045,0,
2023-10-03T22:40:00Z,563027,0.012470,0,
2023-10-03T23:40:00Z,563033,0.011742,0,
2023-10-04T00:40:00Z,563039,0.011282,0,
2023-10-04T01:40:00Z,563045,0.013660,0,
2023-10-04T02:40:00Z,563051,0.017172,0,
2023-10-04T03:40:00Z,563057,0.015402,0,
2023-10-04T04:40:00Z,563063,0.020372,0,
2023-10-04T05:40:00Z,563069,0.019586,0,
2023-10-04T06:40:00Z,563075,0.021615,0,
2023-10-04T07:40:00Z,563081,0.019773,0,
2023-10-04T08:40:00Z,563087,0.020358,0,
2023-10-04T09:40:00Z,563093,0.023463,0,
2023-10-04T10:40:00Z,563099,0.019288,0,
2023-10-04T11:40:00Z,563105,0.025952,0,
2023-10-04T12:40:00Z,563111,0.028410,0,
2023-10-04T13:40:00Z,563117,0.027266,0,
2023-10-04T14:40:00Z,563123,0.025277,0,
2023-10-04T15:40:00Z,563129,0.019775,0,
2023-10-04T16:40:00Z,563135,0.017751,0,
2023-10-04T17:40:00Z,563141,0.012729,0,
2023-10-04T18:40:00Z,563147,0.012452,0,
2023-10-04T19:40:00Z,563153,0.014577,0,
2023-10-04T20:40:00Z,563159,0.011354,0,
2023-10-04T21:40:00Z,563165,0.013420,0,
2023-10-04T22:40:00Z,563171,0.008975,0,
2023-10-04T23:40:00Z,563177,0.011614,0,
2023-10-05T00:40:00Z,563183,0.012966,0,
2023-10-05T01:40:00Z,563189,0.012055,0,
2023-10-05T02:40:00Z,563195,0.008313,0,
2023-10-05T03:40:00Z,563201,0.013567,0,
2023-10-05T04:40:00Z,563207,0.008904,0,
2023-10-05T05:40:00Z,563213,0.015308,0,
2023-10-05T06:40:00Z,563219,0.016130,0,
2023-10-05T07:40:00Z,563225,0.019815,0,
2023-10-05T08:40:00Z,563231,0.020058,0,
2023-10-05T09:40:00Z,563237,0.015840,0,
2023-10-05T10:40:00Z,563243,0.009022,0,
2023-10-05T11:40:00Z,563249,0.015091,0,
2023-10-05T12:40:00Z,563255,0.012086,0,
2023-10-05T13:40:00Z,563261,0.008974,0,
2023-10-05T14:40:00Z,563267,0.009638,0,
2023-10-05T15:40:00Z,563273,0.014075,0,
2023-10-05T16:40:00Z,563279,0.012069,0,
2023-10-05T17:40:00Z,563285,0.011243,0,
2023-10-05T18:40:00Z,563291,0.011887,0,
2023-10-05T19:40:00Z,563297,0.011626,0,
2023-10-05T20:40:00Z,563303,0.014333,0,
2023-10-05T21:40:00Z,563309,0.013391,0,
2023-10-05T22:40:00Z,563315,0.014424,0,
2023-10-05T23:40:00Z,563321,0.015067,0,
2023-10-06T00:40:00Z,563327,0.018430,0,
2023-10-06T01:40:00Z,563333,0.024306,0,
2023-10-06T02:40:00Z,563339,0.027448,0,
2023-10-06T03:40:00Z,563345,0.030182,0,
2023-10-06T04:40:00Z,563351,0.026193,0,
2023-10-06T05:40:00Z,563357,0.021817,0,
2023-10-06T06:40:00Z,563363,0.026737,0,
2023-10-06T07:40:00Z,563369,0.028566,0,
2023-10-06T08:40:00Z,563375,0.032351,0,
2023-10-06T09:40:00Z,563381,0.030841,0,
2023-10-06T10:40:00Z,563387,0.035506,0,
2023-10-06T11:40:00Z,563393,0.026787,1,23.83
2023-10-06T12:40:00Z,563399,0.034118,1,22.83
2023-10-06T13:40:00Z,563405,0.044795,1,21.83
2023-10-06T14:40:00Z,563411,0.036726,1,20.83
2023-10-06T15:40:00Z,563417,0.035519,1,19.83
2023-10-06T16:40:00Z,563423,0.029759,1,18.83
2023-10-06T17:40:00Z,563429,0.034059,1,17.83
2023-10-06T18:40:00Z,563435,0.020671,1,16.83
2023-10-06T19:40:00Z,563441,0.020770,1,15.83
2023-10-06T20:40:00Z,563447,0.017619,1,14.83
2023-10-06T21:40:00Z,563453,0.018883,1,13.83
2023-10-06T22:40:00Z,563459,0.019357,1,12.83
2023-10-06T23:40:00Z,563465,0.021899,1,11.83
2023-10-07T00:40:00Z,563471,0.029346,1,10.83
2023-10-07T01:40:00Z,563477,0.028956,1,9.83
2023-10-07T02:40:00Z,563483,0.026157,1,8.83
2023-10-07T03:40:00Z,563489,0.023907,1,7.83
2023-10-07T04:40:00Z,563495,0.015340,1,6.83
2023-10-07T05:40:00Z,563501,0.017324,1,5.83
2023-10-07T06:40:00Z,563507,0.014932,1,4.83
2023-10-07T07:40:00Z,563513,0.012885,1,3.83
2023-10-07T08:40:00Z,563519,0.012914,1,2.83
2023-10-07T09:40:00Z,563525,0.019861,1,1.83
2023-10-07T10:40:00Z,563531,0.027125,1,0.83
2023-10-07T11:40:00Z,563537,0.018432,0,
2023-10-07T12:40:00Z,563543,0.029816,0,
2023-10-07T13:40:00Z,563549,0.047655,0,
2023-10-07T14:40:00Z,563555,0.034071,0,
2023-10-07T15:40:00Z,563561,0.036644,0,
2023-10-07T16:40:00Z,563567,0.044824,0,
2023-10-07T17:40:00Z,563573,0.036664,0,
2023-10-07T18:40:00Z,563579,0.036915,0,
2023-10-07T19:40:00Z,563585,0.034270,0,
2023-10-07T20:40:00Z,563591,0.037404,0,
2023-10-07T21:40:00Z,563597,0.042950,0,
2023-10-07T22:40:00Z,563603,0.038038,0,
2023-10-07T23:40:00Z,563609,0.034699,0,
2023-10-08T00:40:00Z,563615,0.032037,0,
2023-10-08T01:40:00Z,563621,0.019473,0,
2023-10-08T02:40:00Z,563627,0.038238,0,
2023-10-08T03:40:00Z,563633,0.037155,0,
2023-10-08T04:40:00Z,563639,0.029382,0,
2023-10-08T05:40:00Z,563645,0.031866,0,
2023-10-08T06:40:00Z,563651,0.028549,0,
2023-10-08T07:40:00Z,563657,0.028952,0,
2023-10-08T08:40:00Z,563663,0.027216,0,
2023-10-08T09:40:00Z,563669,0.028088,0,
2023-10-08T10:40:00Z,563675,0.028579,0,
2023-10-08T11:40:00Z,563681,0.027171,0,
2023-10-08T12:40:00Z,563687,0.030392,0,
2023-10-08T13:40:00Z,563693,0.030659,0,
2023-10-08T14:40:00Z,563699,0.032179,0,
2023-10-08T15:40:00Z,563705,0.032821,0,
2023-10-08T16:40:00Z,563711,0.031890,0,
2023-10-08T17:40:00Z,563717,0.029917,0,
2023-10-08T18:40:00Z,563723,0.029706,0,
2023-10-08T19:40:00Z,563729,0.025295,0,
2023-10-08T20:40:00Z,563735,0.025037,0,
2023-10-08T21:40:00Z,563741,0.025317,0,
2023-10-08T22:40:00Z,563747,0.024416,0,
2023-10-08T23:40:00Z,563753,0.026084,0,
2023-10-09T00:40:00Z,563759,0.026475,0,
2023-10-09T01:40:00Z,563765,0.028370,0,
2023-10-09T02:40:00Z,563771,0.028318,0,
2023-10-09T03:40:00Z,563777,0.027711,0,
2023-10-09T04:40:00Z,563783,0.029344,0,
2023-10-09T05:40:00Z,563789,0.031726,0,
2023-10-09T06:40:00Z,563795,0.031409,0,
2023-10-09T07:40:00Z,563801,0.030007,0,
2023-10-09T08:40:00Z,563807,0.028365,0,
2023-10-09T09:40:00Z,563813,0.027377,0,
2023-10-09T10:40:00Z,563819,0.027101,0,
2023-10-10T12:30:00Z,563968,0.006752,0,
2023-10-10T13:30:00Z,563974,0.006401,0,
2023-10-10T14:30:00Z,563980,0.006858,0,
2023-10-10T15:30:00Z,563986,0.006887,0,
2023-10-10T16:30:00Z,563992,0.007038,0,
2023-10-10T17:30:00Z,563998,0.007174,0,
2023-10-10T18:30:00Z,564004,0.007335,0,
2023-10-10T19:30:00Z,564010,0.007732,0,
2023-10-10T20:30:00Z,564016,0.014517,0,
2023-10-10T21:30:00Z,564022,0.016052,0,
2023-10-10T22:30:00Z,564028,0.019071,0,
2023-10-10T23:30:00Z,564034,0.009556,0,
2023-10-11T00:30:00Z,564040,0.010498,0,
2023-10-11T01:30:00Z,564046,0.018201,0,
2023-10-11T02:30:00Z,564052,0.014755,0,
2023-10-11T03:30:00Z,564058,0.019820,0,
2023-10-11T04:30:00Z,564064,0.029796,0,
2023-10-11T05:30:00Z,564070,0.020196,0,
2023-10-11T06:30:00Z,564076,0.017288,0,
2023-10-11T07:30:00Z,564082,0.030371,0,
2023-10-11T08:30:00Z,564088,0.023682,0,
2023-10-11T09:30:00Z,564094,0.022279,0,
2023-10-11T10:30:00Z,564100,0.023785,0,
2023-10-11T11:30:00Z,564106,0.028881,0,
2023-10-11T12:30:00Z,564112,0.027232,0,
2023-10-11T13:30:00Z,564118,0.025725,0,
2023-10-11T14:30:00Z,564124,0.014016,0,
2023-10-11T15:30:00Z,564130,0.019439,0,
2023-10-11T16:30:00Z,564136,0.012578,0,
2023-10-11T17:30:00Z,564142,0.018314,0,
2023-10-11T18:30:00Z,564148,0.013274,0,
2023-10-11T19:30:00Z,564154,0.012899,0,
2023-10-11T20:30:00Z,564160,0.009803,0,
2023-10-11T21:30:00Z,564166,0.010290,0,
2023-10-11T22:30:00Z,564172,0.010846,0,
2023-10-11T23:30:00Z,564178,0.011087,0,
2023-10-12T00:30:00Z,564184,0.012544,0,
2023-10-12T01:30:00Z,564190,0.018832,0,
2023-10-12T02:30:00Z,564196,0.020233,0,
2023-10-12T03:30:00Z,564202,0.021388,0,
2023-10-12T04:30:00Z,564208,0.014728,0,
2023-10-12T05:30:00Z,564214,0.014888,0,
2023-10-12T06:30:00Z,564220,0.015111,0,
2023-10-12T07:30:00Z,564226,0.009904,0,
2023-10-12T08:30:00Z,564232,0.015333,0,
2023-10-12T09:30:00Z,564238,0.013784,0,
2023-10-12T10:30:00Z,564244,0.013395,0,
2023-10-12T11:30:00Z,564250,0.014508,0,
2023-10-12T12:30:00Z,564256,0.016299,0,
2023-10-12T13:30:00Z,564262,0.011087,0,
2023-10-12T14:30:00Z,564268,0.012801,0,
2023-10-12T15:30:00Z,564274,0.012562,0,
2023-10-12T16:30:00Z,564280,0.014286,0,
2023-10-12T17:30:00Z,564286,0.009962,0,
2023-10-12T18:30:00Z,564292,0.016406,0,
2023-10-12T19:30:00Z,564298,0.015924,0,
2023-10-12T20:30:00Z,564304,0.013148,0,
2023-10-12T21:30:00Z,564310,0.011250,0,
2023-10-12T22:30:00Z,564316,0.010482,0,
2023-10-12T23:30:00Z,564322,0.010953,0,
2023-10-13T00:30:00Z,564328,0.006260,0,
2023-10-13T01:30:00Z,564334,0.006204,0,
2023-10-13T02:30:00Z,564340,0.008214,0,
2023-10-13T03:30:00Z,564346,0.006117,0,
2023-10-13T04:30:00Z,564352,0.007003,0,
2023-10-13T05:30:00Z,564358,0.008105,0,
2023-10-13T06:30:00Z,564364,0.018931,0,
2023-10-13T07:30:00Z,564370,0.017714,0,
2023-10-13T08:30:00Z,564376,0.016355,0,
2023-10-13T09:30:00Z,564382,0.018125,0,
2023-10-13T10:30:00Z,564388,0.018220,0,
2023-10-13T11:30:00Z,564394,0.015205,0,
2023-10-13T12:30:00Z,564400,0.023402,0,
2023-10-13T13:30:00Z,564406,0.030959,0,
2023-10-13T14:30:00Z,564412,0.021066,0,
2023-10-13T15:30:00Z,564418,0.018464,0,
2023-10-13T16:30:00Z,564424,0.011539,0,
2023-10-13T17:30:00Z,564430,0.009421,0,
2023-10-13T18:30:00Z,564436,0.010182,0,
2023-10-13T19:30:00Z,564442,0.011212,0,
2023-10-13T20:30:00Z,564448,0.011025,0,
2023-10-13T21:30:00Z,564454,0.008763,0,
2023-10-13T22:30:00Z,564460,0.008176,0,
2023-10-13T23:30:00Z,564466,0.008885,0,
2023-10-14T00:30:00Z,564472,0.012773,0,
2023-10-14T01:30:00Z,564478,0.012814,0,
2023-10-14T02:30:00Z,564484,0.013467,0,
2023-10-14T03:30:00Z,564490,0.010470,0,
2023-10-14T04:30:00Z,564496,0.009150,0,
2023-10-14T05:30:00Z,564502,0.007571,0,
2023-10-14T06:30:00Z,564508,0.007890,0,
2023-10-14T07:30:00Z,564514,0.009619,0,
2023-10-14T08:30:00Z,564520,0.009003,0,
2023-10-14T09:30:00Z,564526,0.008032,0,
2023-10-14T10:30:00Z,564532,0.009541,0,
2023-10-14T11:30:00Z,564538,0.007872,0,
2023-10-14T12:30:00Z,564544,0.008242,0,
2023-10-14T13:30:00Z,564550,0.007623,0,
2023-10-14T14:30:00Z,564556,0.008462,0,
2023-10-14T15:30:00Z,564562,0.005773,0,
2023-10-14T16:30:00Z,564568,0.006236,0,
2023-10-14T17:30:00Z,564574,0.006265,0,
2023-10-14T18:30:00Z,564580,0.010010,0,
2023-10-14T19:30:00Z,564586,0.007887,0,
2023-10-14T20:30:00Z,564592,0.006589,0,
2023-10-14T21:30:00Z,564598,0.006073,0,
2023-10-14T22:30:00Z,564604,0.005707,0,
2023-10-14T23:30:00Z,564610,0.008001,0,
2023-10-15T00:30:00Z,564616,0.006065,0,
2023-10-15T01:30:00Z,564622,0.008630,0,
2023-10-15T02:30:00Z,564628,0.006242,0,
2023-10-15T03:30:00Z,564634,0.011484,0,
2023-10-15T04:30:00Z,564640,0.010093,0,
2023-10-15T05:30:00Z,564646,0.011002,0,
2023-10-15T06:30:00Z,564652,0.010859,0,
2023-10-15T07:30:00Z,564658,0.010875,0,
2023-10-15T08:30:00Z,564664,0.013310,0,
2023-10-15T09:30:00Z,564670,0.014827,0,
2023-10-15T10:30:00Z,564676,0.015106,0,
2023-10-15T11:30:00Z,564682,0.011766,0,
2023-10-15T12:30:00Z,564688,0.013659,0,
2023-10-15T13:30:00Z,564694,0.017782,0,
2023-10-15T14:30:00Z,564700,0.018882,0,
2023-10-15T15:30:00Z,564706,0.019348,0,
2023-10-15T16:30:00Z,564712,0.019730,0,
2023-10-15T17:30:00Z,564718,0.021744,0,
2023-10-15T18:30:00Z,564724,0.017902,0,
2023-10-15T19:30:00Z,564730,0.016497,0,
2023-10-15T20:30:00Z,564736,0.008811,0,
2023-10-15T21:30:00Z,564742,0.018109,0,
2023-10-15T22:30:00Z,564748,0.021891,0,
2023-10-15T23:30:00Z,564754,0.019157,0,
2023-10-16T00:30:00Z,564760,0.019992,0,
2023-10-16T01:30:00Z,564766,0.015913,0,
2023-10-16T02:30:00Z,564772,0.020247,0,
2023-10-16T03:30:00Z,564778,0.017625,0,
2023-10-16T04:30:00Z,564784,0.016921,0,
2023-10-16T05:30:00Z,564790,0.016539,0,
2023-10-16T06:30:00Z,564796,0.019303,0,
2023-10-16T07:30:00Z,564802,0.016768,0,
2023-10-16T08:30:00Z,564808,0.017645,0,
2023-10-16T09:30:00Z,564814,0.016371,0,
2023-10-16T10:30:00Z,564820,0.016327,0,
2023-10-16T11:30:00Z,564826,0.015795,0,
2023-10-16T12:30:00Z,564832,0.012555,0,
2023-10-16T13:30:00Z,564838,0.017615,0,
2023-10-16T14:30:00Z,564844,0.017129,0,
2023-10-16T15:30:00Z,564850,0.016919,0,
2023-10-16T16:30:00Z,564856,0.013682,0,
2023-10-16T17:30:00Z,564862,0.017363,0,
2023-10-16T18:30:00Z,564868,0.014441,0,
2023-10-16T19:30:00Z,564874,0.006609,0,
2023-10-16T20:30:00Z,564880,0.011016,0,
2023-10-16T21:30:00Z,564886,0.011196,0,
2023-10-16T22:30:00Z,564892,0.008787,0,
2023-10-16T23:30:00Z,564898,0.006966,0,
2023-10-17T00:30:00Z,564904,0.007142,0,
2023-10-17T01:30:00Z,564910,0.007064,0,
2023-10-17T02:30:00Z,564916,0.007366,0,
2023-10-17T03:30:00Z,564922,0.007044,0,
2023-10-17T04:30:00Z,564928,0.007176,0,
2023-10-17T05:30:00Z,564934,0.005301,0,
2023-10-17T06:30:00Z,564940,0.003052,0,
2023-10-17T07:30:00Z,564946,0.006284,0,
2023-10-17T08:30:00Z,564952,0.005212,0,
2023-10-17T09:30:00Z,564958,0.006806,0,
2023-10-17T10:30:00Z,564964,0.006991,0,
2023-10-17T11:30:00Z,564970,0.010946,0,
2023-10-17T12:30:00Z,564976,0.013573,0,
2023-10-17T13:30:00Z,564982,0.021684,0,
2023-10-17T14:30:00Z,564988,0.023955,0,
2023-10-17T15:30:00Z,564994,0.027107,0,
2023-10-17T16:30:00Z,565000,0.020029,0,
2023-10-17T17:30:00Z,565006,0.019436,0,
2023-10-17T18:30:00Z,565012,0.015112,0,
2023-10-17T19:30:00Z,565018,0.014930,0,
2023-10-17T20:30:00Z,565024,0.010045,0,
2023-10-17T21:30:00Z,565030,0.014131,0,
2023-10-17T22:30:00Z,565036,0.009628,0,
2023-10-17T23:30:00Z,565042,0.007837,0,
2023-10-18T00:30:00Z,565048,0.008066,0,
2023-10-18T01:30:00Z,565054,0.006241,0,
2023-10-18T02:30:00Z,565060,0.006157,0,
2023-10-18T03:30:00Z,565066,0.006363,0,
2023-10-18T04:30:00Z,565072,0.006748,0,
2023-10-18T05:30:00Z,565078,0.007150,0,
2023-10-18T06:30:00Z,565084,0.008493,0,
2023-10-18T07:30:00Z,565090,0.007018,0,
2023-10-18T08:30:00Z,565096,0.006993,0,
2023-10-18T09:30:00Z,565102,0.012310,0,
2023-10-18T10:30:00Z,565108,0.012798,0,
2023-10-18T11:30:00Z,565114,0.025874,0,
2023-10-18T12:30:00Z,565120,0.025740,0,
2023-10-18T13:30:00Z,565126,0.026464,0,
2023-10-18T14:30:00Z,565132,0.026868,0,
2023-10-18T15:30:00Z,565138,0.026062,0,
2023-10-18T16:30:00Z,565144,0.026761,0,
2023-10-18T17:30:00Z,565150,0.033332,0,
2023-10-18T18:30:00Z,565156,0.036050,0,
2023-10-18T19:30:00Z,565162,0.036519,0,
2023-10-18T20:30:00Z,565168,0.038200,0,
2023-10-18T21:30:00Z,565174,0.032375,0,
2023-10-18T22:30:00Z,565180,0.026395,0,
2023-10-18T23:30:00Z,565186,0.028980,0,
2023-10-19T00:30:00Z,565192,0.032563,0,
2023-10-19T01:30:00Z,565198,0.040066,0,
2023-10-19T02:30:00Z,565204,0.041423,0,
2023-10-19T03:30:00Z,565210,0.038243,0,
2023-10-19T04:30:00Z,565216,0.029245,0,
2023-10-19T05:30:00Z,565222,0.025063,0,
2023-10-19T06:30:00Z,565228,0.024373,0,
2023-10-19T07:30:00Z,565234,0.019444,0,
2023-10-19T08:30:00Z,565240,0.018978,0,
2023-10-19T09:30:00Z,565246,0.016735,0,
2023-10-19T10:30:00Z,565252,0.015334,0,
2023-10-19T11:30:00Z,565258,0.012818,0,
2023-10-19T12:30:00Z,565264,0.021032,0,
2023-10-19T13:30:00Z,565270,0.011898,0,
2023-10-19T14:30:00Z,565276,0.011657,0,
2023-10-19T15:30:00Z,565282,0.011803,0,
2023-10-19T16:30:00Z,565288,0.012324,0,
2023-10-19T17:30:00Z,565294,0.013861,0,
2023-10-19T18:30:00Z,565300,0.014643,0,
2023-10-19T19:30:00Z,565306,0.012444,0,
2023-10-19T20:30:00Z,565312,0.007559,0,
2023-10-19T21:30:00Z,565318,0.012130,0,
2023-10-19T22:30:00Z,565324,0.010935,0,
2023-10-19T23:30:00Z,565330,0.010004,0,
2023-10-20T00:30:00Z,565336,0.005163,0,
2023-10-20T01:30:00Z,565342,0.008573,0,
2023-10-20T02:30:00Z,565348,0.007096,0,
2023-10-20T03:30:00Z,565354,0.010960,0,
2023-10-20T04:30:00Z,565360,0.007834,0,
2023-10-20T05:30:00Z,565366,0.005546,0,
2023-10-20T06:30:00Z,565372,0.005827,0,
2023-10-20T07:30:00Z,565378,0.006402,0,
2023-10-20T08:30:00Z,565384,0.008847,0,
2023-10-20T09:30:00Z,565390,0.010340,0,
2023-10-20T10:30:00Z,565396,0.008317,0,
2023-10-20T11:30:00Z,565402,0.006742,0,
2023-10-20T12:30:00Z,565408,0.010598,0,
2023-10-20T13:30:00Z,565414,0.005488,0,
2023-10-20T14:30:00Z,565420,0.011376,0,
2023-10-20T15:30:00Z,565426,0.012789,0,
2023-10-20T16:30:00Z,565432,0.015416,0,
2023-10-20T17:30:00Z,565438,0.011254,0,
2023-10-20T18:30:00Z,565444,0.011225,0,
2023-10-20T19:30:00Z,565450,0.011499,0,
2023-10-20T20:30:00Z,565456,0.011454,0,
2023-10-20T21:30:00Z,565462,0.009855,0,
2023-10-20T22:30:00Z,565468,0.011425,0,
2023-10-20T23:30:00Z,565474,0.010226,0,
2023-10-21T00:30:00Z,565480,0.014480,0,
2023-10-21T01:30:00Z,565486,0.012346,0,
2023-10-21T02:30:00Z,565492,0.013221,0,
2023-10-21T03:30:00Z,565498,0.013226,0,
2023-10-21T04:30:00Z,565504,0.011031,0,
2023-10-21T05:30:00Z,565510,0.011302,0,
2023-10-21T06:30:00Z,565516,0.010157,0,
2023-10-21T07:30:00Z,565522,0.011317,0,
2023-10-21T08:30:00Z,565528,0.010954,0,
2023-10-21T09:30:00Z,565534,0.012609,0,
2023-10-21T10:30:00Z,565540,0.010763,0,
2023-10-21T11:30:00Z,565546,0.010703,0,
2023-10-21T12:30:00Z,565552,0.007653,0,
2023-10-21T13:30:00Z,565558,0.006615,0,
2023-10-21T14:30:00Z,565564,0.005129,0,
2023-10-21T15:30:00Z,565570,0.005158,0,
2023-10-21T16:30:00Z,565576,0.004738,0,
2023-10-21T17:30:00Z,565582,0.004809,0,
2023-10-21T18:30:00Z,565588,0.007753,0,
2023-10-21T19:30:00Z,565594,0.008082,0,
2023-10-21T20:30:00Z,565600,0.006402,0,
2023-10-21T21:30:00Z,565606,0.006015,0,
2023-10-21T22:30:00Z,565612,0.003910,0,
2023-10-21T23:30:00Z,565618,0.003831,0,
2023-10-22T00:30:00Z,565624,0.003645,0,
2023-10-22T01:30:00Z,565630,0.004421,0,
2023-10-22T02:30:00Z,565636,0.003899,0,
2023-10-22T03:30:00Z,565642,0.005068,0,
2023-10-22T04:30:00Z,565648,0.005292,0,
2023-10-22T05:30:00Z,565654,0.004687,0,
2023-10-22T06:30:00Z,565660,0.004978,0,
2023-10-22T07:30:00Z,565666,0.006024,0,
2023-10-22T08:30:00Z,565672,0.006639,0,
2023-10-22T09:30:00Z,565678,0.007000,0,
2023-10-22T10:30:00Z,565684,0.007249,0,
2023-10-22T11:30:00Z,565690,0.008256,0,
2023-10-22T12:30:00Z,565696,0.007236,0,
2023-10-22T13:30:00Z,565702,0.009967,0,
2023-10-22T14:30:00Z,565708,0.010248,0,
2023-10-22T15:30:00Z,565714,0.013073,0,
2023-10-22T16:30:00Z,565720,0.010933,0,
2023-10-22T17:30:00Z,565726,0.010589,0,
2023-10-22T18:30:00Z,565732,0.007697,0,
2023-10-22T19:30:00Z,565738,0.007044,0,
2023-10-22T20:30:00Z,565744,0.009499,0,
2023-10-22T21:30:00Z,565750,0.008649,0,
2023-10-22T22:30:00Z,565756,0.009697,0,
2023-10-22T23:30:00Z,565762,0.008258,0,
2023-10-23T00:30:00Z,565768,0.007122,0,
2023-10-23T01:30:00Z,565774,0.007135,0,
2023-10-23T02:30:00Z,565780,0.006155,0,
2023-10-23T03:30:00Z,565786,0.006023,0,
2023-10-23T04:30:00Z,565792,0.007277,0,
2023-10-23T05:30:00Z,565798,0.005673,0,
2023-10-23T06:30:00Z,565804,0.007461,0,
2023-10-23T07:30:00Z,565810,0.007456,0,
2023-10-23T08:30:00Z,565816,0.007147,0,
2023-10-23T09:30:00Z,565822,0.004665,0,
2023-10-23T10:30:00Z,565828,0.008114,0,
2023-10-23T11:30:00Z,565834,0.009048,0,
2023-10-23T12:30:00Z,565840,0.007288,0,
2023-10-23T13:30:00Z,565846,0.005627,0,
2023-10-23T14:30:00Z,565852,0.007756,0,
2023-10-23T15:30:00Z,565858,0.009030,0,
2023-10-23T16:30:00Z,565864,0.008345,0,
2023-10-23T17:30:00Z,565870,0.007490,0,
2023-10-23T18:30:00Z,565876,0.008124,0,
2023-10-23T19:30:00Z,565882,0.005738,0,
2023-10-23T20:30:00Z,565888,0.007486,0,
2023-10-23T21:30:00Z,565894,0.006984,0,
2023-10-23T22:30:00Z,565900,0.004836,0,
2023-10-23T23:30:00Z,565906,0.004544,0,
2023-10-24T00:30:00Z,565912,0.003820,0,
2023-10-24T01:30:00Z,565918,0.005911,0,
2023-10-24T02:30:00Z,565924,0.010399,0,
2023-10-24T03:30:00Z,565930,0.011282,0,
2023-10-24T04:30:00Z,565936,0.014035,0,
2023-10-24T05:30:00Z,565942,0.015263,0,
2023-10-24T06:30:00Z,565948,0.013314,0,
2023-10-24T07:30:00Z,565954,0.018400,0,
2023-10-24T08:30:00Z,565960,0.013417,0,
2023-10-24T09:30:00Z,565966,0.016787,0,
2023-10-24T10:30:00Z,565972,0.016067,0,
2023-10-24T11:30:00Z,565978,0.016797,0,
2023-10-24T12:30:00Z,565984,0.022223,0,
2023-10-24T13:30:00Z,565990,0.013778,0,
2023-10-24T14:30:00Z,565996,0.016824,0,
2023-10-24T15:30:00Z,566002,0.013958,0,
2023-10-24T16:30:00Z,566008,0.015038,0,
2023-10-24T17:30:00Z,566014,0.014192,0,
2023-10-24T18:30:00Z,566020,0.015163,0,
2023-10-24T19:30:00Z,566026,0.018528,0,
2023-10-24T20:30:00Z,566032,0.015955,0,
2023-10-24T21:30:00Z,566038,0.017336,0,
2023-10-24T22:30:00Z,566044,0.022179,0,
2023-10-24T23:30:00Z,566050,0.021894,0,
2023-10-25T00:30:00Z,566056,0.019188,0,
2023-10-25T01:30:00Z,566062,0.018596,0,
2023-10-25T02:30:00Z,566068,0.017803,0,
2023-10-25T03:30:00Z,566074,0.017490,0,
2023-10-25T04:30:00Z,566080,0.016342,0,
2023-10-25T05:30:00Z,566086,0.016219,0,
2023-10-25T06:30:00Z,566092,0.014450,0,
2023-10-25T07:30:00Z,566098,0.013340,0,
2023-10-25T08:30:00Z,566104,0.014266,0,
2023-10-25T09:30:00Z,566110,0.014809,0,
2023-10-25T10:30:00Z,566116,0.013051,0,
2023-10-25T11:30:00Z,566122,0.010857,0,
2023-10-25T12:30:00Z,566128,0.013238,0,
2023-10-25T13:30:00Z,566134,0.013445,0,
2023-10-25T14:30:00Z,566140,0.009518,0,
2023-10-25T15:30:00Z,566146,0.008025,0,
2023-10-25T16:30:00Z,566152,0.009938,0,
2023-10-25T17:30:00Z,566158,0.012280,0,
2023-10-25T18:30:00Z,566164,0.014215,0,
2023-10-25T19:30:00Z,566170,0.014777,0,
2023-10-25T20:30:00Z,566176,0.013133,0,
2023-10-25T21:30:00Z,566182,0.016398,0,
2023-10-25T22:30:00Z,566188,0.013065,0,
2023-10-25T23:30:00Z,566194,0.009962,0,
2023-10-26T00:30:00Z,566200,0.015441,0,
2023-10-26T01:30:00Z,566206,0.014209,0,
2023-10-26T02:30:00Z,566212,0.012779,0,
2023-10-26T03:30:00Z,566218,0.012975,0,
2023-10-26T04:30:00Z,566224,0.014601,0,
2023-10-26T05:30:00Z,566230,0.014365,0,
2023-10-26T06:30:00Z,566236,0.014444,0,
2023-10-26T07:30:00Z,566242,0.013818,0,
2023-10-26T08:30:00Z,566248,0.017935,0,
2023-10-26T09:30:00Z,566254,0.017170,0,
2023-10-26T10:30:00Z,566260,0.021940,0,
2023-10-26T11:30:00Z,566266,0.021316,0,
2023-10-26T12:30:00Z,566272,0.022982,0,
2023-10-26T13:30:00Z,566278,0.022470,0,
2023-10-26T14:30:00Z,566284,0.028573,0,
2023-10-26T15:30:00Z,566290,0.026092,0,
2023-10-26T16:30:00Z,566296,0.021367,0,
2023-10-26T17:30:00Z,566302,0.019112,0,
2023-10-26T18:30:00Z,566308,0.019239,0,
2023-10-26T19:30:00Z,566314,0.019558,0,
2023-10-26T20:30:00Z,566320,0.020165,0,
2023-10-26T21:30:00Z,566326,0.016564,0,
2023-10-26T22:30:00Z,566332,0.010030,0,
2023-10-26T23:30:00Z,566338,0.010589,0,
2023-10-27T00:30:00Z,566344,0.009728,0,
2023-10-27T01:30:00Z,566350,0.010772,0,
2023-10-27T02:30:00Z,566356,0.011137,0,
2023-10-27T03:30:00Z,566362,0.015032,0,
2023-10-27T04:30:00Z,566368,0.026341,0,
2023-10-27T05:30:00Z,566374,0.020446,0,
2023-10-27T06:30:00Z,566380,0.019976,0,
2023-10-27T07:30:00Z,566386,0.024767,0,
2023-10-27T08:30:00Z,566392,0.024630,0,
2023-10-27T09:30:00Z,566398,0.019779,0,
2023-10-27T10:30:00Z,566404,0.021529,0,
2023-10-27T11:30:00Z,566410,0.017670,0,
2023-10-27T12:30:00Z,566416,0.020148,0,
2023-10-27T13:30:00Z,566422,0.024451,0,
2023-10-27T14:30:00Z,566428,0.026269,0,
2023-10-27T15:30:00Z,566434,0.023434,0,
2023-10-27T16:30:00Z,566440,0.016544,0,
2023-10-27T17:30:00Z,566446,0.013510,0,
2023-10-27T18:30:00Z,566452,0.010844,0,
2023-10-27T19:30:00Z,566458,0.010164,0,
2023-10-27T20:30:00Z,566464,0.009247,0,
2023-10-27T21:30:00Z,566470,0.008966,0,
2023-10-27T22:30:00Z,566476,0.007870,0,
2023-10-27T23:30:00Z,566482,0.008951,0,
2023-10-28T00:30:00Z,566488,0.004673,0,
2023-10-28T01:30:00Z,566494,0.007103,0,
2023-10-28T02:30:00Z,566500,0.006772,0,
2023-10-28T03:30:00Z,566506,0.008170,0,
2023-10-28T04:30:00Z,566512,0.007167,0,
2023-10-28T05:30:00Z,566518,0.007478,0,
2023-10-28T06:30:00Z,566524,0.008357,0,
2023-10-28T07:30:00Z,566530,0.010588,0,
2023-10-28T08:30:00Z,566536,0.008554,0,
2023-10-28T09:30:00Z,566542,0.008499,0,
2023-10-28T10:30:00Z,566548,0.010288,0,
2023-10-28T11:30:00Z,566554,0.010495,0,
2023-10-28T12:30:00Z,566560,0.004599,0,
2023-10-28T13:30:00Z,566566,0.004354,0,
2023-10-28T14:30:00Z,566572,0.008226,0,
2023-10-28T15:30:00Z,566578,0.008698,0,
2023-10-28T16:30:00Z,566584,0.008623,0,
2023-10-28T17:30:00Z,566590,0.007894,0,
2023-10-28T18:30:00Z,566596,0.009909,0,
2023-10-28T19:30:00Z,566602,0.009934,0,
2023-10-28T20:30:00Z,566608,0.011134,0,
2023-10-28T21:30:00Z,566614,0.012577,0,
2023-10-28T22:30:00Z,566620,0.007071,0,
2023-10-28T23:30:00Z,566626,0.009126,0,
2023-10-29T00:30:00Z,566632,0.008279,0,
2023-10-29T01:30:00Z,566638,0.010026,0,
2023-10-29T02:30:00Z,566644,0.007421,0,
2023-10-29T03:30:00Z,566650,0.008390,0,
2023-10-29T04:30:00Z,566656,0.008869,0,
2023-10-29T05:30:00Z,566662,0.009757,0,
2023-10-29T06:30:00Z,566668,0.010771,0,
2023-10-29T07:30:00Z,566674,0.010073,0,
2023-10-29T08:30:00Z,566680,0.011024,0,
2023-10-29T09:30:00Z,566686,0.009365,0,
2023-10-29T10:30:00Z,566692,0.012243,0,
2023-10-29T11:30:00Z,566698,0.009508,0,
2023-10-29T12:30:00Z,566704,0.007882,0,
2023-10-29T13:30:00Z,566710,0.008465,0,
2023-10-29T14:30:00Z,566716,0.008720,0,
2023-10-29T15:30:00Z,566722,0.010321,0,
2023-10-29T16:30:00Z,566728,0.008380,0,
2023-10-29T17:30:00Z,566734,0.007183,0,
2023-10-29T18:30:00Z,566740,0.008442,0,
2023-10-29T19:30:00Z,566746,0.005941,0,
2023-10-29T20:30:00Z,566752,0.008252,0,
2023-10-29T21:30:00Z,566758,0.006697,0,
2023-10-29T22:30:00Z,566764,0.009214,0,
2023-10-29T23:30:00Z,566770,0.008134,0,
2023-10-30T00:30:00Z,566776,0.009306,0,
2023-10-30T01:30:00Z,566782,0.005839,0,
2023-10-30T02:30:00Z,566788,0.007722,0,
2023-10-30T03:30:00Z,566794,0.007295,0,
2023-10-30T04:30:00Z,566800,0.007512,0,
2023-10-30T05:30:00Z,566806,0.007884,0,
2023-10-30T06:30:00Z,566812,0.007742,0,
2023-10-30T07:30:00Z,566818,0.007041,0,
2023-10-30T08:30:00Z,566824,0.009029,0,
2023-10-30T09:30:00Z,566830,0.010525,0,
2023-10-30T10:30:00Z,566836,0.013204,0,
2023-10-30T11:30:00Z,566842,0.014011,0,
2023-10-30T12:30:00Z,566848,0.017363,0,
2023-10-30T13:30:00Z,566854,0.018062,0,
2023-10-30T14:30:00Z,566860,0.019254,0,
2023-10-30T15:30:00Z,566866,0.014206,0,
2023-10-30T16:30:00Z,566872,0.017248,0,
2023-10-30T17:30:00Z,566878,0.016065,0,
2023-10-30T18:30:00Z,566884,0.020153,0,
2023-10-30T19:30:00Z,566890,0.023198,0,
2023-10-30T20:30:00Z,566896,0.022240,0,
2023-10-30T21:30:00Z,566902,0.031129,0,
2023-10-30T22:30:00Z,566908,0.031564,0,
2023-10-30T23:30:00Z,566914,0.034451,0,
2023-10-31T00:30:00Z,566920,0.029035,0,
2023-10-31T01:30:00Z,566926,0.034827,0,
2023-10-31T02:30:00Z,566932,0.026615,0,
2023-10-31T03:30:00Z,566938,0.022052,0,
2023-10-31T04:30:00Z,566944,0.024036,0,
2023-10-31T05:30:00Z,566950,0.022987,0,
2023-10-31T06:30:00Z,566956,0.019794,0,
2023-10-31T07:30:00Z,566962,0.018142,0,
2023-10-31T08:30:00Z,566968,0.019185,0,
2023-10-31T09:30:00Z,566974,0.013993,0,
2023-10-31T10:30:00Z,566980,0.012861,0,
2023-10-31T11:30:00Z,566986,0.012696,0,
2023-10-31T12:30:00Z,566992,0.011925,0,
2023-10-31T13:30:00Z,566998,0.011588,0,
2023-10-31T14:30:00Z,567004,0.010719,0,
2023-10-31T15:30:00Z,567010,0.012063,0,
2023-10-31T16:30:00Z,567016,0.010518,0,
2023-10-31T17:30:00Z,567022,0.009852,0,
2023-10-31T18:30:00Z,567028,0.009817,0,
2023-10-31T19:30:00Z,567034,0.013069,0,
2023-10-31T20:30:00Z,567040,0.010480,0,
2023-10-31T21:30:00Z,567046,0.012539,0,
2023-10-31T22:30:00Z,567052,0.013651,0,
2023-10-31T23:30:00Z,567058,0.004995,0,
2023-11-01T00:30:00Z,567064,0.009249,0,
2023-11-01T01:30:00Z,567070,0.008169,0,
2023-11-01T02:30:00Z,567076,0.006958,0,
2023-11-01T03:30:00Z,567082,0.007257,0,
2023-11-01T04:30:00Z,567088,0.007099,0,
2023-11-01T05:30:00Z,567094,0.006037,0,
2023-11-01T06:30:00Z,567100,0.006877,0,
2023-11-01T07:30:00Z,567106,0.010730,0,
2023-11-01T08:30:00Z,567112,0.011445,0,
2023-11-01T09:30:00Z,567118,0.011964,0,
2023-11-01T10:30:00Z,567124,0.017427,0,
2023-11-01T11:30:00Z,567130,0.012133,0,
2023-11-01T12:30:00Z,567136,0.011221,0,
2023-11-01T13:30:00Z,567142,0.013048,0,
2023-11-01T14:30:00Z,567148,0.015619,0,
2023-11-01T15:30:00Z,567154,0.014593,0,
2023-11-01T16:30:00Z,567160,0.011676,0,
2023-11-01T17:30:00Z,567166,0.011115,0,
2023-11-01T18:30:00Z,567172,0.011710,0,
2023-11-01T19:30:00Z,567178,0.013379,0,
2023-11-01T20:30:00Z,567184,0.013735,0,
2023-11-01T21:30:00Z,567190,0.013074,0,
2023-11-01T22:30:00Z,567196,0.012285,0,
2023-11-01T23:30:00Z,567202,0.016153,0,
2023-11-02T00:30:00Z,567208,0.020831,0,
2023-11-02T01:30:00Z,567214,0.026776,0,
2023-11-02T02:30:00Z,567220,0.029463,0,
2023-11-02T03:30:00Z,567226,0.027487,0,
2023-11-02T04:30:00Z,567232,0.022408,0,
2023-11-02T05:30:00Z,567238,0.022610,0,
2023-11-02T06:30:00Z,567244,0.019164,0,
2023-11-02T07:30:00Z,567250,0.013930,0,
2023-11-02T08:30:00Z,567256,0.011554,0,
2023-11-02T09:30:00Z,567262,0.014347,0,
2023-11-02T10:30:00Z,567268,0.009835,0,
2023-11-02T11:30:00Z,567274,0.007507,0,
2023-11-02T12:30:00Z,567280,0.006204,0,
2023-11-02T13:30:00Z,567286,0.007375,0,
2023-11-02T14:30:00Z,567292,0.009687,0,
2023-11-02T15:30:00Z,567298,0.015368,0,
2023-11-02T16:30:00Z,567304,0.019535,0,
2023-11-02T17:30:00Z,567310,0.019232,0,
2023-11-02T18:30:00Z,567316,0.021073,0,
2023-11-02T19:30:00Z,567322,0.021441,0,
2023-11-02T20:30:00Z,567328,0.023019,0,
2023-11-02T21:30:00Z,567334,0.018636,0,
2023-11-02T22:30:00Z,567340,0.018933,0,
2023-11-02T23:30:00Z,567346,0.019806,0,
2023-11-03T00:30:00Z,567352,0.020681,0,
2023-11-03T01:30:00Z,567358,0.020507,0,
2023-11-03T02:30:00Z,567364,0.027229,0,
2023-11-03T03:30:00Z,567370,0.024078,0,
2023-11-03T04:30:00Z,567376,0.024000,0,
2023-11-03T05:30:00Z,567382,0.018168,0,
2023-11-03T06:30:00Z,567388,0.019975,0,
2023-11-03T07:30:00Z,567394,0.018203,0,
2023-11-03T08:30:00Z,567400,0.023689,0,
2023-11-03T09:30:00Z,567406,0.017838,0,
2023-11-03T10:30:00Z,567412,0.014073,0,
2023-11-03T11:30:00Z,567418,0.013376,0,
2023-11-03T12:30:00Z,567424,0.011494,0,
2023-11-03T13:30:00Z,567430,0.011725,0,
2023-11-03T14:30:00Z,567436,0.010228,0,
2023-11-03T15:30:00Z,567442,0.010485,0,
2023-11-03T16:30:00Z,567448,0.010096,0,
2023-11-03T17:30:00Z,567454,0.008636,0,
2023-11-03T18:30:00Z,567460,0.009221,0,
2023-11-03T19:30:00Z,567466,0.008382,0,
2023-11-03T20:30:00Z,567472,0.009746,0,
2023-11-03T21:30:00Z,567478,0.009932,0,
2023-11-03T22:30:00Z,567484,0.009909,0,
2023-11-03T23:30:00Z,567490,0.009946,0,
2023-11-04T00:30:00Z,567496,0.010766,0,
2023-11-04T01:30:00Z,567502,0.014442,0,
2023-11-04T02:30:00Z,567508,0.012128,0,
2023-11-04T03:30:00Z,567514,0.015175,0,
2023-11-04T04:30:00Z,567520,0.012167,0,
2023-11-04T05:30:00Z,567526,0.015915,0,
2023-11-04T06:30:00Z,567532,0.015846,0,
2023-11-04T07:30:00Z,567538,0.016460,0,
2023-11-04T08:30:00Z,567544,0.013154,0,
2023-11-04T09:30:00Z,567550,0.011719,0,
2023-11-04T10:30:00Z,567556,0.013208,0,
2023-11-04T11:30:00Z,567562,0.010381,0,
2023-11-04T12:30:00Z,567568,0.011078,0,
2023-11-04T13:30:00Z,567574,0.017858,0,
2023-11-04T14:30:00Z,567580,0.020391,0,
2023-11-04T15:30:00Z,567586,0.014918,0,
2023-11-04T16:30:00Z,567592,0.023823,0,
2023-11-04T17:30:00Z,567598,0.021365,0,
2023-11-04T18:30:00Z,567604,0.025772,0,
2023-11-04T19:30:00Z,567610,0.020920,0,
2023-11-04T20:30:00Z,567616,0.012360,0,
2023-11-04T21:30:00Z,567622,0.012974,0,
2023-11-04T22:30:00Z,567628,0.027191,0,
2023-11-04T23:30:00Z,567634,0.021904,0,
2023-11-05T00:30:00Z,567640,0.016792,0,
2023-11-05T01:30:00Z,567646,0.020783,0,
2023-11-05T02:30:00Z,567652,0.016797,0,
2023-11-05T03:30:00Z,567658,0.009738,0,
2023-11-05T04:30:00Z,567664,0.008321,0,
2023-11-05T05:30:00Z,567670,0.007378,0,
2023-11-05T06:30:00Z,567676,0.007140,0,
2023-11-05T07:30:00Z,567682,0.004889,0,
2023-11-05T08:30:00Z,567688,0.006339,0,
2023-11-05T09:30:00Z,567694,0.007515,0,
2023-11-05T10:30:00Z,567700,0.006961,0,
2023-11-05T11:30:00Z,567706,0.009723,0,
2023-11-05T12:30:00Z,567712,0.009563,0,
2023-11-05T13:30:00Z,567718,0.008813,0,
2023-11-05T14:30:00Z,567724,0.006724,0,
2023-11-05T15:30:00Z,567730,0.007865,0,
2023-11-05T16:30:00Z,567736,0.006772,0,
2023-11-05T17:30:00Z,567742,0.009066,0,
2023-11-05T18:30:00Z,567748,0.009035,0,
2023-11-05T19:30:00Z,567754,0.009014,0,
2023-11-05T20:30:00Z,567760,0.006944,0,
2023-11-05T21:30:00Z,567766,0.009913,0,
2023-11-05T22:30:00Z,567772,0.008935,0,
2023-11-05T23:30:00Z,567778,0.012591,0,
2023-11-06T00:30:00Z,567784,0.010240,0,
2023-11-06T01:30:00Z,567790,0.013383,0,
2023-11-06T02:30:00Z,567796,0.014049,0,
2023-11-06T03:30:00Z,567802,0.014787,0,
2023-11-06T04:30:00Z,567808,0.023628,0,
2023-11-06T05:30:00Z,567814,0.029661,0,
2023-11-06T06:30:00Z,567820,0.020393,0,
2023-11-06T07:30:00Z,567826,0.026577,0,
2023-11-06T08:30:00Z,567832,0.023019,0,
2023-11-06T09:30:00Z,567838,0.022862,0,
2023-11-06T10:30:00Z,567844,0.023829,0,
2023-11-06T11:30:00Z,567850,0.019534,0,
2023-11-06T12:30:00Z,567856,0.021589,0,
2023-11-06T13:30:00Z,567862,0.017469,0,
2023-11-06T14:30:00Z,567868,0.020704,0,
2023-11-06T15:30:00Z,567874,0.015293,0,
2023-11-06T16:30:00Z,567880,0.015029,0,
2023-11-06T17:30:00Z,567886,0.010362,0,
2023-11-06T18:30:00Z,567892,0.008653,0,
2023-11-06T19:30:00Z,567898,0.007950,0,
2023-11-06T20:30:00Z,567904,0.011550,0,
2023-11-06T21:30:00Z,567910,0.010390,0,
2023-11-06T22:30:00Z,567916,0.008870,0,
2023-11-06T23:30:00Z,567922,0.009914,0,
2023-11-07T00:30:00Z,567928,0.010740,0,
2023-11-07T01:30:00Z,567934,0.017281,0,
2023-11-07T02:30:00Z,567940,0.012701,0,
2023-11-07T03:30:00Z,567946,0.015887,0,
2023-11-07T04:30:00Z,567952,0.016989,0,
2023-11-07T05:30:00Z,567958,0.014911,0,
2023-11-07T06:30:00Z,567964,0.012381,0,
2023-11-07T07:30:00Z,567970,0.014796,0,
2023-11-07T08:30:00Z,567976,0.014099,0,
2023-11-07T09:30:00Z,567982,0.010285,0,
2023-11-07T10:30:00Z,567988,0.012418,0,
2023-11-07T11:30:00Z,567994,0.011798,0,
2023-11-07T12:30:00Z,568000,0.010867,0,
2023-11-07T13:30:00Z,568006,0.009096,0,
2023-11-07T14:30:00Z,568012,0.011574,0,
2023-11-07T15:30:00Z,568018,0.011428,0,
2023-11-07T16:30:00Z,568024,0.010078,0,
2023-11-07T17:30:00Z,568030,0.008342,0,
2023-11-07T18:30:00Z,568036,0.007629,0,
2023-11-07T19:30:00Z,568042,0.008424,0,
2023-11-07T20:30:00Z,568048,0.007630,0,
2023-11-07T21:30:00Z,568054,0.008642,0,
2023-11-07T22:30:00Z,568060,0.009125,0,
2023-11-07T23:30:00Z,568066,0.009435,0,
2023-11-08T00:30:00Z,568072,0.010565,0,
2023-11-08T01:30:00Z,568078,0.015667,0,
2023-11-08T02:30:00Z,568084,0.011178,0,
2023-11-08T03:30:00Z,568090,0.014139,0,
2023-11-08T04:30:00Z,568096,0.011012,0,
2023-11-08T05:30:00Z,568102,0.011336,0,
2023-11-08T06:30:00Z,568108,0.013129,0,
2023-11-08T07:30:00Z,568114,0.013760,0,
2023-11-08T08:30:00Z,568120,0.014468,0,
2023-11-08T09:30:00Z,568126,0.024401,0,
2023-11-08T10:30:00Z,568132,0.025369,0,
2023-11-08T11:30:00Z,568138,0.024619,0,
2023-11-08T12:30:00Z,568144,0.019301,0,
2023-11-08T13:30:00Z,568150,0.015831,0,
2023-11-08T14:30:00Z,568156,0.017021,0,
2023-11-08T15:30:00Z,568162,0.012925,0,
2023-11-08T16:30:00Z,568168,0.010061,0,
2023-11-08T17:30:00Z,568174,0.011133,0,
2023-11-08T18:30:00Z,568180,0.010870,0,
2023-11-08T19:30:00Z,568186,0.011580,0,
2023-11-08T20:30:00Z,568192,0.007566,0,
2023-11-08T21:30:00Z,568198,0.008605,0,
2023-11-08T22:30:00Z,568204,0.006270,0,
2023-11-08T23:30:00Z,568210,0.008720,0,
2023-11-09T00:30:00Z,568216,0.010501,0,
2023-11-09T01:30:00Z,568222,0.010854,0,
2023-11-09T02:30:00Z,568228,0.009847,0,
2023-11-09T03:30:00Z,568234,0.011711,0,
2023-11-09T04:30:00Z,568240,0.012855,0,
2023-11-09T05:30:00Z,568246,0.012544,0,
2023-11-09T06:30:00Z,568252,0.014416,0,
2023-11-09T07:30:00Z,568258,0.014049,0,
2023-11-09T08:30:00Z,568264,0.016809,0,
2023-11-09T09:30:00Z,568270,0.013687,0,
2023-11-09T10:30:00Z,568276,0.011673,0,
2023-11-09T11:30:00Z,568282,0.017240,0,
2023-11-09T12:30:00Z,568288,0.023776,0,
2023-11-09T13:30:00Z,568294,0.026962,0,
2023-11-09T14:30:00Z,568300,0.028484,0,
2023-11-09T15:30:00Z,568306,0.027506,0,
2023-11-09T16:30:00Z,568312,0.023702,0,
2023-11-09T17:30:00Z,568318,0.018874,0,
2023-11-09T18:30:00Z,568324,0.017567,0,
2023-11-09T19:30:00Z,568330,0.018834,0,
2023-11-09T20:30:00Z,568336,0.018741,0,
2023-11-09T21:30:00Z,568342,0.027518,0,
2023-11-09T22:30:00Z,568348,0.034314,0,
2023-11-09T23:30:00Z,568354,0.035796,0,
2023-11-10T00:30:00Z,568360,0.025601,0,
2023-11-10T01:30:00Z,568366,0.020690,0,
2023-11-10T02:30:00Z,568372,0.017608,0,
2023-11-10T03:30:00Z,568378,0.022451,0,
2023-11-10T04:30:00Z,568384,0.020408,0,
2023-11-10T05:30:00Z,568390,0.017602,0,
2023-11-10T06:30:00Z,568396,0.013000,0,
2023-11-10T07:30:00Z,568402,0.016675,0,
2023-11-10T08:30:00Z,568408,0.021452,0,
2023-11-10T09:30:00Z,568414,0.029410,0,
2023-11-10T10:30:00Z,568420,0.026146,0,
2023-11-10T11:30:00Z,568426,0.016015,0,
2023-11-10T12:30:00Z,568432,0.010306,0,
2023-11-10T13:30:00Z,568438,0.011686,0,
2023-11-10T14:30:00Z,568444,0.008856,0,
2023-11-10T15:30:00Z,568450,0.010331,0,
2023-11-10T16:30:00Z,568456,0.007738,0,
2023-11-10T17:30:00Z,568462,0.007597,0,
2023-11-10T18:30:00Z,568468,0.009806,0,
2023-11-10T19:30:00Z,568474,0.008277,0,
2023-11-10T20:30:00Z,568480,0.007649,0,
2023-11-10T21:30:00Z,568486,0.008488,0,
2023-11-10T22:30:00Z,568492,0.008808,0,
2023-11-10T23:30:00Z,568498,0.010892,0,
2023-11-11T00:30:00Z,568504,0.009769,0,
2023-11-11T01:30:00Z,568510,0.009719,0,
2023-11-11T02:30:00Z,568516,0.012793,0,
2023-11-11T03:30:00Z,568522,0.011407,0,
2023-11-11T04:30:00Z,568528,0.008502,0,
2023-11-11T05:30:00Z,568534,0.004153,0,
2023-11-11T06:30:00Z,568540,0.012744,0,
2023-11-11T07:30:00Z,568546,0.012706,0,
2023-11-11T08:30:00Z,568552,0.009827,0,
2023-11-11T09:30:00Z,568558,0.007481,0,
2023-11-11T10:30:00Z,568564,0.011639,0,
2023-11-11T11:30:00Z,568570,0.011170,0,
2023-11-11T12:30:00Z,568576,0.020276,0,
2023-11-11T13:30:00Z,568582,0.022801,0,
2023-11-11T14:30:00Z,568588,0.021085,0,
2023-11-11T15:30:00Z,568594,0.019922,0,
2023-11-11T16:30:00Z,568600,0.025222,0,
2023-11-11T17:30:00Z,568606,0.021476,0,
2023-11-11T18:30:00Z,568612,0.020556,0,
2023-11-11T19:30:00Z,568618,0.019049,0,
2023-11-11T20:30:00Z,568624,0.017823,0,
2023-11-11T21:30:00Z,568630,0.020078,0,
2023-11-11T22:30:00Z,568636,0.018810,0,
2023-11-11T23:30:00Z,568642,0.006037,0,
2023-11-12T00:30:00Z,568648,0.013953,0,
2023-11-12T01:30:00Z,568654,0.011897,0,
2023-11-12T02:30:00Z,568660,0.009813,0,
2023-11-12T03:30:00Z,568666,0.008325,0,
2023-11-12T04:30:00Z,568672,0.009347,0,
2023-11-12T05:30:00Z,568678,0.003202,0,
2023-11-12T06:30:00Z,568684,0.009634,0,
2023-11-12T07:30:00Z,568690,0.008279,0,
2023-11-12T08:30:00Z,568696,0.010898,0,
2023-11-12T09:30:00Z,568702,0.010779,0,
2023-11-12T10:30:00Z,568708,0.010640,0,
2023-11-12T11:30:00Z,568714,0.010046,0,
2023-11-12T12:30:00Z,568720,0.010852,0,
2023-11-12T13:30:00Z,568726,0.011831,0,
2023-11-12T14:30:00Z,568732,0.008827,0,
2023-11-12T15:30:00Z,568738,0.011936,0,
2023-11-12T16:30:00Z,568744,0.012552,0,
2023-11-12T17:30:00Z,568750,0.013061,0,
2023-11-12T18:30:00Z,568756,0.016635,0,
2023-11-12T19:30:00Z,568762,0.015149,0,
2023-11-12T20:30:00Z,568768,0.014120,0,
2023-11-12T21:30:00Z,568774,0.011351,0,
2023-11-12T22:30:00Z,568780,0.011155,0,
2023-11-12T23:30:00Z,568786,0.012768,0,
2023-11-13T00:30:00Z,568792,0.011529,0,
2023-11-13T01:30:00Z,568798,0.009394,0,
2023-11-13T02:30:00Z,568804,0.010179,0,
2023-11-13T03:30:00Z,568810,0.010269,0,
2023-11-13T04:30:00Z,568816,0.010223,0,
2023-11-13T05:30:00Z,568822,0.010145,0,
2023-11-13T06:30:00Z,568828,0.008792,0,
2023-11-13T07:30:00Z,568834,0.004507,0,
2023-11-13T08:30:00Z,568840,0.010162,0,
2023-11-13T09:30:00Z,568846,0.019219,0,
2023-11-13T10:30:00Z,568852,0.020266,0,
2023-11-13T11:30:00Z,568858,0.023532,0,
2023-11-13T12:30:00Z,568864,0.034817,0,
2023-11-13T13:30:00Z,568870,0.042968,0,
2023-11-13T14:30:00Z,568876,0.045577,0,
2023-11-13T15:30:00Z,568882,0.049605,0,
2023-11-13T16:30:00Z,568888,0.046409,0,
2023-11-13T17:30:00Z,568894,0.050467,0,
2023-11-13T18:30:00Z,568900,0.053767,0,
2023-11-13T19:30:00Z,568906,0.052508,0,
2023-11-13T20:30:00Z,568912,0.056639,0,
2023-11-13T21:30:00Z,568918,0.050663,0,
2023-11-13T22:30:00Z,568924,0.054837,0,
2023-11-13T23:30:00Z,568930,0.054615,0,
2023-11-14T00:30:00Z,568936,0.054770,0,
2023-11-14T01:30:00Z,568942,0.056689,0,
2023-11-14T02:30:00Z,568948,0.059167,0,
2023-11-14T03:30:00Z,568954,0.056677,0,
2023-11-14T04:30:00Z,568960,0.060045,0,
2023-11-14T05:30:00Z,568966,0.059915,0,
2023-11-14T06:30:00Z,568972,0.052463,0,
2023-11-14T07:30:00Z,568978,0.038410,0,
2023-11-14T08:30:00Z,568984,0.029068,0,
2023-11-14T09:30:00Z,568990,0.018586,0,
2023-11-14T10:30:00Z,568996,0.018221,0,
2023-11-14T11:30:00Z,569002,0.020050,0,
2023-11-14T12:30:00Z,569008,0.014268,0,
2023-11-14T13:30:00Z,569014,0.013192,0,
2023-11-14T14:30:00Z,569020,0.010491,0,
2023-11-14T15:30:00Z,569026,0.008126,0,
2023-11-14T16:30:00Z,569032,0.006890,0,
2023-11-14T17:30:00Z,569038,0.009997,0,
2023-11-14T18:30:00Z,569044,0.010768,0,
2023-11-14T19:30:00Z,569050,0.012688,0,
2023-11-14T20:30:00Z,569056,0.013274,0,
2023-11-14T21:30:00Z,569062,0.016210,0,
2023-11-14T22:30:00Z,569068,0.020737,0,
2023-11-14T23:30:00Z,569074,0.020715,0,
2023-11-15T00:30:00Z,569080,0.019120,0,
2023-11-15T01:30:00Z,569086,0.019841,0,
2023-11-15T02:30:00Z,569092,0.023169,0,
2023-11-15T03:30:00Z,569098,0.024500,0,
2023-11-15T04:30:00Z,569104,0.029120,0,
2023-11-15T05:30:00Z,569110,0.028653,0,
2023-11-15T06:30:00Z,569116,0.028938,0,
2023-11-15T07:30:00Z,569122,0.025863,0,
2023-11-15T08:30:00Z,569128,0.027713,0,
2023-11-15T09:30:00Z,569134,0.027474,0,
2023-11-15T10:30:00Z,569140,0.027280,0,
2023-11-15T11:30:00Z,569146,0.032307,0,
2023-11-15T12:30:00Z,569152,0.031671,0,
2023-11-15T13:30:00Z,569158,0.040770,0,
2023-11-15T14:30:00Z,569164,0.034914,0,
2023-11-15T15:30:00Z,569170,0.022179,0,
2023-11-15T16:30:00Z,569176,0.016263,0,
2023-11-15T17:30:00Z,569182,0.013989,0,
2023-11-15T18:30:00Z,569188,0.015585,0,
2023-11-15T19:30:00Z,569194,0.011044,0,
2023-11-15T20:30:00Z,569200,0.015003,0,
2023-11-15T21:30:00Z,569206,0.011649,0,
2023-11-15T22:30:00Z,569212,0.017128,0,
2023-11-15T23:30:00Z,569218,0.011053,0,
2023-11-16T00:30:00Z,569224,0.013605,0,
2023-11-16T01:30:00Z,569230,0.013549,0,
2023-11-16T02:30:00Z,569236,0.025051,0,
2023-11-16T03:30:00Z,569242,0.034639,0,
2023-11-16T04:30:00Z,569248,0.023581,0,
2023-11-16T05:30:00Z,569254,0.021509,0,
2023-11-16T06:30:00Z,569260,0.024896,0,
2023-11-16T07:30:00Z,569266,0.017448,0,
2023-11-16T08:30:00Z,569272,0.017082,0,
2023-11-16T09:30:00Z,569278,0.015244,0,
2023-11-16T10:30:00Z,569284,0.014790,0,
2023-11-16T11:30:00Z,569290,0.012820,0,
2023-11-16T12:30:00Z,569296,0.011910,0,
2023-11-16T13:30:00Z,569302,0.010810,0,
2023-11-16T14:30:00Z,569308,0.011249,0,
2023-11-16T15:30:00Z,569314,0.010778,0,
2023-11-16T16:30:00Z,569320,0.012032,0,
2023-11-16T17:30:00Z,569326,0.012693,0,
2023-11-16T18:30:00Z,569332,0.014181,0,
2023-11-16T19:30:00Z,569338,0.012444,0,
2023-11-16T20:30:00Z,569344,0.012053,0,
2023-11-16T21:30:00Z,569350,0.011216,0,
2023-11-16T22:30:00Z,569356,0.012947,0,
2023-11-16T23:30:00Z,569362,0.010142,0,
2023-11-17T00:30:00Z,569368,0.009752,0,
2023-11-17T01:30:00Z,569374,0.010553,0,
2023-11-17T02:30:00Z,569380,0.009264,0,
2023-11-17T03:30:00Z,569386,0.010209,0,
2023-11-17T04:30:00Z,569392,0.008429,0,
2023-11-17T05:30:00Z,569398,0.009038,0,
2023-11-17T06:30:00Z,569404,0.009855,0,
2023-11-17T07:30:00Z,569410,0.011318,0,
2023-11-17T08:30:00Z,569416,0.013337,0,
2023-11-17T09:30:00Z,569422,0.014444,0,
2023-11-17T10:30:00Z,569428,0.015396,0,
2023-11-17T11:30:00Z,569434,0.010914,0,
2023-11-17T12:30:00Z,569440,0.010226,0,
2023-11-17T13:30:00Z,569446,0.010851,0,
2023-11-17T14:30:00Z,569452,0.012061,0,
2023-11-17T15:30:00Z,569458,0.018710,0,
2023-11-17T16:30:00Z,569464,0.018618,0,
2023-11-17T17:30:00Z,569470,0.014805,0,
2023-11-17T18:30:00Z,569476,0.013990,0,
2023-11-17T19:30:00Z,569482,0.015727,0,
2023-11-17T20:30:00Z,569488,0.016061,0,
2023-11-17T21:30:00Z,569494,0.011420,0,
2023-11-17T22:30:00Z,569500,0.011720,0,
2023-11-17T23:30:00Z,569506,0.012009,0,
2023-11-18T00:30:00Z,569512,0.009898,0,
2023-11-18T01:30:00Z,569518,0.013228,0,
2023-11-18T02:30:00Z,569524,0.014377,0,
2023-11-18T03:30:00Z,569530,0.012174,0,
2023-11-18T04:30:00Z,569536,0.012288,0,
2023-11-18T05:30:00Z,569542,0.013271,0,
2023-11-18T06:30:00Z,569548,0.020492,0,
2023-11-18T07:30:00Z,569554,0.015517,0,
2023-11-18T08:30:00Z,569560,0.015301,0,
2023-11-18T09:30:00Z,569566,0.009990,0,
2023-11-18T10:30:00Z,569572,0.010537,0,
2023-11-18T11:30:00Z,569578,0.009909,0,
2023-11-18T12:30:00Z,569584,0.010734,0,
2023-11-18T13:30:00Z,569590,0.013020,0,
2023-11-18T14:30:00Z,569596,0.021655,0,
2023-11-18T15:30:00Z,569602,0.024241,0,
2023-11-18T16:30:00Z,569608,0.030944,0,
2023-11-18T17:30:00Z,569614,0.035644,0,
2023-11-18T18:30:00Z,569620,0.039574,0,
2023-11-18T19:30:00Z,569626,0.034037,0,
2023-11-18T20:30:00Z,569632,0.037919,0,
2023-11-18T21:30:00Z,569638,0.043782,0,
2023-11-18T22:30:00Z,569644,0.036761,0,
2023-11-18T23:30:00Z,569650,0.042385,0,
2023-11-19T00:30:00Z,569656,0.046839,0,
2023-11-19T01:30:00Z,569662,0.052404,0,
2023-11-19T02:30:00Z,569668,0.053456,0,
2023-11-19T03:30:00Z,569674,0.052187,0,
2023-11-19T04:30:00Z,569680,0.057599,0,
2023-11-19T05:30:00Z,569686,0.051820,0,
2023-11-19T06:30:00Z,569692,0.055952,0,
2023-11-19T07:30:00Z,569698,0.052394,0,
2023-11-19T08:30:00Z,569704,0.052673,0,
2023-11-19T09:30:00Z,569710,0.047197,0,
2023-11-19T10:30:00Z,569716,0.045930,0,
2023-11-19T11:30:00Z,569722,0.048081,0,
2023-11-19T12:30:00Z,569728,0.052280,0,
2023-11-19T13:30:00Z,569734,0.051922,0,
2023-11-19T14:30:00Z,569740,0.055913,0,
2023-11-19T15:30:00Z,569746,0.047750,0,
2023-11-19T16:30:00Z,569752,0.045150,0,
2023-11-19T17:30:00Z,569758,0.045215,0,
2023-11-19T18:30:00Z,569764,0.043389,0,
2023-11-19T19:30:00Z,569770,0.037413,0,
2023-11-19T20:30:00Z,569776,0.045019,0,
2023-11-19T21:30:00Z,569782,0.042687,0,
2023-11-19T22:30:00Z,569788,0.046392,0,
2023-11-19T23:30:00Z,569794,0.042915,0,
2023-11-20T00:30:00Z,569800,0.038329,0,
2023-11-20T01:30:00Z,569806,0.027624,0,
2023-11-20T02:30:00Z,569812,0.017025,0,
2023-11-20T03:30:00Z,569818,0.013487,0,
2023-11-20T04:30:00Z,569824,0.011914,0,
2023-11-20T05:30:00Z,569830,0.014339,0,
2023-11-20T06:30:00Z,569836,0.011252,0,
2023-11-20T07:30:00Z,569842,0.011811,0,
2023-11-20T08:30:00Z,569848,0.012284,0,
2023-11-20T09:30:00Z,569854,0.013275,0,
2023-11-20T10:30:00Z,569860,0.010323,0,
2023-11-20T11:30:00Z,569866,0.011133,0,
2023-11-20T12:30:00Z,569872,0.010059,0,
2023-11-20T13:30:00Z,569878,0.011980,0,
2023-11-20T14:30:00Z,569884,0.009374,0,
2023-11-20T15:30:00Z,569890,0.009389,0,
2023-11-20T16:30:00Z,569896,0.007704,0,
2023-11-20T17:30:00Z,569902,0.005357,0,
2023-11-20T18:30:00Z,569908,0.004959,0,
2023-11-20T19:30:00Z,569914,0.004652,0,
2023-11-20T20:30:00Z,569920,0.005611,0,
2023-11-20T21:30:00Z,569926,0.004909,0,
2023-11-20T22:30:00Z,569932,0.005109,0,
2023-11-20T23:30:00Z,569938,0.004695,0,
2023-11-21T00:30:00Z,569944,0.005788,0,
2023-11-21T01:30:00Z,569950,0.005785,0,
2023-11-21T02:30:00Z,569956,0.006005,0,
2023-11-21T03:30:00Z,569962,0.006180,0,
2023-11-21T04:30:00Z,569968,0.008606,0,
2023-11-21T05:30:00Z,569974,0.009426,0,
2023-11-21T06:30:00Z,569980,0.007504,0,
2023-11-21T07:30:00Z,569986,0.005965,0,
2023-11-21T08:30:00Z,569992,0.005959,0,
2023-11-21T09:30:00Z,569998,0.006047,0,
2023-11-21T10:30:00Z,570004,0.006207,0,
2023-11-21T11:30:00Z,570010,0.008491,0,
2023-11-21T12:30:00Z,570016,0.009063,0,
2023-11-21T13:30:00Z,570022,0.010511,0,
2023-11-21T14:30:00Z,570028,0.007786,0,
2023-11-21T15:30:00Z,570034,0.008412,0,
2023-11-21T16:30:00Z,570040,0.008390,0,
2023-11-21T17:30:00Z,570046,0.004163,0,
2023-11-21T18:30:00Z,570052,0.006663,0,
2023-11-21T19:30:00Z,570058,0.009494,0,
2023-11-21T20:30:00Z,570064,0.012321,0,
2023-11-21T21:30:00Z,570070,0.011874,0,
2023-11-21T22:30:00Z,570076,0.013059,0,
2023-11-21T23:30:00Z,570082,0.018508,0,
2023-11-22T00:30:00Z,570088,0.012903,0,
2023-11-22T01:30:00Z,570094,0.014885,0,
2023-11-22T02:30:00Z,570100,0.016051,0,
2023-11-22T03:30:00Z,570106,0.016392,0,
2023-11-22T04:30:00Z,570112,0.013875,0,
2023-11-22T05:30:00Z,570118,0.010293,0,
2023-11-22T06:30:00Z,570124,0.009978,0,
2023-11-22T07:30:00Z,570130,0.007912,0,
2023-11-22T08:30:00Z,570136,0.011741,0,
2023-11-22T09:30:00Z,570142,0.012438,0,
2023-11-22T10:30:00Z,570148,0.008855,0,
2023-11-22T11:30:00Z,570154,0.010873,0,
2023-11-22T12:30:00Z,570160,0.010371,0,
2023-11-22T13:30:00Z,570166,0.010463,0,
2023-11-22T14:30:00Z,570172,0.009529,0,
2023-11-22T15:30:00Z,570178,0.012135,0,
2023-11-22T16:30:00Z,570184,0.010375,0,
2023-11-22T17:30:00Z,570190,0.011019,0,
2023-11-22T18:30:00Z,570196,0.011314,0,
2023-11-22T19:30:00Z,570202,0.008417,0,
2023-11-22T20:30:00Z,570208,0.009378,0,
2023-11-22T21:30:00Z,570214,0.007540,0,
2023-11-22T22:30:00Z,570220,0.008495,0,
2023-11-22T23:30:00Z,570226,0.007810,0,
2023-11-23T00:30:00Z,570232,0.007112,0,
2023-11-23T01:30:00Z,570238,0.009727,0,
2023-11-23T02:30:00Z,570244,0.015840,0,
2023-11-23T03:30:00Z,570250,0.014944,0,
2023-11-23T04:30:00Z,570256,0.017795,0,
2023-11-23T05:30:00Z,570262,0.015709,0,
2023-11-23T06:30:00Z,570268,0.018042,0,
2023-11-23T07:30:00Z,570274,0.008062,0,
2023-11-23T08:30:00Z,570280,0.010515,0,
2023-11-23T09:30:00Z,570286,0.018153,0,
2023-11-23T10:30:00Z,570292,0.023111,0,
2023-11-23T11:30:00Z,570298,0.026125,0,
2023-11-23T12:30:00Z,570304,0.029369,0,
2023-11-23T13:30:00Z,570310,0.021613,0,
2023-11-23T14:30:00Z,570316,0.026328,0,
2023-11-23T15:30:00Z,570322,0.023658,0,
2023-11-23T16:30:00Z,570328,0.028368,0,
2023-11-23T17:30:00Z,570334,0.032477,0,
2023-11-23T18:30:00Z,570340,0.038773,0,
2023-11-23T19:30:00Z,570346,0.041906,0,
2023-11-23T20:30:00Z,570352,0.034134,0,
2023-11-23T21:30:00Z,570358,0.023008,0,
2023-11-23T22:30:00Z,570364,0.012383,0,
2023-11-23T23:30:00Z,570370,0.010155,0,
2023-11-24T00:30:00Z,570376,0.008624,0,
2023-11-24T01:30:00Z,570382,0.008481,0,
2023-11-24T02:30:00Z,570388,0.007584,0,
2023-11-24T03:30:00Z,570394,0.007352,0,
2023-11-24T04:30:00Z,570400,0.008181,0,
2023-11-24T05:30:00Z,570406,0.008135,0,
2023-11-24T06:30:00Z,570412,0.007488,0,
2023-11-24T07:30:00Z,570418,0.008513,0,
2023-11-24T08:30:00Z,570424,0.012183,0,
2023-11-24T09:30:00Z,570430,0.017194,0,
2023-11-24T10:30:00Z,570436,0.019890,0,
2023-11-24T11:30:00Z,570442,0.019234,0,
2023-11-24T12:30:00Z,570448,0.015856,0,
2023-11-24T13:30:00Z,570454,0.014425,0,
2023-11-24T14:30:00Z,570460,0.014023,0,
2023-11-24T15:30:00Z,570466,0.009105,0,
2023-11-24T16:30:00Z,570472,0.010721,0,
2023-11-24T17:30:00Z,570478,0.008581,0,
2023-11-24T18:30:00Z,570484,0.008259,0,
2023-11-24T19:30:00Z,570490,0.006791,0,
2023-11-24T20:30:00Z,570496,0.009121,0,
2023-11-24T21:30:00Z,570502,0.007355,0,
2023-11-24T22:30:00Z,570508,0.007491,0,
2023-11-24T23:30:00Z,570514,0.006117,0,
2023-11-25T00:30:00Z,570520,0.008586,0,
2023-11-25T01:30:00Z,570526,0.007503,0,
2023-11-25T02:30:00Z,570532,0.008769,0,
2023-11-25T03:30:00Z,570538,0.009944,0,
2023-11-25T04:30:00Z,570544,0.012193,0,
2023-11-25T05:30:00Z,570550,0.010782,0,
2023-11-25T06:30:00Z,570556,0.012095,0,
2023-11-25T07:30:00Z,570562,0.003536,0,
2023-11-25T08:30:00Z,570568,0.012429,0,
2023-11-25T09:30:00Z,570574,0.015787,0,
2023-11-25T10:30:00Z,570580,0.016723,0,
2023-11-25T11:30:00Z,570586,0.010947,0,
2023-11-25T12:30:00Z,570592,0.015256,0,
2023-11-25T13:30:00Z,570598,0.014400,0,
2023-11-25T14:30:00Z,570604,0.008434,0,
2023-11-25T15:30:00Z,570610,0.012957,0,
2023-11-25T16:30:00Z,570616,0.012656,0,
2023-11-25T17:30:00Z,570622,0.013305,0,
2023-11-25T18:30:00Z,570628,0.008754,0,
2023-11-25T19:30:00Z,570634,0.008932,0,
2023-11-25T20:30:00Z,570640,0.013806,0,
2023-11-25T21:30:00Z,570646,0.015582,0,
2023-11-25T22:30:00Z,570652,0.016638,0,
2023-11-25T23:30:00Z,570658,0.017816,0,
2023-11-26T00:30:00Z,570664,0.015531,0,
2023-11-26T01:30:00Z,570670,0.017346,0,
2023-11-26T02:30:00Z,570676,0.015737,0,
2023-11-26T03:30:00Z,570682,0.020902,0,
2023-11-26T04:30:00Z,570688,0.023934,0,
2023-11-26T05:30:00Z,570694,0.018266,0,
2023-11-26T06:30:00Z,570700,0.020591,0,
2023-11-26T07:30:00Z,570706,0.020187,0,
2023-11-26T08:30:00Z,570712,0.020832,0,
2023-11-26T09:30:00Z,570718,0.019523,0,
2023-11-26T10:30:00Z,570724,0.021157,0,
2023-11-26T11:30:00Z,570730,0.019852,0,
2023-11-26T12:30:00Z,570736,0.016187,0,
2023-11-26T13:30:00Z,570742,0.018907,0,
2023-11-26T14:30:00Z,570748,0.015752,0,
2023-11-26T15:30:00Z,570754,0.015904,0,
2023-11-26T16:30:00Z,570760,0.011922,0,
2023-11-26T17:30:00Z,570766,0.010261,0,
2023-11-26T18:30:00Z,570772,0.015387,0,
2023-11-26T19:30:00Z,570778,0.015115,0,
2023-11-26T20:30:00Z,570784,0.016205,0,
2023-11-26T21:30:00Z,570790,0.019172,0,
2023-11-26T22:30:00Z,570796,0.017974,0,
2023-11-26T23:30:00Z,570802,0.015304,0,
2023-11-27T00:30:00Z,570808,0.014633,0,
2023-11-27T01:30:00Z,570814,0.014164,0,
2023-11-27T02:30:00Z,570820,0.012943,0,
2023-11-27T03:30:00Z,570826,0.014605,0,
2023-11-27T04:30:00Z,570832,0.014093,0,
2023-11-27T05:30:00Z,570838,0.015756,0,
2023-11-27T06:30:00Z,570844,0.016691,0,
2023-11-27T07:30:00Z,570850,0.010203,0,
2023-11-27T08:30:00Z,570856,0.010574,0,
2023-11-27T09:30:00Z,570862,0.005368,0,
2023-11-27T10:30:00Z,570868,0.012993,0,
2023-11-27T11:30:00Z,570874,0.008592,0,
2023-11-27T12:30:00Z,570880,0.007419,0,
2023-11-27T13:30:00Z,570886,0.009131,0,
2023-11-27T14:30:00Z,570892,0.006534,0,
2023-11-27T15:30:00Z,570898,0.006481,0,
2023-11-27T16:30:00Z,570904,0.006079,0,
2023-11-27T17:30:00Z,570910,0.006766,0,
2023-11-27T18:30:00Z,570916,0.004406,0,
2023-11-27T19:30:00Z,570922,0.006370,0,
2023-11-27T20:30:00Z,570928,0.008047,0,
2023-11-27T21:30:00Z,570934,0.007711,0,
2023-11-27T22:30:00Z,570940,0.006746,0,
2023-11-27T23:30:00Z,570946,0.006460,0,
2023-11-28T00:30:00Z,570952,0.006450,0,
2023-11-28T01:30:00Z,570958,0.005681,0,
2023-11-28T02:30:00Z,570964,0.009526,0,
2023-11-28T03:30:00Z,570970,0.007978,0,
2023-11-28T04:30:00Z,570976,0.009332,0,
2023-11-28T05:30:00Z,570982,0.007079,0,
2023-11-28T06:30:00Z,570988,0.010598,0,
2023-11-28T07:30:00Z,570994,0.011545,0,
2023-11-28T08:30:00Z,571000,0.011713,0,
2023-11-28T09:30:00Z,571006,0.010737,0,
2023-11-28T10:30:00Z,571012,0.013138,0,
2023-11-28T11:30:00Z,571018,0.014167,0,
2023-11-28T12:30:00Z,571024,0.013372,0,
2023-11-28T13:30:00Z,571030,0.015417,0,
2023-11-28T14:30:00Z,571036,0.015361,0,
2023-11-28T15:30:00Z,571042,0.016325,0,
2023-11-28T16:30:00Z,571048,0.017757,0,
2023-11-28T17:30:00Z,571054,0.017211,0,
2023-11-28T18:30:00Z,571060,0.017286,0,
2023-11-28T19:30:00Z,571066,0.017642,0,
2023-11-28T20:30:00Z,571072,0.013236,0,
2023-11-28T21:30:00Z,571078,0.012577,0,
2023-11-28T22:30:00Z,571084,0.009558,0,
2023-11-28T23:30:00Z,571090,0.011793,0,
2023-11-29T00:30:00Z,571096,0.011475,0,
2023-11-29T01:30:00Z,571102,0.012328,0,
2023-11-29T02:30:00Z,571108,0.012033,0,
2023-11-29T03:30:00Z,571114,0.015064,0,
2023-11-29T04:30:00Z,571120,0.014083,0,
2023-11-29T05:30:00Z,571126,0.014473,0,
2023-11-29T06:30:00Z,571132,0.013663,0,
2023-11-29T07:30:00Z,571138,0.013694,0,
2023-11-29T08:30:00Z,571144,0.014673,0,
2023-11-29T09:30:00Z,571150,0.012421,0,
2023-11-29T10:30:00Z,571156,0.014785,0,
2023-11-29T11:30:00Z,571162,0.019463,0,
2023-11-29T12:30:00Z,571168,0.020858,0,
2023-11-29T13:30:00Z,571174,0.018332,0,
2023-11-29T14:30:00Z,571180,0.021776,0,
2023-11-29T15:30:00Z,571186,0.022128,0,
2023-11-29T16:30:00Z,571192,0.022857,0,
2023-11-29T17:30:00Z,571198,0.024848,0,
2023-11-29T18:30:00Z,571204,0.023426,0,
2023-11-29T19:30:00Z,571210,0.021133,0,
2023-11-29T20:30:00Z,571216,0.021531,0,
2023-11-29T21:30:00Z,571222,0.020414,0,
2023-11-29T22:30:00Z,571228,0.016044,0,
2023-11-29T23:30:00Z,571234,0.011649,0,
2023-11-30T00:30:00Z,571240,0.010352,0,
2023-11-30T01:30:00Z,571246,0.010399,0,
2023-11-30T02:30:00Z,571252,0.008675,0,
2023-11-30T03:30:00Z,571258,0.008561,0,
2023-11-30T04:30:00Z,571264,0.008809,0,
2023-11-30T05:30:00Z,571270,0.008757,0,
2023-11-30T06:30:00Z,571276,0.007632,0,
2023-11-30T07:30:00Z,571282,0.007962,0,
2023-11-30T08:30:00Z,571288,0.007970,0,
2023-11-30T09:30:00Z,571294,0.008650,0,
2023-11-30T10:30:00Z,571300,0.008131,0,
2023-11-30T11:30:00Z,571306,0.008013,0,
2023-11-30T12:30:00Z,571312,0.007390,0,
2023-11-30T13:30:00Z,571318,0.008730,0,
2023-11-30T14:30:00Z,571324,0.008276,0,
2023-11-30T15:30:00Z,571330,0.008910,0,
2023-11-30T16:30:00Z,571336,0.009024,0,
2023-11-30T17:30:00Z,571342,0.008862,0,
2023-11-30T18:30:00Z,571348,0.006902,0,
2023-11-30T19:30:00Z,571354,0.007505,0,
2023-11-30T20:30:00Z,571360,0.007759,0,
2023-11-30T21:30:00Z,571366,0.008122,0,
2023-11-30T22:30:00Z,571372,0.008533,0,
2023-11-30T23:30:00Z,571378,0.007099,0,
2023-12-01T00:30:00Z,571384,0.006620,0,
2023-12-01T01:30:00Z,571390,0.007967,0,
2023-12-01T02:30:00Z,571396,0.008224,0,
2023-12-01T03:30:00Z,571402,0.010054,0,
2023-12-01T04:30:00Z,571408,0.009034,0,
2023-12-01T05:30:00Z,571414,0.009563,0,
2023-12-01T06:30:00Z,571420,0.009208,0,
2023-12-01T07:30:00Z,571426,0.009913,0,
2023-12-01T08:30:00Z,571432,0.009674,0,
2023-12-01T09:30:00Z,571438,0.010017,0,
2023-12-01T10:30:00Z,571444,0.009817,0,
2023-12-01T11:30:00Z,571450,0.010156,0,
2023-12-01T12:30:00Z,571456,0.009733,0,
2023-12-01T13:30:00Z,571462,0.009449,0,
2023-12-01T14:30:00Z,571468,0.009159,0,
2023-12-01T15:30:00Z,571474,0.010593,0,
2023-12-01T16:30:00Z,571480,0.010308,0,
2023-12-01T17:30:00Z,571486,0.009053,0,
2023-12-01T18:30:00Z,571492,0.009102,0,
2023-12-01T19:30:00Z,571498,0.013033,0,
2023-12-01T20:30:00Z,571504,0.018624,0,
2023-12-01T21:30:00Z,571510,0.017606,0,
2023-12-01T22:30:00Z,571516,0.019773,0,
2023-12-01T23:30:00Z,571522,0.021434,0,
2023-12-02T00:30:00Z,571528,0.022102,0,
2023-12-02T01:30:00Z,571534,0.023564,0,
2023-12-02T02:30:00Z,571540,0.031792,0,
2023-12-02T03:30:00Z,571546,0.033367,0,
2023-12-02T04:30:00Z,571552,0.035083,0,
2023-12-02T05:30:00Z,571558,0.035752,0,
2023-12-02T06:30:00Z,571564,0.040159,0,
2023-12-02T07:30:00Z,571570,0.044543,0,
2023-12-02T08:30:00Z,571576,0.050284,0,
2023-12-02T09:30:00Z,571582,0.064704,0,
2023-12-02T10:30:00Z,571588,0.071079,0,
2023-12-02T11:30:00Z,571594,0.075502,0,
2023-12-02T12:30:00Z,571600,0.080534,0,
2023-12-02T13:30:00Z,571606,0.090473,0,
2023-12-02T14:30:00Z,571612,0.082251,0,
2023-12-02T15:30:00Z,571618,0.098550,0,
2023-12-02T16:30:00Z,571624,0.096471,0,
2023-12-02T17:30:00Z,571630,0.098183,0,
2023-12-02T18:30:00Z,571636,0.109158,0,
2023-12-02T19:30:00Z,571642,0.110629,0,
2023-12-02T20:30:00Z,571648,0.115142,0,
2023-12-02T21:30:00Z,571654,0.071724,0,
2023-12-02T22:30:00Z,571660,0.069412,0,
2023-12-02T23:30:00Z,571666,0.070670,0,
2023-12-03T00:30:00Z,571672,0.071073,0,
2023-12-03T01:30:00Z,571678,0.071134,0,
2023-12-03T02:30:00Z,571684,0.077131,0,
2023-12-03T03:30:00Z,571690,0.081813,0,
2023-12-03T04:30:00Z,571696,0.083495,0,
2023-12-03T05:30:00Z,571702,0.126127,0,
2023-12-03T06:30:00Z,571708,0.128203,0,
2023-12-03T07:30:00Z,571714,0.127357,0,
2023-12-03T08:30:00Z,571720,0.144581,0,
2023-12-03T09:30:00Z,571726,0.111481,0,
2023-12-03T10:30:00Z,571732,0.110879,0,
2023-12-03T11:30:00Z,571738,0.106197,0,
2023-12-03T12:30:00Z,571744,0.099595,0,
2023-12-03T13:30:00Z,571750,0.093334,0,
2023-12-03T14:30:00Z,571756,0.096811,0,
2023-12-03T15:30:00Z,571762,0.095007,0,
2023-12-03T16:30:00Z,571768,0.138738,0,
2023-12-03T17:30:00Z,571774,0.103805,0,
2023-12-03T18:30:00Z,571780,0.126810,0,
2023-12-03T19:30:00Z,571786,0.085285,0,
2023-12-03T20:30:00Z,571792,0.079052,0,
2023-12-03T21:30:00Z,571798,0.061534,0,
2023-12-03T22:30:00Z,571804,0.055215,0,
2023-12-03T23:30:00Z,571810,0.042781,0,
2023-12-04T00:30:00Z,571816,0.030982,0,
2023-12-04T01:30:00Z,571822,0.018259,0,
2023-12-04T02:30:00Z,571828,0.014627,0,
2023-12-04T03:30:00Z,571834,0.013611,0,
2023-12-04T04:30:00Z,571840,0.013417,0,
2023-12-04T05:30:00Z,571846,0.012892,0,
2023-12-04T06:30:00Z,571852,0.012883,0,
2023-12-04T07:30:00Z,571858,0.010685,0,
2023-12-04T08:30:00Z,571864,0.013104,0,
2023-12-04T09:30:00Z,571870,0.011057,0,
2023-12-04T10:30:00Z,571876,0.010417,0,
2023-12-04T11:30:00Z,571882,0.011320,0,
2023-12-04T12:30:00Z,571888,0.011942,0,
2023-12-04T13:30:00Z,571894,0.010346,0,
2023-12-04T14:30:00Z,571900,0.009878,0,
2023-12-04T15:30:00Z,571906,0.011217,0,
2023-12-04T16:30:00Z,571912,0.010226,0,
2023-12-04T17:30:00Z,571918,0.010676,0,
2023-12-04T18:30:00Z,571924,0.011909,0,
2023-12-04T19:30:00Z,571930,0.011432,0,
2023-12-04T20:30:00Z,571936,0.012588,0,
2023-12-04T21:30:00Z,571942,0.012768,0,
2023-12-04T22:30:00Z,571948,0.012903,0,
2023-12-04T23:30:00Z,571954,0.015491,0,
2023-12-05T00:30:00Z,571960,0.012822,0,
2023-12-05T01:30:00Z,571966,0.012641,0,
2023-12-05T02:30:00Z,571972,0.012529,0,
2023-12-05T03:30:00Z,571978,0.012154,0,
2023-12-05T04:30:00Z,571984,0.007640,0,
2023-12-05T05:30:00Z,571990,0.010736,0,
2023-12-05T06:30:00Z,571996,0.010780,0,
2023-12-05T07:30:00Z,572002,0.011108,0,
2023-12-05T08:30:00Z,572008,0.011536,0,
2023-12-05T09:30:00Z,572014,0.006377,0,
2023-12-05T10:30:00Z,572020,0.008763,0,
2023-12-05T11:30:00Z,572026,0.006609,0,
2023-12-05T12:30:00Z,572032,0.009762,0,
2023-12-05T13:30:00Z,572038,0.007486,0,
2023-12-05T14:30:00Z,572044,0.007417,0,
2023-12-05T15:30:00Z,572050,0.004645,0,
2023-12-05T16:30:00Z,572056,0.005199,0,
2023-12-05T17:30:00Z,572062,0.007555,0,
2023-12-05T18:30:00Z,572068,0.002557,0,
2023-12-05T19:30:00Z,572074,0.002607,0,
2023-12-05T20:30:00Z,572080,0.009500,0,
2023-12-05T21:30:00Z,572086,0.009846,0,
2023-12-05T22:30:00Z,572092,0.011390,0,
2023-12-05T23:30:00Z,572098,0.011748,0,
2023-12-06T00:30:00Z,572104,0.012247,0,
2023-12-06T01:30:00Z,572110,0.013820,0,
2023-12-06T02:30:00Z,572116,0.013730,0,
2023-12-06T03:30:00Z,572122,0.013283,0,
2023-12-06T04:30:00Z,572128,0.012658,0,
2023-12-06T05:30:00Z,572134,0.010756,0,
2023-12-06T06:30:00Z,572140,0.010992,0,
2023-12-06T07:30:00Z,572146,0.013478,0,
2023-12-06T08:30:00Z,572152,0.010757,0,
2023-12-06T09:30:00Z,572158,0.012834,0,
2023-12-06T10:30:00Z,572164,0.009806,0,
2023-12-06T11:30:00Z,572170,0.011564,0,
2023-12-06T12:30:00Z,572176,0.009196,0,
2023-12-06T13:30:00Z,572182,0.007946,0,
2023-12-06T14:30:00Z,572188,0.008626,0,
2023-12-06T15:30:00Z,572194,0.008379,0,
2023-12-06T16:30:00Z,572200,0.011018,0,
2023-12-06T17:30:00Z,572206,0.009986,0,
2023-12-06T18:30:00Z,572212,0.010291,0,
2023-12-06T19:30:00Z,572218,0.009283,0,
2023-12-06T20:30:00Z,572224,0.009449,0,
2023-12-06T21:30:00Z,572230,0.008657,0,
2023-12-06T22:30:00Z,572236,0.007423,0,
2023-12-06T23:30:00Z,572242,0.009526,0,
2023-12-07T00:30:00Z,572248,0.009105,0,
2023-12-07T01:30:00Z,572254,0.008571,0,
2023-12-07T02:30:00Z,572260,0.006749,0,
2023-12-07T03:30:00Z,572266,0.005478,0,
2023-12-07T04:30:00Z,572272,0.008731,0,
2023-12-07T05:30:00Z,572278,0.010021,0,
2023-12-07T06:30:00Z,572284,0.003560,0,
2023-12-07T07:30:00Z,572290,0.015818,0,
2023-12-07T08:30:00Z,572296,0.020176,0,
2023-12-07T09:30:00Z,572302,0.017836,0,
2023-12-07T10:30:00Z,572308,0.020396,0,
2023-12-07T11:30:00Z,572314,0.021502,0,
2023-12-07T12:30:00Z,572320,0.020298,0,
2023-12-07T13:30:00Z,572326,0.014892,0,
2023-12-07T14:30:00Z,572332,0.021841,0,
2023-12-07T15:30:00Z,572338,0.023237,0,
2023-12-07T16:30:00Z,572344,0.021008,0,
2023-12-07T17:30:00Z,572350,0.017336,0,
2023-12-07T18:30:00Z,572356,0.014703,0,
2023-12-07T19:30:00Z,572362,0.012942,0,
2023-12-07T20:30:00Z,572368,0.009705,0,
2023-12-07T21:30:00Z,572374,0.011470,0,
2023-12-07T22:30:00Z,572380,0.009463,0,
2023-12-07T23:30:00Z,572386,0.008756,0,
2023-12-08T00:30:00Z,572392,0.010563,0,
2023-12-08T01:30:00Z,572398,0.009827,0,
2023-12-08T02:30:00Z,572404,0.012464,0,
2023-12-08T03:30:00Z,572410,0.011211,0,
2023-12-08T04:30:00Z,572416,0.013781,0,
2023-12-08T05:30:00Z,572422,0.011622,0,
2023-12-08T06:30:00Z,572428,0.017064,0,
2023-12-08T07:30:00Z,572434,0.018677,0,
2023-12-08T08:30:00Z,572440,0.019699,0,
2023-12-08T09:30:00Z,572446,0.019031,0,
2023-12-08T10:30:00Z,572452,0.018593,0,
2023-12-08T11:30:00Z,572458,0.017439,0,
2023-12-08T12:30:00Z,572464,0.017238,0,
2023-12-08T13:30:00Z,572470,0.019066,0,
2023-12-08T14:30:00Z,572476,0.015313,0,
2023-12-08T15:30:00Z,572482,0.011974,0,
2023-12-08T16:30:00Z,572488,0.016060,0,
2023-12-08T17:30:00Z,572494,0.015555,0,
2023-12-08T18:30:00Z,572500,0.019938,0,
2023-12-08T19:30:00Z,572506,0.019048,0,
2023-12-08T20:30:00Z,572512,0.020212,0,
2023-12-08T21:30:00Z,572518,0.016977,0,
2023-12-08T22:30:00Z,572524,0.016273,0,
2023-12-08T23:30:00Z,572530,0.015750,0,
2023-12-09T00:30:00Z,572536,0.015838,0,
2023-12-09T01:30:00Z,572542,0.014179,0,
2023-12-09T02:30:00Z,572548,0.013915,0,
2023-12-09T03:30:00Z,572554,0.015478,0,
2023-12-09T04:30:00Z,572560,0.014231,0,
2023-12-09T05:30:00Z,572566,0.015877,0,
2023-12-09T06:30:00Z,572572,0.009907,0,
2023-12-09T07:30:00Z,572578,0.019342,0,
2023-12-09T08:30:00Z,572584,0.019978,0,
2023-12-09T09:30:00Z,572590,0.026718,0,
2023-12-09T10:30:00Z,572596,0.026786,0,
2023-12-09T11:30:00Z,572602,0.021545,0,
2023-12-09T12:30:00Z,572608,0.021488,0,
2023-12-09T13:30:00Z,572614,0.023686,0,
2023-12-09T14:30:00Z,572620,0.027688,0,
2023-12-09T15:30:00Z,572626,0.026532,0,
2023-12-09T16:30:00Z,572632,0.027198,0,
2023-12-09T17:30:00Z,572638,0.030703,0,
2023-12-09T18:30:00Z,572644,0.031295,0,
2023-12-09T19:30:00Z,572650,0.031839,0,
2023-12-09T20:30:00Z,572656,0.031699,0,
2023-12-09T21:30:00Z,572662,0.030931,0,
2023-12-09T22:30:00Z,572668,0.030978,0,
2023-12-09T23:30:00Z,572674,0.030393,0,
2023-12-10T00:30:00Z,572680,0.032232,0,
2023-12-10T01:30:00Z,572686,0.039951,0,
2023-12-10T02:30:00Z,572692,0.036998,0,
2023-12-10T03:30:00Z,572698,0.037543,0,
2023-12-10T04:30:00Z,572704,0.035116,0,
2023-12-10T05:30:00Z,572710,0.027867,0,
2023-12-10T06:30:00Z,572716,0.023625,0,
2023-12-10T07:30:00Z,572722,0.021941,0,
2023-12-10T08:30:00Z,572728,0.024414,0,
2023-12-10T09:30:00Z,572734,0.021689,0,
2023-12-10T10:30:00Z,572740,0.018659,0,
2023-12-10T11:30:00Z,572746,0.019275,0,
2023-12-10T12:30:00Z,572752,0.014181,0,
2023-12-10T13:30:00Z,572758,0.023023,0,
2023-12-10T14:30:00Z,572764,0.019823,0,
2023-12-10T15:30:00Z,572770,0.015507,0,
2023-12-10T16:30:00Z,572776,0.024040,0,
2023-12-10T17:30:00Z,572782,0.027119,0,
2023-12-10T18:30:00Z,572788,0.032104,0,
2023-12-10T19:30:00Z,572794,0.025879,0,
2023-12-10T20:30:00Z,572800,0.027161,0,
2023-12-10T21:30:00Z,572806,0.029646,0,
2023-12-10T22:30:00Z,572812,0.031016,0,
2023-12-10T23:30:00Z,572818,0.032937,0,
2023-12-11T00:30:00Z,572824,0.031604,0,
2023-12-11T01:30:00Z,572830,0.031433,0,
2023-12-11T02:30:00Z,572836,0.030475,0,
2023-12-11T03:30:00Z,572842,0.028271,0,
2023-12-11T04:30:00Z,572848,0.025542,0,
2023-12-11T05:30:00Z,572854,0.020124,0,
2023-12-11T06:30:00Z,572860,0.017627,0,
2023-12-11T07:30:00Z,572866,0.013369,0,
2023-12-11T08:30:00Z,572872,0.013929,0,
2023-12-11T09:30:00Z,572878,0.008983,0,
2023-12-11T10:30:00Z,572884,0.010852,0,
2023-12-11T11:30:00Z,572890,0.009185,0,
2023-12-11T12:30:00Z,572896,0.011742,0,
2023-12-11T13:30:00Z,572902,0.012280,0,
2023-12-11T14:30:00Z,572908,0.014902,0,
2023-12-11T15:30:00Z,572914,0.013522,0,
2023-12-11T16:30:00Z,572920,0.010533,0,
2023-12-11T17:30:00Z,572926,0.013608,0,
2023-12-11T18:30:00Z,572932,0.017928,0,
2023-12-11T19:30:00Z,572938,0.017470,0,
2023-12-11T20:30:00Z,572944,0.017628,0,
2023-12-11T21:30:00Z,572950,0.013395,0,
2023-12-11T22:30:00Z,572956,0.012427,0,
2023-12-11T23:30:00Z,572962,0.011983,0,
2023-12-12T00:30:00Z,572968,0.012795,0,
2023-12-12T01:30:00Z,572974,0.011278,0,
2023-12-14T01:40:00Z,573123,0.003031,0,
2023-12-14T02:40:00Z,573129,0.012703,0,
2023-12-14T03:40:00Z,573135,0.011661,0,
2023-12-14T04:40:00Z,573141,0.015364,0,
2023-12-14T05:40:00Z,573147,0.014642,0,
2023-12-14T06:40:00Z,573153,0.013988,0,
2023-12-14T07:40:00Z,573159,0.018175,0,
2023-12-14T08:40:00Z,573165,0.018435,0,
2023-12-14T09:40:00Z,573171,0.017446,0,
2023-12-14T10:40:00Z,573177,0.012104,0,
2023-12-14T11:40:00Z,573183,0.016978,0,
2023-12-14T12:40:00Z,573189,0.016540,0,
2023-12-14T13:40:00Z,573195,0.013711,0,
2023-12-14T14:40:00Z,573201,0.014388,0,
2023-12-14T15:40:00Z,573207,0.013722,0,
2023-12-14T16:40:00Z,573213,0.014983,0,
2023-12-14T17:40:00Z,573219,0.009555,0,
2023-12-14T18:40:00Z,573225,0.013529,0,
2023-12-14T19:40:00Z,573231,0.014160,0,
2023-12-14T20:40:00Z,573237,0.015945,0,
2023-12-14T21:40:00Z,573243,0.013738,0,
2023-12-14T22:40:00Z,573249,0.012078,0,
2023-12-14T23:40:00Z,573255,0.009736,0,
2023-12-15T00:40:00Z,573261,0.008583,0,
2023-12-15T01:40:00Z,573267,0.010477,0,
2023-12-15T02:40:00Z,573273,0.008282,0,
2023-12-15T03:40:00Z,573279,0.007146,0,
2023-12-15T04:40:00Z,573285,0.008811,0,
2023-12-15T05:40:00Z,573291,0.009588,0,
2023-12-15T06:40:00Z,573297,0.009632,0,
2023-12-15T07:40:00Z,573303,0.010229,0,
2023-12-15T08:40:00Z,573309,0.014249,0,
2023-12-15T09:40:00Z,573315,0.012262,0,
2023-12-15T10:40:00Z,573321,0.011414,0,
2023-12-15T11:40:00Z,573327,0.011504,0,
2023-12-15T12:40:00Z,573333,0.009651,0,
2023-12-15T13:40:00Z,573339,0.009088,0,
2023-12-15T14:40:00Z,573345,0.010466,0,
2023-12-15T15:40:00Z,573351,0.007448,0,
2023-12-15T16:40:00Z,573357,0.007404,0,
2023-12-15T17:40:00Z,573363,0.008890,0,
2023-12-15T18:40:00Z,573369,0.004475,0,
2023-12-15T19:40:00Z,573375,0.011586,0,
2023-12-15T20:40:00Z,573381,0.017008,0,
2023-12-15T21:40:00Z,573387,0.018222,0,
2023-12-15T22:40:00Z,573393,0.029731,0,
2023-12-15T23:40:00Z,573399,0.030758,0,
2023-12-16T00:40:00Z,573405,0.030593,0,
2023-12-16T01:40:00Z,573411,0.027972,0,
2023-12-16T02:40:00Z,573417,0.023250,0,
2023-12-16T03:40:00Z,573423,0.016953,0,
2023-12-16T04:40:00Z,573429,0.015223,0,
2023-12-16T05:40:00Z,573435,0.015055,0,
2023-12-16T06:40:00Z,573441,0.011718,0,
2023-12-16T07:40:00Z,573447,0.010590,0,
2023-12-16T08:40:00Z,573453,0.014779,0,
2023-12-16T09:40:00Z,573459,0.017937,0,
2023-12-16T10:40:00Z,573465,0.022537,0,
2023-12-16T11:40:00Z,573471,0.020665,0,
2023-12-16T12:40:00Z,573477,0.020945,0,
2023-12-16T13:40:00Z,573483,0.025076,0,
2023-12-16T14:40:00Z,573489,0.027418,0,
2023-12-16T15:40:00Z,573495,0.026343,0,
2023-12-16T16:40:00Z,573501,0.026627,0,
2023-12-16T17:40:00Z,573507,0.027948,0,
2023-12-16T18:40:00Z,573513,0.030686,0,
2023-12-16T19:40:00Z,573519,0.028125,0,
2023-12-16T20:40:00Z,573525,0.020845,0,
2023-12-16T21:40:00Z,573531,0.018239,0,
2023-12-16T22:40:00Z,573537,0.016307,0,
2023-12-16T23:40:00Z,573543,0.013041,0,
2023-12-17T00:40:00Z,573549,0.015596,0,
2023-12-17T01:40:00Z,573555,0.020635,0,
2023-12-17T02:40:00Z,573561,0.023827,0,
2023-12-17T03:40:00Z,573567,0.026736,0,
2023-12-17T04:40:00Z,573573,0.027733,0,
2023-12-17T05:40:00Z,573579,0.031064,0,
2023-12-17T06:40:00Z,573585,0.030584,0,
2023-12-17T07:40:00Z,573591,0.031682,0,
2023-12-17T08:40:00Z,573597,0.034536,0,
2023-12-17T09:40:00Z,573603,0.033055,0,
2023-12-17T10:40:00Z,573609,0.036022,0,
2023-12-17T11:40:00Z,573615,0.038122,0,
2023-12-17T12:40:00Z,573621,0.038819,0,
2023-12-17T13:40:00Z,573627,0.033751,0,
2023-12-17T14:40:00Z,573633,0.031532,0,
2023-12-17T15:40:00Z,573639,0.030659,0,
2023-12-17T16:40:00Z,573645,0.027419,0,
2023-12-17T17:40:00Z,573651,0.028796,0,
2023-12-17T18:40:00Z,573657,0.030437,0,
2023-12-17T19:40:00Z,573663,0.030473,0,
2023-12-17T20:40:00Z,573669,0.029250,0,
2023-12-17T21:40:00Z,573675,0.031209,0,
2023-12-17T22:40:00Z,573681,0.034065,0,
2023-12-17T23:40:00Z,573687,0.031508,0,
2023-12-18T00:40:00Z,573693,0.036969,0,
2023-12-18T01:40:00Z,573699,0.033283,0,
2023-12-18T02:40:00Z,573705,0.032523,0,
2023-12-18T03:40:00Z,573711,0.028062,0,
2023-12-18T04:40:00Z,573717,0.020026,0,
2023-12-18T05:40:00Z,573723,0.017591,0,
2023-12-18T06:40:00Z,573729,0.015193,0,
2023-12-18T07:40:00Z,573735,0.016179,0,
2023-12-18T08:40:00Z,573741,0.017517,0,
2023-12-18T09:40:00Z,573747,0.018157,0,
2023-12-18T10:40:00Z,573753,0.014655,0,
2023-12-18T11:40:00Z,573759,0.015676,0,
2023-12-18T12:40:00Z,573765,0.016641,0,
2023-12-18T13:40:00Z,573771,0.023398,0,
2023-12-18T14:40:00Z,573777,0.027308,0,
2023-12-18T15:40:00Z,573783,0.020315,0,
2023-12-18T16:40:00Z,573789,0.019236,0,
2023-12-18T17:40:00Z,573795,0.031833,0,
2023-12-18T18:40:00Z,573801,0.038215,0,
2023-12-18T19:40:00Z,573807,0.035573,0,
2023-12-18T20:40:00Z,573813,0.039870,0,
2023-12-18T21:40:00Z,573819,0.044435,0,
2023-12-18T22:40:00Z,573825,0.042014,0,
2023-12-18T23:40:00Z,573831,0.037467,0,
2023-12-19T00:40:00Z,573837,0.034042,0,
2023-12-19T01:40:00Z,573843,0.032692,0,
2023-12-19T02:40:00Z,573849,0.027225,0,
2023-12-19T03:40:00Z,573855,0.020224,0,
2023-12-19T04:40:00Z,573861,0.021821,0,
2023-12-19T05:40:00Z,573867,0.010494,0,
2023-12-19T06:40:00Z,573873,0.011858,0,
2023-12-19T07:40:00Z,573879,0.016193,0,
2023-12-19T08:40:00Z,573885,0.016145,0,
2023-12-19T09:40:00Z,573891,0.021823,0,
2023-12-19T10:40:00Z,573897,0.016726,0,
2023-12-19T11:40:00Z,573903,0.016973,0,
2023-12-19T12:40:00Z,573909,0.009636,0,
2023-12-19T13:40:00Z,573915,0.005590,0,
2023-12-19T14:40:00Z,573921,0.006207,0,
2023-12-19T15:40:00Z,573927,0.008152,0,
2023-12-19T16:40:00Z,573933,0.004265,0,
2023-12-19T17:40:00Z,573939,0.004375,0,
2023-12-19T18:40:00Z,573945,0.004561,0,
2023-12-19T19:40:00Z,573951,0.005791,0,
2023-12-19T20:40:00Z,573957,0.004435,0,
2023-12-19T21:40:00Z,573963,0.006254,0,
2023-12-19T22:40:00Z,573969,0.007025,0,
2023-12-19T23:40:00Z,573975,0.010131,0,
2023-12-20T00:40:00Z,573981,0.014136,0,
2023-12-20T01:40:00Z,573987,0.016849,0,
2023-12-20T02:40:00Z,573993,0.026337,0,
2023-12-20T03:40:00Z,573999,0.020247,0,
2023-12-20T04:40:00Z,574005,0.024510,0,
2023-12-20T05:40:00Z,574011,0.025815,0,
2023-12-20T06:40:00Z,574017,0.029493,0,
2023-12-20T07:40:00Z,574023,0.022521,0,
2023-12-20T08:40:00Z,574029,0.021357,0,
2023-12-20T09:40:00Z,574035,0.024234,0,
2023-12-20T10:40:00Z,574041,0.020032,0,
2023-12-20T11:40:00Z,574047,0.021577,0,
2023-12-20T12:40:00Z,574053,0.023574,0,
2023-12-20T13:40:00Z,574059,0.025691,0,
2023-12-20T14:40:00Z,574065,0.021423,0,
2023-12-20T15:40:00Z,574071,0.026205,0,
2023-12-20T16:40:00Z,574077,0.026887,0,
2023-12-20T17:40:00Z,574083,0.026631,0,
2023-12-20T18:40:00Z,574089,0.028031,0,
2023-12-20T19:40:00Z,574095,0.029289,0,
2023-12-20T20:40:00Z,574101,0.031425,0,
2023-12-20T21:40:00Z,574107,0.030506,0,
2023-12-20T22:40:00Z,574113,0.030852,0,
2023-12-20T23:40:00Z,574119,0.030366,0,
2023-12-21T00:40:00Z,574125,0.033187,0,
2023-12-21T01:40:00Z,574131,0.025427,0,
2023-12-21T02:40:00Z,574137,0.029342,0,
2023-12-21T03:40:00Z,574143,0.028861,0,
2023-12-21T04:40:00Z,574149,0.026860,0,
2023-12-21T05:40:00Z,574155,0.028400,0,
2023-12-21T06:40:00Z,574161,0.029420,0,
2023-12-21T07:40:00Z,574167,0.029138,0,
2023-12-21T08:40:00Z,574173,0.035429,0,
2023-12-21T09:40:00Z,574179,0.040594,0,
2023-12-21T10:40:00Z,574185,0.039440,0,
2023-12-21T11:40:00Z,574191,0.041582,0,
2023-12-21T12:40:00Z,574197,0.039193,0,
2023-12-21T13:40:00Z,574203,0.036557,0,
2023-12-21T14:40:00Z,574209,0.035359,0,
2023-12-21T15:40:00Z,574215,0.024474,0,
2023-12-21T16:40:00Z,574221,0.023351,0,
2023-12-21T17:40:00Z,574227,0.032370,0,
2023-12-21T18:40:00Z,574233,0.029357,0,
2023-12-21T19:40:00Z,574239,0.026701,0,
2023-12-21T20:40:00Z,574245,0.027519,0,
2023-12-21T21:40:00Z,574251,0.027125,0,
2023-12-21T22:40:00Z,574257,0.027652,0,
2023-12-21T23:40:00Z,574263,0.027813,0,
2023-12-22T00:40:00Z,574269,0.025015,0,
2023-12-22T01:40:00Z,574275,0.026473,0,
2023-12-22T02:40:00Z,574281,0.025137,0,
2023-12-22T03:40:00Z,574287,0.021482,0,
2023-12-22T04:40:00Z,574293,0.021589,0,
2023-12-22T05:40:00Z,574299,0.025560,0,
2023-12-22T06:40:00Z,574305,0.025915,0,
2023-12-22T07:40:00Z,574311,0.029444,0,
2023-12-22T08:40:00Z,574317,0.027811,0,
2023-12-22T09:40:00Z,574323,0.029093,0,
2023-12-22T10:40:00Z,574329,0.027505,0,
2023-12-22T11:40:00Z,574335,0.027781,0,
2023-12-22T12:40:00Z,574341,0.026821,0,
2023-12-22T13:40:00Z,574347,0.022725,0,
2023-12-22T14:40:00Z,574353,0.021259,0,
2023-12-22T15:40:00Z,574359,0.021883,0,
2023-12-22T16:40:00Z,574365,0.022036,0,
2023-12-22T17:40:00Z,574371,0.023012,0,
2023-12-22T18:40:00Z,574377,0.019844,0,
2023-12-22T19:40:00Z,574383,0.014780,0,
2023-12-22T20:40:00Z,574389,0.014118,0,
2023-12-22T21:40:00Z,574395,0.016502,0,
2023-12-22T22:40:00Z,574401,0.020298,0,
2023-12-22T23:40:00Z,574407,0.022803,0,
2023-12-23T00:40:00Z,574413,0.023865,0,
2023-12-23T01:40:00Z,574419,0.028839,0,
2023-12-23T02:40:00Z,574425,0.027591,0,
2023-12-23T03:40:00Z,574431,0.028442,0,
2023-12-23T04:40:00Z,574437,0.028045,0,
2023-12-23T05:40:00Z,574443,0.027644,0,
2023-12-23T06:40:00Z,574449,0.024343,0,
2023-12-23T07:40:00Z,574455,0.023960,0,
2023-12-23T08:40:00Z,574461,0.026743,0,
2023-12-23T09:40:00Z,574467,0.025489,0,
2023-12-23T10:40:00Z,574473,0.028403,0,
2023-12-23T11:40:00Z,574479,0.025071,0,
2023-12-23T12:40:00Z,574485,0.030052,0,
2023-12-23T13:40:00Z,574491,0.028277,0,
2023-12-23T14:40:00Z,574497,0.035075,0,
2023-12-23T15:40:00Z,574503,0.030935,0,
2023-12-23T16:40:00Z,574509,0.030182,0,
2023-12-23T17:40:00Z,574515,0.036720,0,
2023-12-23T18:40:00Z,574521,0.031987,0,
2023-12-23T19:40:00Z,574527,0.032040,0,
2023-12-23T20:40:00Z,574533,0.036290,0,
2023-12-23T21:40:00Z,574539,0.037723,0,
2023-12-23T22:40:00Z,574545,0.037311,0,
2023-12-23T23:40:00Z,574551,0.038701,0,
2023-12-24T00:40:00Z,574557,0.041093,0,
2023-12-24T01:40:00Z,574563,0.041081,0,
2023-12-24T02:40:00Z,574569,0.054408,0,
2023-12-24T03:40:00Z,574575,0.053966,0,
2023-12-24T04:40:00Z,574581,0.054085,0,
2023-12-24T05:40:00Z,574587,0.051087,0,
2023-12-24T06:40:00Z,574593,0.046902,0,
2023-12-24T07:40:00Z,574599,0.050491,0,
2023-12-24T08:40:00Z,574605,0.057125,0,
2023-12-24T09:40:00Z,574611,0.061262,0,
2023-12-24T10:40:00Z,574617,0.061766,0,
2023-12-24T11:40:00Z,574623,0.060764,0,
2023-12-24T12:40:00Z,574629,0.061134,0,
2023-12-24T13:40:00Z,574635,0.060956,0,
2023-12-24T14:40:00Z,574641,0.054643,0,
2023-12-24T15:40:00Z,574647,0.054311,0,
2023-12-24T16:40:00Z,574653,0.057866,0,
2023-12-24T17:40:00Z,574659,0.047728,0,
2023-12-24T18:40:00Z,574665,0.054786,0,
2023-12-24T19:40:00Z,574671,0.059416,0,
2023-12-24T20:40:00Z,574677,0.048262,0,
2023-12-24T21:40:00Z,574683,0.054520,0,
2023-12-24T22:40:00Z,574689,0.050843,0,
2023-12-24T23:40:00Z,574695,0.053811,0,
2023-12-25T00:40:00Z,574701,0.040846,0,
2023-12-25T01:40:00Z,574707,0.031528,0,
2023-12-25T02:40:00Z,574713,0.028172,0,
2023-12-25T03:40:00Z,574719,0.028194,0,
2023-12-25T04:40:00Z,574725,0.031576,0,
2023-12-25T05:40:00Z,574731,0.031832,0,
2023-12-25T06:40:00Z,574737,0.027097,0,
2023-12-25T07:40:00Z,574743,0.034388,0,
2023-12-25T08:40:00Z,574749,0.032318,0,
2023-12-25T09:40:00Z,574755,0.016576,0,
2023-12-25T10:40:00Z,574761,0.017332,0,
2023-12-25T11:40:00Z,574767,0.026098,0,
2023-12-25T12:40:00Z,574773,0.026946,0,
2023-12-25T13:40:00Z,574779,0.028179,0,
2023-12-25T14:40:00Z,574785,0.024001,0,
2023-12-25T15:40:00Z,574791,0.023965,0,
2023-12-25T16:40:00Z,574797,0.023253,0,
2023-12-25T17:40:00Z,574803,0.021936,0,
2023-12-25T18:40:00Z,574809,0.020503,0,
2023-12-25T19:40:00Z,574815,0.021495,0,
2023-12-25T20:40:00Z,574821,0.020777,0,
2023-12-25T21:40:00Z,574827,0.022376,0,
2023-12-25T22:40:00Z,574833,0.030131,0,
2023-12-25T23:40:00Z,574839,0.021862,0,
2023-12-26T00:40:00Z,574845,0.018193,0,
2023-12-26T01:40:00Z,574851,0.017840,0,
2023-12-26T02:40:00Z,574857,0.022220,0,
2023-12-26T03:40:00Z,574863,0.026521,0,
2023-12-26T04:40:00Z,574869,0.028549,0,
2023-12-26T05:40:00Z,574875,0.027269,0,
2023-12-26T06:40:00Z,574881,0.035417,0,
2023-12-26T07:40:00Z,574887,0.031538,0,
2023-12-26T08:40:00Z,574893,0.026151,0,
2023-12-26T09:40:00Z,574899,0.019247,0,
2023-12-26T10:40:00Z,574905,0.015175,0,
2023-12-26T11:40:00Z,574911,0.014074,0,
2023-12-26T12:40:00Z,574917,0.014416,0,
2023-12-26T13:40:00Z,574923,0.022052,0,
2023-12-26T14:40:00Z,574929,0.020379,0,
2023-12-26T15:40:00Z,574935,0.025975,0,
2023-12-26T16:40:00Z,574941,0.032328,0,
2023-12-26T17:40:00Z,574947,0.025965,0,
2023-12-26T18:40:00Z,574953,0.026034,0,
2023-12-26T19:40:00Z,574959,0.025609,0,
2023-12-26T20:40:00Z,574965,0.022177,0,
2023-12-26T21:40:00Z,574971,0.022318,0,
2023-12-26T22:40:00Z,574977,0.019076,0,
2023-12-26T23:40:00Z,574983,0.018151,0,
2023-12-27T00:40:00Z,574989,0.018852,0,
2023-12-27T01:40:00Z,574995,0.013801,0,
2023-12-27T02:40:00Z,575001,0.011814,0,
2023-12-27T03:40:00Z,575007,0.007743,0,
2023-12-27T04:40:00Z,575013,0.010055,0,
2023-12-27T05:40:00Z,575019,0.008995,0,
2023-12-27T06:40:00Z,575025,0.010431,0,
2023-12-27T07:40:00Z,575031,0.010172,0,
2023-12-27T08:40:00Z,575037,0.016926,0,
2023-12-27T09:40:00Z,575043,0.017497,0,
2023-12-27T10:40:00Z,575049,0.023361,0,
2023-12-27T11:40:00Z,575055,0.025618,0,
2023-12-27T12:40:00Z,575061,0.029695,0,
2023-12-27T13:40:00Z,575067,0.029521,0,
2023-12-27T14:40:00Z,575073,0.028912,0,
2023-12-27T15:40:00Z,575079,0.024694,0,
2023-12-27T16:40:00Z,575085,0.023997,0,
2023-12-27T17:40:00Z,575091,0.026453,0,
2023-12-27T18:40:00Z,575097,0.025342,0,
2023-12-27T19:40:00Z,575103,0.031663,0,
2023-12-27T20:40:00Z,575109,0.031215,0,
2023-12-27T21:40:00Z,575115,0.032544,0,
2023-12-27T22:40:00Z,575121,0.037964,0,
2023-12-27T23:40:00Z,575127,0.036287,0,
2023-12-28T00:40:00Z,575133,0.039382,0,
2023-12-28T01:40:00Z,575139,0.039281,0,
2023-12-28T02:40:00Z,575145,0.037981,0,
2023-12-28T03:40:00Z,575151,0.039236,0,
2023-12-28T04:40:00Z,575157,0.042433,0,
2023-12-28T05:40:00Z,575163,0.041388,0,
2023-12-28T06:40:00Z,575169,0.039550,0,
2023-12-28T07:40:00Z,575175,0.035969,0,
2023-12-28T08:40:00Z,575181,0.040431,0,
2023-12-28T09:40:00Z,575187,0.040066,0,
2023-12-28T10:40:00Z,575193,0.033527,0,
2023-12-28T11:40:00Z,575199,0.038795,0,
2023-12-28T12:40:00Z,575205,0.040503,0,
2023-12-28T13:40:00Z,575211,0.041230,0,
2023-12-28T14:40:00Z,575217,0.041871,0,
2023-12-28T15:40:00Z,575223,0.042176,0,
2023-12-28T16:40:00Z,575229,0.044226,0,
2023-12-28T17:40:00Z,575235,0.040500,0,
2023-12-28T18:40:00Z,575241,0.041809,0,
2023-12-28T19:40:00Z,575247,0.040383,0,
2023-12-28T20:40:00Z,575253,0.038163,0,
2023-12-28T21:40:00Z,575259,0.038702,0,
2023-12-28T22:40:00Z,575265,0.041149,0,
2023-12-28T23:40:00Z,575271,0.039149,0,
2023-12-29T00:40:00Z,575277,0.035241,0,
2023-12-29T01:40:00Z,575283,0.033128,0,
2023-12-29T02:40:00Z,575289,0.033966,0,
2023-12-29T03:40:00Z,575295,0.035292,0,
2023-12-29T04:40:00Z,575301,0.036256,0,
2023-12-29T05:40:00Z,575307,0.035054,0,
2023-12-29T06:40:00Z,575313,0.040239,0,
2023-12-29T07:40:00Z,575319,0.036966,0,
2023-12-29T08:40:00Z,575325,0.033733,0,
2023-12-29T09:40:00Z,575331,0.037186,0,
2023-12-29T10:40:00Z,575337,0.031399,0,
2023-12-29T11:40:00Z,575343,0.024450,0,
2023-12-29T12:40:00Z,575349,0.020163,0,
2023-12-29T13:40:00Z,575355,0.019717,0,
2023-12-29T14:40:00Z,575361,0.023407,0,
2023-12-29T15:40:00Z,575367,0.016772,0,
2023-12-29T16:40:00Z,575373,0.014028,0,
2023-12-29T17:40:00Z,575379,0.018200,0,
2023-12-29T18:40:00Z,575385,0.025032,0,
2023-12-29T19:40:00Z,575391,0.038366,0,
2023-12-29T20:40:00Z,575397,0.042382,0,
2023-12-29T21:40:00Z,575403,0.042671,0,
2023-12-29T22:40:00Z,575409,0.034528,0,
2023-12-29T23:40:00Z,575415,0.042811,0,
2023-12-30T00:40:00Z,575421,0.041655,0,
2023-12-30T01:40:00Z,575427,0.034527,0,
2023-12-30T02:40:00Z,575433,0.024455,0,
2023-12-30T03:40:00Z,575439,0.022115,0,
2023-12-30T04:40:00Z,575445,0.026731,0,
2023-12-30T05:40:00Z,575451,0.018832,0,
2023-12-30T06:40:00Z,575457,0.018958,0,
2023-12-30T07:40:00Z,575463,0.019918,0,
2023-12-30T08:40:00Z,575469,0.013652,0,
2023-12-30T09:40:00Z,575475,0.012604,0,
2023-12-30T10:40:00Z,575481,0.013140,0,
2023-12-30T11:40:00Z,575487,0.017582,0,
2023-12-30T12:40:00Z,575493,0.017422,0,
2023-12-30T13:40:00Z,575499,0.017766,0,
2023-12-30T14:40:00Z,575505,0.021619,0,
2023-12-30T15:40:00Z,575511,0.025842,0,
2023-12-30T16:40:00Z,575517,0.028668,0,
2023-12-30T17:40:00Z,575523,0.031732,0,
2023-12-30T18:40:00Z,575529,0.034788,0,
2023-12-30T19:40:00Z,575535,0.033345,0,
2023-12-30T20:40:00Z,575541,0.028062,0,
2023-12-30T21:40:00Z,575547,0.027995,0,
2023-12-30T22:40:00Z,575553,0.024767,0,
2023-12-30T23:40:00Z,575559,0.022638,0,
2023-12-31T00:40:00Z,575565,0.022817,0,
2023-12-31T01:40:00Z,575571,0.019338,0,
2023-12-31T02:40:00Z,575577,0.011699,0,
2023-12-31T03:40:00Z,575583,0.012128,0,
2023-12-31T04:40:00Z,575589,0.016012,0,
2023-12-31T05:40:00Z,575595,0.012038,0,
2023-12-31T06:40:00Z,575601,0.012006,0,
2023-12-31T07:40:00Z,575607,0.014478,0,
2023-12-31T08:40:00Z,575613,0.017198,0,
2023-12-31T09:40:00Z,575619,0.013135,0,
2023-12-31T10:40:00Z,575625,0.016588,0,
2023-12-31T11:40:00Z,575631,0.012789,0,
2023-12-31T12:40:00Z,575637,0.018306,0,
2023-12-31T13:40:00Z,575643,0.019461,0,
2023-12-31T14:40:00Z,575649,0.019281,0,
2023-12-31T15:40:00Z,575655,0.015876,0,
2023-12-31T16:40:00Z,575661,0.020321,0,
2023-12-31T17:40:00Z,575667,0.017178,0,
2023-12-31T18:40:00Z,575673,0.027271,0,
2023-12-31T19:40:00Z,575679,0.026272,0,
2023-12-31T20:40:00Z,575685,0.029881,0,
2023-12-31T21:40:00Z,575691,0.032800,0,
2023-12-31T22:40:00Z,575697,0.042307,0,
2023-12-31T23:40:00Z,575703,0.037839,0,
