timestamp_utc,window_end_step,probability,label,hours_to_next_event
2023-01-01T23:50:00Z,680504,0.012650,0,
2023-01-02T00:50:00Z,680510,0.012874,0,
2023-01-02T01:50:00Z,680516,0.014703,0,
2023-01-02T02:50:00Z,680522,0.013475,0,
2023-01-02T03:50:00Z,680528,0.012807,0,
2023-01-02T04:50:00Z,680534,0.012066,0,
2023-01-02T05:50:00Z,680540,0.006672,0,
2023-01-02T06:50:00Z,680546,0.016092,0,
2023-01-02T07:50:00Z,680552,0.015918,0,
2023-01-02T08:50:00Z,680558,0.012113,0,
2023-01-02T09:50:00Z,680564,0.013953,0,
2023-01-02T10:50:00Z,680570,0.013498,0,
2023-01-02T11:50:00Z,680576,0.009383,0,
2023-01-02T12:50:00Z,680582,0.011481,0,
2023-01-02T13:50:00Z,680588,0.013641,0,
2023-01-02T14:50:00Z,680594,0.016576,0,
2023-01-02T15:50:00Z,680600,0.023520,0,
2023-01-02T16:50:00Z,680606,0.028599,0,
2023-01-02T17:50:00Z,680612,0.020366,0,
2023-01-02T18:50:00Z,680618,0.013663,0,
2023-01-02T19:50:00Z,680624,0.013116,0,
2023-01-02T20:50:00Z,680630,0.011964,0,
2023-01-02T21:50:00Z,680636,0.011537,0,
2023-01-02T22:50:00Z,680642,0.009020,0,
2023-01-02T23:50:00Z,680648,0.012478,0,
2023-01-03T00:50:00Z,680654,0.013740,0,
2023-01-03T01:50:00Z,680660,0.015118,0,
2023-01-03T02:50:00Z,680666,0.013601,0,
2023-01-03T03:50:00Z,680672,0.012009,0,
2023-01-03T04:50:00Z,680678,0.007844,0,
2023-01-03T05:50:00Z,680684,0.006298,0,
2023-01-03T06:50:00Z,680690,0.007664,0,
2023-01-03T07:50:00Z,680696,0.007013,0,
2023-01-03T08:50:00Z,680702,0.005917,0,
2023-01-03T09:50:00Z,680708,0.007345,0,
2023-01-03T10:50:00Z,680714,0.007201,0,
2023-01-03T11:50:00Z,680720,0.006220,0,
2023-01-03T12:50:00Z,680726,0.007858,0,
2023-01-03T13:50:00Z,680732,0.008359,0,
2023-01-03T14:50:00Z,680738,0.012549,0,
2023-01-03T15:50:00Z,680744,0.024051,0,
2023-01-03T16:50:00Z,680750,0.027440,0,
2023-01-03T17:50:00Z,680756,0.032169,0,
2023-01-03T18:50:00Z,680762,0.032983,0,
2023-01-03T19:50:00Z,680768,0.038149,0,
2023-01-03T20:50:00Z,680774,0.028756,0,
2023-01-03T21:50:00Z,680780,0.028671,0,
2023-01-03T22:50:00Z,680786,0.031944,0,
2023-01-03T23:50:00Z,680792,0.030286,0,
2023-01-04T00:50:00Z,680798,0.032579,1,23.83
2023-01-04T01:50:00Z,680804,0.035998,1,22.83
2023-01-04T02:50:00Z,680810,0.032973,1,21.83
2023-01-04T03:50:00Z,680816,0.032837,1,20.83
2023-01-04T04:50:00Z,680822,0.031607,1,19.83
2023-01-04T05:50:00Z,680828,0.027813,1,18.83
2023-01-04T06:50:00Z,680834,0.027190,1,17.83
2023-01-04T07:50:00Z,680840,0.032444,1,16.83
2023-01-04T08:50:00Z,680846,0.032172,1,15.83
2023-01-04T09:50:00Z,680852,0.033536,1,14.83
2023-01-04T10:50:00Z,680858,0.032994,1,13.83
2023-01-04T11:50:00Z,680864,0.033113,1,12.83
2023-01-04T12:50:00Z,680870,0.031233,1,11.83
2023-01-04T13:50:00Z,680876,0.033596,1,10.83
2023-01-04T14:50:00Z,680882,0.031811,1,9.83
2023-01-04T15:50:00Z,680888,0.033081,1,8.83
2023-01-04T16:50:00Z,680894,0.031077,1,7.83
2023-01-04T17:50:00Z,680900,0.023054,1,6.83
2023-01-04T18:50:00Z,680906,0.021092,1,5.83
2023-01-04T19:50:00Z,680912,0.015711,1,4.83
2023-01-04T20:50:00Z,680918,0.015237,1,3.83
2023-01-04T21:50:00Z,680924,0.012220,1,2.83
2023-01-04T22:50:00Z,680930,0.013172,1,1.83
2023-01-04T23:50:00Z,680936,0.013412,1,0.83
2023-01-05T00:50:00Z,680942,0.018487,1,1.83
2023-01-05T01:50:00Z,680948,0.022407,1,0.83
2023-01-05T02:50:00Z,680954,0.012281,1,2.83
2023-01-05T03:50:00Z,680960,0.013325,1,1.83
2023-01-05T04:50:00Z,680966,0.010399,1,0.83
2023-01-05T05:50:00Z,680972,0.010804,1,2.00
2023-01-05T06:50:00Z,680978,0.011403,1,1.00
2023-01-05T07:50:00Z,680984,0.012235,0,
2023-01-05T08:50:00Z,680990,0.011470,0,
2023-01-05T09:50:00Z,680996,0.010360,0,
2023-01-05T10:50:00Z,681002,0.010415,0,
2023-01-05T11:50:00Z,681008,0.014755,0,
2023-01-05T12:50:00Z,681014,0.015930,0,
2023-01-05T13:50:00Z,681020,0.017995,0,
2023-01-05T14:50:00Z,681026,0.021326,0,
2023-01-05T15:50:00Z,681032,0.022219,0,
2023-01-05T16:50:00Z,681038,0.020327,0,
2023-01-05T17:50:00Z,681044,0.022543,1,23.33
2023-01-05T18:50:00Z,681050,0.028028,1,22.33
2023-01-05T19:50:00Z,681056,0.029255,1,21.33
2023-01-05T20:50:00Z,681062,0.030768,1,20.33
2023-01-05T21:50:00Z,681068,0.029596,1,19.33
2023-01-05T22:50:00Z,681074,0.027867,1,18.33
2023-01-05T23:50:00Z,681080,0.030258,1,17.33
2023-01-06T00:50:00Z,681086,0.031708,1,16.33
2023-01-06T01:50:00Z,681092,0.027944,1,15.33
2023-01-06T02:50:00Z,681098,0.023317,1,14.33
2023-01-06T03:50:00Z,681104,0.023598,1,13.33
2023-01-06T04:50:00Z,681110,0.027179,1,12.33
2023-01-06T05:50:00Z,681116,0.018246,1,11.33
2023-01-06T06:50:00Z,681122,0.020172,1,10.33
2023-01-06T07:50:00Z,681128,0.025635,1,9.33
2023-01-06T08:50:00Z,681134,0.026458,1,8.33
2023-01-06T09:50:00Z,681140,0.023438,1,7.33
2023-01-06T10:50:00Z,681146,0.023597,1,6.33
2023-01-06T11:50:00Z,681152,0.029220,1,5.33
2023-01-06T12:50:00Z,681158,0.027748,1,4.33
2023-01-06T13:50:00Z,681164,0.016117,1,3.33
2023-01-06T14:50:00Z,681170,0.017269,1,2.33
2023-01-06T15:50:00Z,681176,0.013690,1,1.33
2023-01-06T16:50:00Z,681182,0.011655,1,0.33
2023-01-06T17:50:00Z,681188,0.011493,0,
2023-01-06T18:50:00Z,681194,0.010863,0,
2023-01-06T19:50:00Z,681200,0.010254,0,
2023-01-06T20:50:00Z,681206,0.019560,0,
2023-01-06T21:50:00Z,681212,0.025827,0,
2023-01-06T22:50:00Z,681218,0.025114,0,
2023-01-06T23:50:00Z,681224,0.022627,0,
2023-01-07T00:50:00Z,681230,0.022709,0,
2023-01-07T01:50:00Z,681236,0.024476,0,
2023-01-07T02:50:00Z,681242,0.019219,0,
2023-01-07T03:50:00Z,681248,0.025405,0,
2023-01-07T04:50:00Z,681254,0.019791,0,
2023-01-07T05:50:00Z,681260,0.024506,0,
2023-01-07T06:50:00Z,681266,0.023885,0,
2023-01-07T07:50:00Z,681272,0.025400,0,
2023-01-07T08:50:00Z,681278,0.025153,0,
2023-01-07T09:50:00Z,681284,0.022660,0,
2023-01-07T10:50:00Z,681290,0.020142,0,
2023-01-07T11:50:00Z,681296,0.024539,0,
2023-01-07T12:50:00Z,681302,0.021155,0,
2023-01-07T13:50:00Z,681308,0.020774,0,
2023-01-07T14:50:00Z,681314,0.019883,0,
2023-01-07T15:50:00Z,681320,0.022677,0,
2023-01-07T16:50:00Z,681326,0.020997,0,
2023-01-07T17:50:00Z,681332,0.033823,0,
2023-01-07T18:50:00Z,681338,0.037762,0,
2023-01-07T19:50:00Z,681344,0.045754,0,
2023-01-07T20:50:00Z,681350,0.042503,0,
2023-01-07T21:50:00Z,681356,0.048367,0,
2023-01-07T22:50:00Z,681362,0.052163,0,
2023-01-07T23:50:00Z,681368,0.057212,0,
2023-01-08T00:50:00Z,681374,0.052379,0,
2023-01-08T01:50:00Z,681380,0.052881,0,
2023-01-08T02:50:00Z,681386,0.046646,0,
2023-01-08T03:50:00Z,681392,0.037187,0,
2023-01-08T04:50:00Z,681398,0.020029,0,
2023-01-08T05:50:00Z,681404,0.018850,0,
2023-01-08T06:50:00Z,681410,0.015812,0,
2023-01-08T07:50:00Z,681416,0.013820,0,
2023-01-08T08:50:00Z,681422,0.015865,0,
2023-01-08T09:50:00Z,681428,0.016092,0,
2023-01-08T10:50:00Z,681434,0.014054,0,
2023-01-08T11:50:00Z,681440,0.015302,0,
2023-01-08T12:50:00Z,681446,0.020991,0,
2023-01-08T13:50:00Z,681452,0.026398,0,
2023-01-08T14:50:00Z,681458,0.025798,0,
2023-01-08T15:50:00Z,681464,0.019218,0,
2023-01-08T16:50:00Z,681470,0.016732,0,
2023-01-08T17:50:00Z,681476,0.016736,0,
2023-01-08T18:50:00Z,681482,0.017707,0,
2023-01-08T19:50:00Z,681488,0.015012,0,
2023-01-08T20:50:00Z,681494,0.014212,0,
2023-01-08T21:50:00Z,681500,0.013451,0,
2023-01-08T22:50:00Z,681506,0.014138,0,
2023-01-08T23:50:00Z,681512,0.011507,0,
2023-01-09T00:50:00Z,681518,0.010128,0,
2023-01-09T01:50:00Z,681524,0.012021,0,
2023-01-09T02:50:00Z,681530,0.008900,0,
2023-01-09T03:50:00Z,681536,0.008112,0,
2023-01-09T04:50:00Z,681542,0.011285,0,
2023-01-09T05:50:00Z,681548,0.013824,0,
2023-01-09T06:50:00Z,681554,0.010031,0,
2023-01-09T07:50:00Z,681560,0.012009,0,
2023-01-09T08:50:00Z,681566,0.015948,0,
2023-01-09T09:50:00Z,681572,0.015576,0,
2023-01-09T10:50:00Z,681578,0.010869,0,
2023-01-09T11:50:00Z,681584,0.009516,0,
2023-01-09T12:50:00Z,681590,0.010927,0,
2023-01-09T13:50:00Z,681596,0.012293,0,
2023-01-09T14:50:00Z,681602,0.012818,0,
2023-01-09T15:50:00Z,681608,0.010554,0,
2023-01-09T16:50:00Z,681614,0.009549,0,
2023-01-09T17:50:00Z,681620,0.007999,0,
2023-01-09T18:50:00Z,681626,0.011783,0,
2023-01-09T19:50:00Z,681632,0.012295,0,
2023-01-09T20:50:00Z,681638,0.011658,0,
2023-01-09T21:50:00Z,681644,0.012918,0,
2023-01-09T22:50:00Z,681650,0.012641,0,
2023-01-09T23:50:00Z,681656,0.015485,0,
2023-01-10T00:50:00Z,681662,0.012930,0,
2023-01-10T01:50:00Z,681668,0.010382,0,
2023-01-10T02:50:00Z,681674,0.008656,0,
2023-01-10T03:50:00Z,681680,0.009537,0,
2023-01-10T04:50:00Z,681686,0.009105,0,
2023-01-10T05:50:00Z,681692,0.008455,0,
2023-01-10T06:50:00Z,681698,0.008672,0,
2023-01-10T07:50:00Z,681704,0.011900,0,
2023-01-10T08:50:00Z,681710,0.011198,0,
2023-01-10T09:50:00Z,681716,0.014922,0,
2023-01-10T10:50:00Z,681722,0.016300,0,
2023-01-10T11:50:00Z,681728,0.019394,0,
2023-01-10T12:50:00Z,681734,0.023394,0,
2023-01-10T13:50:00Z,681740,0.024756,0,
2023-01-10T14:50:00Z,681746,0.033906,0,
2023-01-10T15:50:00Z,681752,0.032495,0,
2023-01-10T16:50:00Z,681758,0.031522,0,
2023-01-10T17:50:00Z,681764,0.027057,0,
2023-01-10T18:50:00Z,681770,0.030812,0,
2023-01-10T19:50:00Z,681776,0.032068,0,
2023-01-10T20:50:00Z,681782,0.030452,0,
2023-01-10T21:50:00Z,681788,0.033326,0,
2023-01-10T22:50:00Z,681794,0.024948,0,
2023-01-10T23:50:00Z,681800,0.025441,0,
2023-01-11T00:50:00Z,681806,0.021292,0,
2023-01-11T01:50:00Z,681812,0.025302,0,
2023-01-11T02:50:00Z,681818,0.026509,0,
2023-01-11T03:50:00Z,681824,0.023556,0,
2023-01-11T04:50:00Z,681830,0.024985,0,
2023-01-11T05:50:00Z,681836,0.020808,0,
2023-01-11T06:50:00Z,681842,0.032327,0,
2023-01-11T07:50:00Z,681848,0.026736,0,
2023-01-11T08:50:00Z,681854,0.025992,0,
2023-01-11T09:50:00Z,681860,0.029230,0,
2023-01-11T10:50:00Z,681866,0.034265,0,
2023-01-11T11:50:00Z,681872,0.042286,0,
2023-01-11T12:50:00Z,681878,0.048235,0,
2023-01-11T13:50:00Z,681884,0.044963,0,
2023-01-11T14:50:00Z,681890,0.049147,0,
2023-01-11T15:50:00Z,681896,0.044475,0,
2023-01-11T16:50:00Z,681902,0.049226,0,
2023-01-11T17:50:00Z,681908,0.045501,0,
2023-01-11T18:50:00Z,681914,0.044866,0,
2023-01-11T19:50:00Z,681920,0.043591,0,
2023-01-11T20:50:00Z,681926,0.044685,0,
2023-01-11T21:50:00Z,681932,0.035555,0,
2023-01-11T22:50:00Z,681938,0.044470,0,
2023-01-11T23:50:00Z,681944,0.043870,0,
2023-01-12T00:50:00Z,681950,0.047771,0,
2023-01-12T01:50:00Z,681956,0.044838,0,
2023-01-12T02:50:00Z,681962,0.045507,0,
2023-01-12T03:50:00Z,681968,0.048396,0,
2023-01-12T04:50:00Z,681974,0.057536,0,
2023-01-12T05:50:00Z,681980,0.050965,0,
2023-01-12T06:50:00Z,681986,0.042423,0,
2023-01-12T07:50:00Z,681992,0.039398,0,
2023-01-12T08:50:00Z,681998,0.030196,0,
2023-01-12T09:50:00Z,682004,0.030695,0,
2023-01-12T10:50:00Z,682010,0.030519,0,
2023-01-12T11:50:00Z,682016,0.033090,0,
2023-01-12T12:50:00Z,682022,0.034498,0,
2023-01-12T13:50:00Z,682028,0.035939,0,
2023-01-12T14:50:00Z,682034,0.037647,0,
2023-01-12T15:50:00Z,682040,0.041589,0,
2023-01-12T16:50:00Z,682046,0.041627,0,
2023-01-12T17:50:00Z,682052,0.036645,0,
2023-01-12T18:50:00Z,682058,0.035005,0,
2023-01-12T19:50:00Z,682064,0.039512,0,
2023-01-12T20:50:00Z,682070,0.054080,0,
2023-01-12T21:50:00Z,682076,0.054791,0,
2023-01-12T22:50:00Z,682082,0.051816,0,
2023-01-12T23:50:00Z,682088,0.052644,0,
2023-01-13T00:50:00Z,682094,0.046817,0,
2023-01-13T01:50:00Z,682100,0.043048,0,
2023-01-13T02:50:00Z,682106,0.039713,0,
2023-01-13T03:50:00Z,682112,0.039777,0,
2023-01-13T04:50:00Z,682118,0.035298,0,
2023-01-13T05:50:00Z,682124,0.036490,0,
2023-01-13T06:50:00Z,682130,0.035370,0,
2023-01-13T07:50:00Z,682136,0.033022,0,
2023-01-13T08:50:00Z,682142,0.035742,0,
2023-01-13T09:50:00Z,682148,0.038079,0,
2023-01-13T10:50:00Z,682154,0.036558,0,
2023-01-13T11:50:00Z,682160,0.036860,0,
2023-01-13T12:50:00Z,682166,0.040495,0,
2023-01-13T13:50:00Z,682172,0.041792,0,
2023-01-13T14:50:00Z,682178,0.039501,0,
2023-01-13T15:50:00Z,682184,0.032085,0,
2023-01-13T16:50:00Z,682190,0.036656,0,
2023-01-13T17:50:00Z,682196,0.029710,0,
2023-01-13T18:50:00Z,682202,0.025719,0,
2023-01-13T19:50:00Z,682208,0.014469,0,
2023-01-13T20:50:00Z,682214,0.013304,0,
2023-01-13T21:50:00Z,682220,0.012378,0,
2023-01-13T22:50:00Z,682226,0.012718,0,
2023-01-13T23:50:00Z,682232,0.013494,0,
2023-01-14T00:50:00Z,682238,0.012982,0,
2023-01-14T01:50:00Z,682244,0.016198,0,
2023-01-14T02:50:00Z,682250,0.012209,0,
2023-01-14T03:50:00Z,682256,0.013265,0,
2023-01-14T04:50:00Z,682262,0.026594,0,
2023-01-14T05:50:00Z,682268,0.031252,0,
2023-01-14T06:50:00Z,682274,0.033500,0,
2023-01-14T07:50:00Z,682280,0.037917,0,
2023-01-14T08:50:00Z,682286,0.036718,0,
2023-01-14T09:50:00Z,682292,0.034205,0,
2023-01-14T10:50:00Z,682298,0.033872,0,
2023-01-14T11:50:00Z,682304,0.027561,0,
2023-01-14T12:50:00Z,682310,0.020415,0,
2023-01-14T13:50:00Z,682316,0.024912,0,
2023-01-14T14:50:00Z,682322,0.027530,0,
2023-01-14T15:50:00Z,682328,0.026456,0,
2023-01-14T16:50:00Z,682334,0.024347,0,
2023-01-14T17:50:00Z,682340,0.023378,0,
2023-01-14T18:50:00Z,682346,0.013991,0,
2023-01-14T19:50:00Z,682352,0.015905,0,
2023-01-14T20:50:00Z,682358,0.019791,0,
2023-01-14T21:50:00Z,682364,0.020300,0,
2023-01-14T22:50:00Z,682370,0.018908,0,
2023-01-14T23:50:00Z,682376,0.018724,0,
2023-01-15T00:50:00Z,682382,0.023753,0,
2023-01-15T01:50:00Z,682388,0.030969,0,
2023-01-15T02:50:00Z,682394,0.027192,0,
2023-01-15T03:50:00Z,682400,0.033346,0,
2023-01-15T04:50:00Z,682406,0.034756,0,
2023-01-15T05:50:00Z,682412,0.036930,0,
2023-01-15T06:50:00Z,682418,0.034962,0,
2023-01-15T07:50:00Z,682424,0.036446,0,
2023-01-15T08:50:00Z,682430,0.029296,0,
2023-01-15T09:50:00Z,682436,0.027612,0,
2023-01-15T10:50:00Z,682442,0.025871,0,
2023-01-15T11:50:00Z,682448,0.022530,0,
2023-01-15T12:50:00Z,682454,0.019439,0,
2023-01-15T13:50:00Z,682460,0.018627,0,
2023-01-15T14:50:00Z,682466,0.015586,0,
2023-01-15T15:50:00Z,682472,0.016257,0,
2023-01-15T16:50:00Z,682478,0.013155,0,
2023-01-15T17:50:00Z,682484,0.013684,0,
2023-01-15T18:50:00Z,682490,0.014538,0,
2023-01-15T19:50:00Z,682496,0.015763,0,
2023-01-15T20:50:00Z,682502,0.013003,0,
2023-01-15T21:50:00Z,682508,0.015163,0,
2023-01-15T22:50:00Z,682514,0.015364,0,
2023-01-15T23:50:00Z,682520,0.017361,0,
2023-01-16T00:50:00Z,682526,0.023067,0,
2023-01-16T01:50:00Z,682532,0.023904,0,
2023-01-16T02:50:00Z,682538,0.019913,0,
2023-01-16T03:50:00Z,682544,0.017542,0,
2023-01-16T04:50:00Z,682550,0.019783,0,
2023-01-16T05:50:00Z,682556,0.011942,0,
2023-01-16T06:50:00Z,682562,0.011373,0,
2023-01-16T07:50:00Z,682568,0.008853,0,
2023-01-16T08:50:00Z,682574,0.007051,0,
2023-01-16T09:50:00Z,682580,0.004081,0,
2023-01-16T10:50:00Z,682586,0.004328,0,
2023-01-16T11:50:00Z,682592,0.003686,0,
2023-01-16T12:50:00Z,682598,0.004702,0,
2023-01-16T13:50:00Z,682604,0.003807,0,
2023-01-16T14:50:00Z,682610,0.003514,0,
2023-01-16T15:50:00Z,682616,0.002225,0,
2023-01-16T16:50:00Z,682622,0.003004,0,
2023-01-16T17:50:00Z,682628,0.004278,0,
2023-01-16T18:50:00Z,682634,0.005195,0,
2023-01-16T19:50:00Z,682640,0.006747,0,
2023-01-16T20:50:00Z,682646,0.008274,0,
2023-01-16T21:50:00Z,682652,0.018160,0,
2023-01-16T22:50:00Z,682658,0.011963,0,
2023-01-16T23:50:00Z,682664,0.009150,0,
2023-01-17T00:50:00Z,682670,0.009970,0,
2023-01-17T01:50:00Z,682676,0.013388,0,
2023-01-17T02:50:00Z,682682,0.017568,0,
2023-01-17T03:50:00Z,682688,0.016227,0,
2023-01-17T04:50:00Z,682694,0.013385,0,
2023-01-17T05:50:00Z,682700,0.016928,0,
2023-01-17T06:50:00Z,682706,0.013741,0,
2023-01-17T07:50:00Z,682712,0.016558,0,
2023-01-17T08:50:00Z,682718,0.015053,0,
2023-01-17T09:50:00Z,682724,0.015124,0,
2023-01-17T10:50:00Z,682730,0.015849,0,
2023-01-17T11:50:00Z,682736,0.013591,0,
2023-01-17T12:50:00Z,682742,0.014549,0,
2023-01-17T13:50:00Z,682748,0.013232,0,
2023-01-17T14:50:00Z,682754,0.014339,0,
2023-01-17T15:50:00Z,682760,0.015861,0,
2023-01-17T16:50:00Z,682766,0.012894,0,
2023-01-17T17:50:00Z,682772,0.011161,0,
2023-01-17T18:50:00Z,682778,0.010416,0,
2023-01-17T19:50:00Z,682784,0.009769,0,
2023-01-17T20:50:00Z,682790,0.011596,0,
2023-01-17T21:50:00Z,682796,0.009460,0,
2023-01-17T22:50:00Z,682802,0.006104,0,
2023-01-17T23:50:00Z,682808,0.005099,0,
2023-01-18T00:50:00Z,682814,0.006541,0,
2023-01-18T01:50:00Z,682820,0.009652,0,
2023-01-18T02:50:00Z,682826,0.010757,0,
2023-01-18T03:50:00Z,682832,0.007953,0,
2023-01-18T04:50:00Z,682838,0.006853,0,
2023-01-18T05:50:00Z,682844,0.007556,0,
2023-01-18T06:50:00Z,682850,0.007816,0,
2023-01-18T07:50:00Z,682856,0.008690,0,
2023-01-18T08:50:00Z,682862,0.007102,0,
2023-01-18T09:50:00Z,682868,0.013325,0,
2023-01-18T10:50:00Z,682874,0.008989,0,
2023-01-18T11:50:00Z,682880,0.006254,0,
2023-01-18T12:50:00Z,682886,0.005984,0,
2023-01-18T13:50:00Z,682892,0.005524,0,
2023-01-18T14:50:00Z,682898,0.006506,0,
2023-01-18T15:50:00Z,682904,0.006914,0,
2023-01-18T16:50:00Z,682910,0.006850,0,
2023-01-18T17:50:00Z,682916,0.006634,0,
2023-01-18T18:50:00Z,682922,0.007685,0,
2023-01-18T19:50:00Z,682928,0.005337,0,
2023-01-18T20:50:00Z,682934,0.008985,0,
2023-01-18T21:50:00Z,682940,0.007563,0,
2023-01-18T22:50:00Z,682946,0.008326,0,
2023-01-18T23:50:00Z,682952,0.006791,0,
2023-01-19T00:50:00Z,682958,0.002848,0,
2023-01-19T01:50:00Z,682964,0.010813,0,
2023-01-19T02:50:00Z,682970,0.011785,0,
2023-01-19T03:50:00Z,682976,0.009334,0,
2023-01-19T04:50:00Z,682982,0.006650,0,
2023-01-19T05:50:00Z,682988,0.007212,0,
2023-01-19T06:50:00Z,682994,0.007920,0,
2023-01-19T07:50:00Z,683000,0.006054,0,
2023-01-19T08:50:00Z,683006,0.008528,0,
2023-01-19T09:50:00Z,683012,0.010139,0,
2023-01-19T10:50:00Z,683018,0.011964,0,
2023-01-19T11:50:00Z,683024,0.010904,0,
2023-01-19T12:50:00Z,683030,0.007163,0,
2023-01-19T13:50:00Z,683036,0.010934,0,
2023-01-19T14:50:00Z,683042,0.006682,0,
2023-01-19T15:50:00Z,683048,0.007099,0,
2023-01-19T16:50:00Z,683054,0.006278,0,
2023-01-19T17:50:00Z,683060,0.006271,0,
2023-01-19T18:50:00Z,683066,0.007097,0,
2023-01-19T19:50:00Z,683072,0.005530,0,
2023-01-19T20:50:00Z,683078,0.006316,0,
2023-01-19T21:50:00Z,683084,0.006729,0,
2023-01-19T22:50:00Z,683090,0.006641,0,
2023-01-19T23:50:00Z,683096,0.010082,0,
2023-01-20T00:50:00Z,683102,0.015617,0,
2023-01-20T01:50:00Z,683108,0.016999,0,
2023-01-20T02:50:00Z,683114,0.014687,0,
2023-01-20T03:50:00Z,683120,0.012039,0,
2023-01-20T04:50:00Z,683126,0.009822,0,
2023-01-20T05:50:00Z,683132,0.009390,0,
2023-01-20T06:50:00Z,683138,0.008337,0,
2023-01-20T07:50:00Z,683144,0.007764,0,
2023-01-20T08:50:00Z,683150,0.011556,0,
2023-01-20T09:50:00Z,683156,0.007680,0,
2023-01-20T10:50:00Z,683162,0.008490,0,
2023-01-20T11:50:00Z,683168,0.005786,0,
2023-01-20T12:50:00Z,683174,0.006128,0,
2023-01-20T13:50:00Z,683180,0.004948,0,
2023-01-20T14:50:00Z,683186,0.004573,0,
2023-01-20T15:50:00Z,683192,0.005419,0,
2023-01-20T16:50:00Z,683198,0.006336,0,
2023-01-20T17:50:00Z,683204,0.006984,0,
2023-01-20T18:50:00Z,683210,0.006934,0,
2023-01-20T19:50:00Z,683216,0.007213,0,
2023-01-20T20:50:00Z,683222,0.005730,0,
2023-01-20T21:50:00Z,683228,0.007981,0,
2023-01-20T22:50:00Z,683234,0.005073,0,
2023-01-20T23:50:00Z,683240,0.006256,0,
2023-01-21T00:50:00Z,683246,0.010051,0,
2023-01-21T01:50:00Z,683252,0.011388,0,
2023-01-21T02:50:00Z,683258,0.013332,0,
2023-01-21T03:50:00Z,683264,0.012348,0,
2023-01-21T04:50:00Z,683270,0.010731,0,
2023-01-21T05:50:00Z,683276,0.007306,0,
2023-01-21T06:50:00Z,683282,0.011418,0,
2023-01-21T07:50:00Z,683288,0.009824,0,
2023-01-21T08:50:00Z,683294,0.012596,0,
2023-01-21T09:50:00Z,683300,0.010195,0,
2023-01-21T10:50:00Z,683306,0.010408,0,
2023-01-21T11:50:00Z,683312,0.011506,0,
2023-01-21T12:50:00Z,683318,0.008760,0,
2023-01-21T13:50:00Z,683324,0.010265,0,
2023-01-21T14:50:00Z,683330,0.007325,0,
2023-01-21T15:50:00Z,683336,0.008843,0,
2023-01-21T16:50:00Z,683342,0.010844,0,
2023-01-21T17:50:00Z,683348,0.012985,0,
2023-01-21T18:50:00Z,683354,0.008669,0,
2023-01-21T19:50:00Z,683360,0.010366,0,
2023-01-21T20:50:00Z,683366,0.007757,0,
2023-01-21T21:50:00Z,683372,0.009484,0,
2023-01-21T22:50:00Z,683378,0.011115,0,
2023-01-21T23:50:00Z,683384,0.011776,0,
2023-01-22T00:50:00Z,683390,0.012837,0,
2023-01-22T01:50:00Z,683396,0.011146,0,
2023-01-22T02:50:00Z,683402,0.010464,0,
2023-01-22T03:50:00Z,683408,0.007796,0,
2023-01-22T04:50:00Z,683414,0.014004,0,
2023-01-22T05:50:00Z,683420,0.013946,0,
2023-01-22T06:50:00Z,683426,0.012120,0,
2023-01-22T07:50:00Z,683432,0.014714,0,
2023-01-22T08:50:00Z,683438,0.017665,0,
2023-01-22T09:50:00Z,683444,0.018399,0,
2023-01-22T10:50:00Z,683450,0.015416,0,
2023-01-22T11:50:00Z,683456,0.011205,0,
2023-01-22T12:50:00Z,683462,0.015479,0,
2023-01-22T13:50:00Z,683468,0.011880,0,
2023-01-22T14:50:00Z,683474,0.017960,0,
2023-01-22T15:50:00Z,683480,0.017746,0,
2023-01-22T16:50:00Z,683486,0.016811,0,
2023-01-22T17:50:00Z,683492,0.017074,0,
2023-01-22T18:50:00Z,683498,0.018151,0,
2023-01-22T19:50:00Z,683504,0.017022,0,
2023-01-22T20:50:00Z,683510,0.017698,0,
2023-01-22T21:50:00Z,683516,0.012346,0,
2023-01-22T22:50:00Z,683522,0.013024,0,
2023-01-22T23:50:00Z,683528,0.009610,0,
2023-01-23T00:50:00Z,683534,0.013454,0,
2023-01-23T01:50:00Z,683540,0.014787,0,
2023-01-23T02:50:00Z,683546,0.014292,0,
2023-01-23T03:50:00Z,683552,0.011494,0,
2023-01-23T04:50:00Z,683558,0.012050,0,
2023-01-23T05:50:00Z,683564,0.011156,0,
2023-01-23T06:50:00Z,683570,0.013391,0,
2023-01-23T07:50:00Z,683576,0.008454,0,
2023-01-23T08:50:00Z,683582,0.015072,0,
2023-01-23T09:50:00Z,683588,0.014976,0,
2023-01-23T10:50:00Z,683594,0.014828,0,
2023-01-23T11:50:00Z,683600,0.015375,0,
2023-01-23T12:50:00Z,683606,0.015762,0,
2023-01-23T13:50:00Z,683612,0.015202,0,
2023-01-23T14:50:00Z,683618,0.012212,0,
2023-01-23T15:50:00Z,683624,0.012957,0,
2023-01-23T16:50:00Z,683630,0.014063,0,
2023-01-23T17:50:00Z,683636,0.016533,0,
2023-01-23T18:50:00Z,683642,0.014819,0,
2023-01-23T19:50:00Z,683648,0.009220,0,
2023-01-23T20:50:00Z,683654,0.010092,0,
2023-01-23T21:50:00Z,683660,0.011773,0,
2023-01-23T22:50:00Z,683666,0.012230,0,
2023-01-23T23:50:00Z,683672,0.010535,0,
2023-01-24T00:50:00Z,683678,0.011828,0,
2023-01-24T01:50:00Z,683684,0.010854,0,
2023-01-24T02:50:00Z,683690,0.008654,0,
2023-01-24T03:50:00Z,683696,0.010092,0,
2023-01-24T04:50:00Z,683702,0.010500,0,
2023-01-24T05:50:00Z,683708,0.009424,0,
2023-01-24T06:50:00Z,683714,0.009450,0,
2023-01-24T07:50:00Z,683720,0.010463,0,
2023-01-24T08:50:00Z,683726,0.011746,0,
2023-01-24T09:50:00Z,683732,0.010874,0,
2023-01-24T10:50:00Z,683738,0.009212,0,
2023-01-24T11:50:00Z,683744,0.012003,0,
2023-01-24T12:50:00Z,683750,0.015000,0,
2023-01-24T13:50:00Z,683756,0.016742,0,
2023-01-24T14:50:00Z,683762,0.017828,0,
2023-01-24T15:50:00Z,683768,0.019794,0,
2023-01-24T16:50:00Z,683774,0.022029,0,
2023-01-24T17:50:00Z,683780,0.021534,0,
2023-01-24T18:50:00Z,683786,0.021300,0,
2023-01-24T19:50:00Z,683792,0.014804,0,
2023-01-24T20:50:00Z,683798,0.012348,0,
2023-01-24T21:50:00Z,683804,0.011860,0,
2023-01-24T22:50:00Z,683810,0.011973,0,
2023-01-24T23:50:00Z,683816,0.010155,0,
2023-01-25T00:50:00Z,683822,0.010348,0,
2023-01-25T01:50:00Z,683828,0.010462,0,
2023-01-25T02:50:00Z,683834,0.010815,0,
2023-01-25T03:50:00Z,683840,0.009196,0,
2023-01-25T04:50:00Z,683846,0.007923,0,
2023-01-25T05:50:00Z,683852,0.009902,0,
2023-01-25T06:50:00Z,683858,0.007583,0,
2023-01-25T07:50:00Z,683864,0.007949,0,
2023-01-25T08:50:00Z,683870,0.010736,0,
2023-01-25T09:50:00Z,683876,0.013120,0,
2023-01-25T10:50:00Z,683882,0.013605,0,
2023-01-25T11:50:00Z,683888,0.012922,0,
2023-01-25T12:50:00Z,683894,0.012442,0,
2023-01-25T13:50:00Z,683900,0.012528,0,
2023-01-25T14:50:00Z,683906,0.013170,0,
2023-01-25T15:50:00Z,683912,0.012524,0,
2023-01-25T16:50:00Z,683918,0.012584,0,
2023-01-25T17:50:00Z,683924,0.008179,0,
2023-01-25T18:50:00Z,683930,0.008977,0,
2023-01-25T19:50:00Z,683936,0.005349,0,
2023-01-25T20:50:00Z,683942,0.005554,0,
2023-01-25T21:50:00Z,683948,0.004884,0,
2023-01-25T22:50:00Z,683954,0.004257,0,
2023-01-25T23:50:00Z,683960,0.005329,0,
2023-01-26T00:50:00Z,683966,0.003948,0,
2023-01-26T01:50:00Z,683972,0.003749,0,
2023-01-26T02:50:00Z,683978,0.003971,0,
2023-01-26T03:50:00Z,683984,0.003677,0,
2023-01-26T04:50:00Z,683990,0.003099,0,
2023-01-26T05:50:00Z,683996,0.003708,0,
2023-01-26T06:50:00Z,684002,0.003698,0,
2023-01-26T07:50:00Z,684008,0.003412,0,
2023-01-26T08:50:00Z,684014,0.004026,0,
2023-01-26T09:50:00Z,684020,0.003107,0,
2023-01-26T10:50:00Z,684026,0.003932,0,
2023-01-26T11:50:00Z,684032,0.004052,0,
2023-01-26T12:50:00Z,684038,0.003895,0,
2023-01-26T13:50:00Z,684044,0.003904,0,
2023-01-26T14:50:00Z,684050,0.003468,0,
2023-01-26T15:50:00Z,684056,0.004346,0,
2023-01-26T16:50:00Z,684062,0.005145,0,
2023-01-26T17:50:00Z,684068,0.004849,0,
2023-01-26T18:50:00Z,684074,0.006128,0,
2023-01-26T19:50:00Z,684080,0.005213,0,
2023-01-26T20:50:00Z,684086,0.004035,0,
2023-01-26T21:50:00Z,684092,0.004860,0,
2023-01-26T22:50:00Z,684098,0.004324,0,
2023-01-26T23:50:00Z,684104,0.003523,0,
2023-01-27T00:50:00Z,684110,0.004748,0,
2023-01-27T01:50:00Z,684116,0.003591,0,
2023-01-27T02:50:00Z,684122,0.002300,0,
2023-01-27T03:50:00Z,684128,0.004927,0,
2023-01-27T04:50:00Z,684134,0.004826,0,
2023-01-27T05:50:00Z,684140,0.003533,0,
2023-01-27T06:50:00Z,684146,0.004039,0,
2023-01-27T07:50:00Z,684152,0.004800,0,
2023-01-27T08:50:00Z,684158,0.004862,0,
2023-01-27T09:50:00Z,684164,0.005091,0,
2023-01-27T10:50:00Z,684170,0.003975,0,
2023-01-27T11:50:00Z,684176,0.004233,0,
2023-01-27T12:50:00Z,684182,0.003799,0,
2023-01-27T13:50:00Z,684188,0.003606,0,
2023-01-27T14:50:00Z,684194,0.004332,0,
2023-01-27T15:50:00Z,684200,0.004400,0,
2023-01-27T16:50:00Z,684206,0.006540,0,
2023-01-27T17:50:00Z,684212,0.007990,0,
2023-01-27T18:50:00Z,684218,0.008453,0,
2023-01-27T19:50:00Z,684224,0.008084,0,
2023-01-27T20:50:00Z,684230,0.008547,0,
2023-01-27T21:50:00Z,684236,0.008756,0,
2023-01-27T22:50:00Z,684242,0.009259,0,
2023-01-27T23:50:00Z,684248,0.010055,0,
2023-01-28T00:50:00Z,684254,0.010402,0,
2023-01-28T01:50:00Z,684260,0.008509,0,
2023-01-28T02:50:00Z,684266,0.008923,0,
2023-01-28T03:50:00Z,684272,0.008585,0,
2023-01-28T04:50:00Z,684278,0.008854,0,
2023-01-28T05:50:00Z,684284,0.011301,0,
2023-01-28T06:50:00Z,684290,0.012922,0,
2023-01-28T07:50:00Z,684296,0.012585,0,
2023-01-28T08:50:00Z,684302,0.012419,0,
2023-01-28T09:50:00Z,684308,0.012290,0,
2023-01-28T10:50:00Z,684314,0.014392,0,
2023-01-28T11:50:00Z,684320,0.010970,0,
2023-01-28T12:50:00Z,684326,0.014538,0,
2023-01-28T13:50:00Z,684332,0.015346,0,
2023-01-28T14:50:00Z,684338,0.011023,0,
2023-01-28T15:50:00Z,684344,0.011273,0,
2023-01-28T16:50:00Z,684350,0.011703,0,
2023-01-28T17:50:00Z,684356,0.014544,0,
2023-01-28T18:50:00Z,684362,0.016206,0,
2023-01-28T19:50:00Z,684368,0.017286,0,
2023-01-28T20:50:00Z,684374,0.019396,0,
2023-01-28T21:50:00Z,684380,0.011877,0,
2023-01-28T22:50:00Z,684386,0.015211,0,
2023-01-28T23:50:00Z,684392,0.016486,0,
2023-01-29T00:50:00Z,684398,0.018275,0,
2023-01-29T01:50:00Z,684404,0.016494,0,
2023-01-29T02:50:00Z,684410,0.015264,0,
2023-01-29T03:50:00Z,684416,0.012617,0,
2023-01-29T04:50:00Z,684422,0.010307,0,
2023-01-29T05:50:00Z,684428,0.009774,0,
2023-01-29T06:50:00Z,684434,0.009082,0,
2023-01-29T07:50:00Z,684440,0.008185,0,
2023-01-29T08:50:00Z,684446,0.008142,0,
2023-01-29T09:50:00Z,684452,0.009593,0,
2023-01-29T10:50:00Z,684458,0.008702,0,
2023-01-29T11:50:00Z,684464,0.008132,0,
2023-01-29T12:50:00Z,684470,0.006660,1,24.00
2023-01-29T13:50:00Z,684476,0.007186,1,23.00
2023-01-29T14:50:00Z,684482,0.005376,1,22.00
2023-01-29T15:50:00Z,684488,0.007681,1,21.00
2023-01-29T16:50:00Z,684494,0.007487,1,20.00
2023-01-29T17:50:00Z,684500,0.008256,1,19.00
2023-01-29T18:50:00Z,684506,0.006577,1,18.00
2023-01-29T19:50:00Z,684512,0.006497,1,17.00
2023-01-29T20:50:00Z,684518,0.006923,1,16.00
2023-01-29T21:50:00Z,684524,0.006311,1,15.00
2023-01-29T22:50:00Z,684530,0.007441,1,14.00
2023-01-29T23:50:00Z,684536,0.010005,1,13.00
2023-01-30T00:50:00Z,684542,0.011966,1,12.00
2023-01-30T01:50:00Z,684548,0.012154,1,11.00
2023-01-30T02:50:00Z,684554,0.012369,1,10.00
2023-01-30T03:50:00Z,684560,0.009564,1,9.00
2023-01-30T04:50:00Z,684566,0.011568,1,8.00
2023-01-30T05:50:00Z,684572,0.011366,1,7.00
2023-01-30T06:50:00Z,684578,0.011699,1,6.00
2023-01-30T07:50:00Z,684584,0.011884,1,5.00
2023-01-30T08:50:00Z,684590,0.008956,1,4.00
2023-01-30T09:50:00Z,684596,0.006787,1,3.00
2023-01-30T10:50:00Z,684602,0.007878,1,2.00
2023-01-30T11:50:00Z,684608,0.006886,1,1.00
2023-01-30T12:50:00Z,684614,0.005424,0,
2023-01-30T13:50:00Z,684620,0.005913,0,
2023-01-30T14:50:00Z,684626,0.005992,0,
2023-01-30T15:50:00Z,684632,0.006371,0,
2023-01-30T16:50:00Z,684638,0.009834,0,
2023-01-30T17:50:00Z,684644,0.014656,0,
2023-01-30T18:50:00Z,684650,0.012318,0,
2023-01-30T19:50:00Z,684656,0.008279,0,
2023-01-30T20:50:00Z,684662,0.010584,0,
2023-01-30T21:50:00Z,684668,0.013398,0,
2023-01-30T22:50:00Z,684674,0.014540,0,
2023-01-30T23:50:00Z,684680,0.009607,0,
2023-01-31T00:50:00Z,684686,0.007564,0,
2023-01-31T01:50:00Z,684692,0.007672,0,
2023-01-31T02:50:00Z,684698,0.008993,0,
2023-01-31T03:50:00Z,684704,0.014867,0,
2023-01-31T04:50:00Z,684710,0.012562,0,
2023-01-31T05:50:00Z,684716,0.013099,0,
2023-01-31T06:50:00Z,684722,0.011551,0,
2023-01-31T07:50:00Z,684728,0.010026,0,
2023-01-31T08:50:00Z,684734,0.011878,0,
2023-01-31T09:50:00Z,684740,0.018200,0,
2023-01-31T10:50:00Z,684746,0.026073,0,
2023-01-31T11:50:00Z,684752,0.031357,0,
2023-01-31T12:50:00Z,684758,0.027491,0,
2023-01-31T13:50:00Z,684764,0.023087,0,
2023-01-31T14:50:00Z,684770,0.014590,0,
2023-01-31T15:50:00Z,684776,0.016178,0,
2023-01-31T16:50:00Z,684782,0.013200,1,23.33
2023-01-31T17:50:00Z,684788,0.009345,1,22.33
2023-01-31T18:50:00Z,684794,0.007425,1,21.33
2023-01-31T19:50:00Z,684800,0.008341,1,20.33
2023-01-31T20:50:00Z,684806,0.007131,1,19.33
2023-01-31T21:50:00Z,684812,0.008716,1,18.33
2023-01-31T22:50:00Z,684818,0.012296,1,17.33
2023-01-31T23:50:00Z,684824,0.014646,1,16.33
2023-02-01T00:50:00Z,684830,0.020398,1,15.33
2023-02-01T01:50:00Z,684836,0.022684,1,14.33
2023-02-01T02:50:00Z,684842,0.021764,1,13.33
2023-02-01T03:50:00Z,684848,0.018687,1,12.33
2023-02-01T04:50:00Z,684854,0.018353,1,11.33
2023-02-01T05:50:00Z,684860,0.018252,1,10.33
2023-02-01T06:50:00Z,684866,0.018102,1,9.33
2023-02-01T07:50:00Z,684872,0.014066,1,8.33
2023-02-01T08:50:00Z,684878,0.012501,1,7.33
2023-02-01T09:50:00Z,684884,0.015796,1,6.33
2023-02-01T10:50:00Z,684890,0.020500,1,5.33
2023-02-01T11:50:00Z,684896,0.024080,1,4.33
2023-02-01T12:50:00Z,684902,0.021043,1,3.33
2023-02-01T13:50:00Z,684908,0.018529,1,2.33
2023-02-01T14:50:00Z,684914,0.019555,1,1.33
2023-02-01T15:50:00Z,684920,0.019878,1,0.33
2023-02-01T16:50:00Z,684926,0.010748,1,11.17
2023-02-01T17:50:00Z,684932,0.011471,1,10.17
2023-02-01T18:50:00Z,684938,0.019573,1,9.17
2023-02-01T19:50:00Z,684944,0.023808,1,8.17
2023-02-01T20:50:00Z,684950,0.025265,1,7.17
2023-02-01T21:50:00Z,684956,0.026368,1,6.17
2023-02-01T22:50:00Z,684962,0.029464,1,5.17
2023-02-01T23:50:00Z,684968,0.029890,1,4.17
2023-02-02T00:50:00Z,684974,0.030905,1,3.17
2023-02-02T01:50:00Z,684980,0.030441,1,2.17
2023-02-02T02:50:00Z,684986,0.030758,1,1.17
2023-02-02T03:50:00Z,684992,0.017785,1,0.17
2023-02-02T04:50:00Z,684998,0.014800,1,0.67
2023-02-02T05:50:00Z,685004,0.015371,1,6.17
2023-02-02T06:50:00Z,685010,0.011961,1,5.17
2023-02-02T07:50:00Z,685016,0.010235,1,4.17
2023-02-02T08:50:00Z,685022,0.008974,1,3.17
2023-02-02T09:50:00Z,685028,0.011297,1,2.17
2023-02-02T10:50:00Z,685034,0.023621,1,1.17
2023-02-02T11:50:00Z,685040,0.015621,1,0.17
2023-02-02T12:50:00Z,685046,0.013998,1,0.17
2023-02-02T13:50:00Z,685052,0.012125,1,2.50
2023-02-02T14:50:00Z,685058,0.023211,1,1.50
2023-02-02T15:50:00Z,685064,0.012881,1,0.50
2023-02-02T16:50:00Z,685070,0.012249,1,17.67
2023-02-02T17:50:00Z,685076,0.010468,1,16.67
2023-02-02T18:50:00Z,685082,0.014977,1,15.67
2023-02-02T19:50:00Z,685088,0.019150,1,14.67
2023-02-02T20:50:00Z,685094,0.013410,1,13.67
2023-02-02T21:50:00Z,685100,0.017599,1,12.67
2023-02-02T22:50:00Z,685106,0.021478,1,11.67
2023-02-02T23:50:00Z,685112,0.018387,1,10.67
2023-02-03T00:50:00Z,685118,0.014272,1,9.67
2023-02-03T01:50:00Z,685124,0.015565,1,8.67
2023-02-03T02:50:00Z,685130,0.016018,1,7.67
2023-02-03T03:50:00Z,685136,0.013330,1,6.67
2023-02-03T04:50:00Z,685142,0.014058,1,5.67
2023-02-03T05:50:00Z,685148,0.019661,1,4.67
2023-02-03T06:50:00Z,685154,0.024580,1,3.67
2023-02-03T07:50:00Z,685160,0.027833,1,2.67
2023-02-03T08:50:00Z,685166,0.023454,1,1.67
2023-02-03T09:50:00Z,685172,0.023714,1,0.67
2023-02-03T10:50:00Z,685178,0.020276,1,3.17
2023-02-03T11:50:00Z,685184,0.014704,1,2.17
2023-02-03T12:50:00Z,685190,0.012789,1,1.17
2023-02-03T13:50:00Z,685196,0.013082,1,0.17
2023-02-03T14:50:00Z,685202,0.010561,1,2.17
2023-02-03T15:50:00Z,685208,0.012745,1,1.17
2023-02-03T16:50:00Z,685214,0.009508,1,0.17
2023-02-03T17:50:00Z,685220,0.007844,1,1.33
2023-02-03T18:50:00Z,685226,0.011613,1,0.33
2023-02-03T19:50:00Z,685232,0.007642,1,0.50
2023-02-03T20:50:00Z,685238,0.010393,1,0.67
2023-02-03T21:50:00Z,685244,0.011112,1,2.83
2023-02-03T22:50:00Z,685250,0.008773,1,1.83
2023-02-03T23:50:00Z,685256,0.005719,1,0.83
2023-02-04T00:50:00Z,685262,0.006657,1,1.00
2023-02-04T01:50:00Z,685268,0.007199,1,1.00
2023-02-04T02:50:00Z,685274,0.007348,1,1.00
2023-02-04T03:50:00Z,685280,0.010352,1,1.00
2023-02-04T04:50:00Z,685286,0.011286,1,3.17
2023-02-04T05:50:00Z,685292,0.009288,1,2.17
2023-02-04T06:50:00Z,685298,0.010376,1,1.17
2023-02-04T07:50:00Z,685304,0.008520,1,0.17
2023-02-04T08:50:00Z,685310,0.005911,1,2.50
2023-02-04T09:50:00Z,685316,0.006427,1,1.50
2023-02-04T10:50:00Z,685322,0.008119,1,0.50
2023-02-04T11:50:00Z,685328,0.010024,1,2.67
2023-02-04T12:50:00Z,685334,0.013435,1,1.67
2023-02-04T13:50:00Z,685340,0.013293,1,0.67
2023-02-04T14:50:00Z,685346,0.011395,1,1.67
2023-02-04T15:50:00Z,685352,0.012508,1,0.67
2023-02-04T16:50:00Z,685358,0.014213,1,0.83
2023-02-04T17:50:00Z,685364,0.014822,1,0.83
2023-02-04T18:50:00Z,685370,0.014471,1,0.83
2023-02-04T19:50:00Z,685376,0.014729,1,3.33
2023-02-04T20:50:00Z,685382,0.016127,1,2.33
2023-02-04T21:50:00Z,685388,0.010020,1,1.33
2023-02-04T22:50:00Z,685394,0.009146,1,0.33
2023-02-04T23:50:00Z,685400,0.008574,1,23.33
2023-02-05T00:50:00Z,685406,0.008245,1,22.33
2023-02-05T01:50:00Z,685412,0.009505,1,21.33
2023-02-05T02:50:00Z,685418,0.007373,1,20.33
2023-02-05T03:50:00Z,685424,0.005301,1,19.33
2023-02-05T04:50:00Z,685430,0.004546,1,18.33
2023-02-05T05:50:00Z,685436,0.003271,1,17.33
2023-02-05T06:50:00Z,685442,0.003594,1,16.33
2023-02-05T07:50:00Z,685448,0.003885,1,15.33
2023-02-05T08:50:00Z,685454,0.003640,1,14.33
2023-02-05T09:50:00Z,685460,0.004658,1,13.33
2023-02-05T10:50:00Z,685466,0.007656,1,12.33
2023-02-05T11:50:00Z,685472,0.012354,1,11.33
2023-02-05T12:50:00Z,685478,0.010284,1,10.33
2023-02-05T13:50:00Z,685484,0.009285,1,9.33
2023-02-05T14:50:00Z,685490,0.009486,1,8.33
2023-02-05T15:50:00Z,685496,0.010940,1,7.33
2023-02-05T16:50:00Z,685502,0.011222,1,6.33
2023-02-05T17:50:00Z,685508,0.012822,1,5.33
2023-02-05T18:50:00Z,685514,0.009788,1,4.33
2023-02-05T19:50:00Z,685520,0.011541,1,3.33
2023-02-05T20:50:00Z,685526,0.011165,1,2.33
2023-02-05T21:50:00Z,685532,0.012358,1,1.33
2023-02-05T22:50:00Z,685538,0.012702,1,0.33
2023-02-05T23:50:00Z,685544,0.016104,1,0.67
2023-02-06T00:50:00Z,685550,0.017261,1,14.00
2023-02-06T01:50:00Z,685556,0.011436,1,13.00
2023-02-06T02:50:00Z,685562,0.012930,1,12.00
2023-02-06T03:50:00Z,685568,0.012210,1,11.00
2023-02-06T04:50:00Z,685574,0.012573,1,10.00
2023-02-06T05:50:00Z,685580,0.012869,1,9.00
2023-02-06T06:50:00Z,685586,0.014841,1,8.00
2023-02-06T07:50:00Z,685592,0.011965,1,7.00
2023-02-06T08:50:00Z,685598,0.010396,1,6.00
2023-02-06T09:50:00Z,685604,0.013667,1,5.00
2023-02-06T10:50:00Z,685610,0.014565,1,4.00
2023-02-06T11:50:00Z,685616,0.015723,1,3.00
2023-02-06T12:50:00Z,685622,0.017902,1,2.00
2023-02-06T13:50:00Z,685628,0.019239,1,1.00
2023-02-06T14:50:00Z,685634,0.024179,1,4.33
2023-02-06T15:50:00Z,685640,0.014492,1,3.33
2023-02-06T16:50:00Z,685646,0.016077,1,2.33
2023-02-06T17:50:00Z,685652,0.015478,1,1.33
2023-02-06T18:50:00Z,685658,0.015045,1,0.33
2023-02-06T19:50:00Z,685664,0.014230,1,20.17
2023-02-06T20:50:00Z,685670,0.019702,1,19.17
2023-02-06T21:50:00Z,685676,0.020707,1,18.17
2023-02-06T22:50:00Z,685682,0.021436,1,17.17
2023-02-06T23:50:00Z,685688,0.014619,1,16.17
2023-02-07T00:50:00Z,685694,0.016338,1,15.17
2023-02-07T01:50:00Z,685700,0.019166,1,14.17
2023-02-07T02:50:00Z,685706,0.015577,1,13.17
2023-02-07T03:50:00Z,685712,0.014018,1,12.17
2023-02-07T04:50:00Z,685718,0.012188,1,11.17
2023-02-07T05:50:00Z,685724,0.012082,1,10.17
2023-02-07T06:50:00Z,685730,0.013101,1,9.17
2023-02-07T07:50:00Z,685736,0.013985,1,8.17
2023-02-07T08:50:00Z,685742,0.011820,1,7.17
2023-02-07T09:50:00Z,685748,0.014138,1,6.17
2023-02-07T10:50:00Z,685754,0.013616,1,5.17
2023-02-07T11:50:00Z,685760,0.016365,1,4.17
2023-02-07T12:50:00Z,685766,0.019013,1,3.17
2023-02-07T13:50:00Z,685772,0.021235,1,2.17
2023-02-07T14:50:00Z,685778,0.021605,1,1.17
2023-02-07T15:50:00Z,685784,0.023701,1,0.17
2023-02-07T16:50:00Z,685790,0.021361,0,
2023-02-07T17:50:00Z,685796,0.017960,0,
2023-02-07T18:50:00Z,685802,0.011832,0,
2023-02-07T19:50:00Z,685808,0.013489,0,
2023-02-07T20:50:00Z,685814,0.014367,0,
2023-02-07T21:50:00Z,685820,0.014817,0,
2023-02-07T22:50:00Z,685826,0.018493,0,
2023-02-07T23:50:00Z,685832,0.019377,0,
2023-02-08T00:50:00Z,685838,0.019064,0,
2023-02-08T01:50:00Z,685844,0.014335,0,
2023-02-08T02:50:00Z,685850,0.017431,0,
2023-02-08T03:50:00Z,685856,0.008684,0,
2023-02-08T04:50:00Z,685862,0.016202,0,
2023-02-08T05:50:00Z,685868,0.018032,0,
2023-02-08T06:50:00Z,685874,0.018784,0,
2023-02-08T07:50:00Z,685880,0.017554,0,
2023-02-08T08:50:00Z,685886,0.012910,0,
2023-02-08T09:50:00Z,685892,0.015679,0,
2023-02-08T10:50:00Z,685898,0.017360,0,
2023-02-08T11:50:00Z,685904,0.013082,0,
2023-02-08T12:50:00Z,685910,0.014571,0,
2023-02-08T13:50:00Z,685916,0.010517,0,
2023-02-08T14:50:00Z,685922,0.011280,0,
2023-02-08T15:50:00Z,685928,0.009933,0,
2023-02-08T16:50:00Z,685934,0.011517,0,
2023-02-08T17:50:00Z,685940,0.007250,0,
2023-02-08T18:50:00Z,685946,0.007412,0,
2023-02-08T19:50:00Z,685952,0.009721,0,
2023-02-08T20:50:00Z,685958,0.012576,0,
2023-02-08T21:50:00Z,685964,0.011879,0,
2023-02-08T22:50:00Z,685970,0.013117,0,
2023-02-08T23:50:00Z,685976,0.011920,0,
2023-02-09T00:50:00Z,685982,0.013513,0,
2023-02-09T01:50:00Z,685988,0.010473,0,
2023-02-09T02:50:00Z,685994,0.011014,0,
2023-02-09T03:50:00Z,686000,0.009514,0,
2023-02-09T04:50:00Z,686006,0.009735,0,
2023-02-09T05:50:00Z,686012,0.009840,0,
2023-02-09T06:50:00Z,686018,0.008100,0,
2023-02-09T07:50:00Z,686024,0.010284,0,
2023-02-09T08:50:00Z,686030,0.008962,0,
2023-02-09T09:50:00Z,686036,0.013669,0,
2023-02-09T10:50:00Z,686042,0.011897,0,
2023-02-09T11:50:00Z,686048,0.009532,0,
2023-02-09T12:50:00Z,686054,0.008697,0,
2023-02-09T13:50:00Z,686060,0.009106,0,
2023-02-09T14:50:00Z,686066,0.013262,1,23.67
2023-02-09T15:50:00Z,686072,0.011208,1,22.67
2023-02-09T16:50:00Z,686078,0.012892,1,21.67
2023-02-09T17:50:00Z,686084,0.016552,1,20.67
2023-02-09T18:50:00Z,686090,0.017449,1,19.67
2023-02-09T19:50:00Z,686096,0.011706,1,18.67
2023-02-09T20:50:00Z,686102,0.013315,1,17.67
2023-02-09T21:50:00Z,686108,0.011365,1,16.67
2023-02-09T22:50:00Z,686114,0.011539,1,15.67
2023-02-09T23:50:00Z,686120,0.010605,1,14.67
2023-02-10T00:50:00Z,686126,0.012891,1,13.67
2023-02-10T01:50:00Z,686132,0.009898,1,12.67
2023-02-10T02:50:00Z,686138,0.009360,1,11.67
2023-02-10T03:50:00Z,686144,0.011240,1,10.67
2023-02-10T04:50:00Z,686150,0.009160,1,9.67
2023-02-10T05:50:00Z,686156,0.009391,1,8.67
2023-02-10T06:50:00Z,686162,0.010732,1,7.67
2023-02-10T07:50:00Z,686168,0.011364,1,6.67
2023-02-10T08:50:00Z,686174,0.011818,1,5.67
2023-02-10T09:50:00Z,686180,0.012079,1,4.67
2023-02-10T10:50:00Z,686186,0.010229,1,3.67
2023-02-10T11:50:00Z,686192,0.008972,1,2.67
2023-02-10T12:50:00Z,686198,0.012194,1,1.67
2023-02-10T13:50:00Z,686204,0.011297,1,0.67
2023-02-10T14:50:00Z,686210,0.010364,1,0.67
2023-02-10T15:50:00Z,686216,0.010882,1,7.00
2023-02-10T16:50:00Z,686222,0.009593,1,6.00
2023-02-10T17:50:00Z,686228,0.010321,1,5.00
2023-02-10T18:50:00Z,686234,0.010421,1,4.00
2023-02-10T19:50:00Z,686240,0.009133,1,3.00
2023-02-10T20:50:00Z,686246,0.012065,1,2.00
2023-02-10T21:50:00Z,686252,0.012752,1,1.00
2023-02-10T22:50:00Z,686258,0.010463,1,1.00
2023-02-10T23:50:00Z,686264,0.010210,1,1.00
2023-02-11T00:50:00Z,686270,0.008364,1,1.17
2023-02-11T01:50:00Z,686276,0.012820,1,0.17
2023-02-11T02:50:00Z,686282,0.012421,1,0.17
2023-02-11T03:50:00Z,686288,0.014348,1,0.17
2023-02-11T04:50:00Z,686294,0.016743,1,0.33
2023-02-11T05:50:00Z,686300,0.015379,1,1.33
2023-02-11T06:50:00Z,686306,0.016307,1,0.33
2023-02-11T07:50:00Z,686312,0.020752,1,1.50
2023-02-11T08:50:00Z,686318,0.028374,1,0.50
2023-02-11T09:50:00Z,686324,0.025500,1,13.67
2023-02-11T10:50:00Z,686330,0.018090,1,12.67
2023-02-11T11:50:00Z,686336,0.014066,1,11.67
2023-02-11T12:50:00Z,686342,0.019376,1,10.67
2023-02-11T13:50:00Z,686348,0.025339,1,9.67
2023-02-11T14:50:00Z,686354,0.027401,1,8.67
2023-02-11T15:50:00Z,686360,0.020187,1,7.67
2023-02-11T16:50:00Z,686366,0.018075,1,6.67
2023-02-11T17:50:00Z,686372,0.021945,1,5.67
2023-02-11T18:50:00Z,686378,0.015934,1,4.67
2023-02-11T19:50:00Z,686384,0.019869,1,3.67
2023-02-11T20:50:00Z,686390,0.020080,1,2.67
2023-02-11T21:50:00Z,686396,0.017615,1,1.67
2023-02-11T22:50:00Z,686402,0.022298,1,0.67
2023-02-11T23:50:00Z,686408,0.016918,1,1.50
2023-02-12T00:50:00Z,686414,0.016189,1,0.50
2023-02-12T01:50:00Z,686420,0.012842,1,18.83
2023-02-12T02:50:00Z,686426,0.016746,1,17.83
2023-02-12T03:50:00Z,686432,0.018069,1,16.83
2023-02-12T04:50:00Z,686438,0.017084,1,15.83
2023-02-12T05:50:00Z,686444,0.012196,1,14.83
2023-02-12T06:50:00Z,686450,0.012397,1,13.83
2023-02-12T07:50:00Z,686456,0.010771,1,12.83
2023-02-12T08:50:00Z,686462,0.012336,1,11.83
2023-02-12T09:50:00Z,686468,0.010628,1,10.83
2023-02-12T10:50:00Z,686474,0.009364,1,9.83
2023-02-12T11:50:00Z,686480,0.010425,1,8.83
2023-02-12T12:50:00Z,686486,0.010283,1,7.83
2023-02-12T13:50:00Z,686492,0.015312,1,6.83
2023-02-12T14:50:00Z,686498,0.014611,1,5.83
2023-02-12T15:50:00Z,686504,0.012701,1,4.83
2023-02-12T16:50:00Z,686510,0.015775,1,3.83
2023-02-12T17:50:00Z,686516,0.018163,1,2.83
2023-02-12T18:50:00Z,686522,0.017530,1,1.83
2023-02-12T19:50:00Z,686528,0.018693,1,0.83
2023-02-12T20:50:00Z,686534,0.018601,1,3.00
2023-02-12T21:50:00Z,686540,0.017124,1,2.00
2023-02-12T22:50:00Z,686546,0.015702,1,1.00
2023-02-12T23:50:00Z,686552,0.015942,1,17.00
2023-02-13T00:50:00Z,686558,0.013543,1,16.00
2023-02-13T01:50:00Z,686564,0.011714,1,15.00
2023-02-13T02:50:00Z,686570,0.011215,1,14.00
2023-02-13T03:50:00Z,686576,0.011726,1,13.00
2023-02-13T04:50:00Z,686582,0.010433,1,12.00
2023-02-13T05:50:00Z,686588,0.012024,1,11.00
2023-02-13T06:50:00Z,686594,0.016539,1,10.00
2023-02-13T07:50:00Z,686600,0.014247,1,9.00
2023-02-13T08:50:00Z,686606,0.011353,1,8.00
2023-02-13T09:50:00Z,686612,0.009861,1,7.00
2023-02-13T10:50:00Z,686618,0.008550,1,6.00
2023-02-13T11:50:00Z,686624,0.010904,1,5.00
2023-02-13T12:50:00Z,686630,0.011581,1,4.00
2023-02-13T13:50:00Z,686636,0.011394,1,3.00
2023-02-13T14:50:00Z,686642,0.012964,1,2.00
2023-02-13T15:50:00Z,686648,0.013586,1,1.00
2023-02-13T16:50:00Z,686654,0.016682,1,3.17
2023-02-13T17:50:00Z,686660,0.014821,1,2.17
2023-02-13T18:50:00Z,686666,0.013915,1,1.17
2023-02-13T19:50:00Z,686672,0.011159,1,0.17
2023-02-13T20:50:00Z,686678,0.009664,1,0.17
2023-02-13T21:50:00Z,686684,0.012205,1,19.17
2023-02-13T22:50:00Z,686690,0.010162,1,18.17
2023-02-13T23:50:00Z,686696,0.007465,1,17.17
2023-02-14T00:50:00Z,686702,0.009724,1,16.17
2023-02-14T01:50:00Z,686708,0.008409,1,15.17
2023-02-14T02:50:00Z,686714,0.007679,1,14.17
2023-02-14T03:50:00Z,686720,0.008317,1,13.17
2023-02-14T04:50:00Z,686726,0.007922,1,12.17
2023-02-14T05:50:00Z,686732,0.007930,1,11.17
2023-02-14T06:50:00Z,686738,0.013886,1,10.17
2023-02-14T07:50:00Z,686744,0.018085,1,9.17
2023-02-14T08:50:00Z,686750,0.021707,1,8.17
2023-02-14T09:50:00Z,686756,0.022419,1,7.17
2023-02-14T10:50:00Z,686762,0.019877,1,6.17
2023-02-14T11:50:00Z,686768,0.024125,1,5.17
2023-02-14T12:50:00Z,686774,0.022083,1,4.17
2023-02-14T13:50:00Z,686780,0.015191,1,3.17
2023-02-14T14:50:00Z,686786,0.016624,1,2.17
2023-02-14T15:50:00Z,686792,0.015175,1,1.17
2023-02-14T16:50:00Z,686798,0.017848,1,0.17
2023-02-14T17:50:00Z,686804,0.016910,1,4.33
2023-02-14T18:50:00Z,686810,0.007146,1,3.33
2023-02-14T19:50:00Z,686816,0.012885,1,2.33
2023-02-14T20:50:00Z,686822,0.009549,1,1.33
2023-02-14T21:50:00Z,686828,0.008641,1,0.33
2023-02-14T22:50:00Z,686834,0.009042,1,3.50
2023-02-14T23:50:00Z,686840,0.012203,1,2.50
2023-02-15T00:50:00Z,686846,0.008360,1,1.50
2023-02-15T01:50:00Z,686852,0.006486,1,0.50
2023-02-15T02:50:00Z,686858,0.008073,1,8.67
2023-02-15T03:50:00Z,686864,0.005892,1,7.67
2023-02-15T04:50:00Z,686870,0.006778,1,6.67
2023-02-15T05:50:00Z,686876,0.005035,1,5.67
2023-02-15T06:50:00Z,686882,0.006730,1,4.67
2023-02-15T07:50:00Z,686888,0.007033,1,3.67
2023-02-15T08:50:00Z,686894,0.006974,1,2.67
2023-02-15T09:50:00Z,686900,0.006218,1,1.67
2023-02-15T10:50:00Z,686906,0.007634,1,0.67
2023-02-15T11:50:00Z,686912,0.008788,1,0.67
2023-02-15T12:50:00Z,686918,0.009955,1,4.83
2023-02-15T13:50:00Z,686924,0.010184,1,3.83
2023-02-15T14:50:00Z,686930,0.010886,1,2.83
2023-02-15T15:50:00Z,686936,0.012329,1,1.83
2023-02-15T16:50:00Z,686942,0.008364,1,0.83
2023-02-15T17:50:00Z,686948,0.011546,1,1.00
2023-02-15T18:50:00Z,686954,0.011384,1,18.00
2023-02-15T19:50:00Z,686960,0.013928,1,17.00
2023-02-15T20:50:00Z,686966,0.011206,1,16.00
2023-02-15T21:50:00Z,686972,0.010509,1,15.00
2023-02-15T22:50:00Z,686978,0.008614,1,14.00
2023-02-15T23:50:00Z,686984,0.008739,1,13.00
2023-02-16T00:50:00Z,686990,0.010630,1,12.00
2023-02-16T01:50:00Z,686996,0.008140,1,11.00
2023-02-16T02:50:00Z,687002,0.009873,1,10.00
2023-02-16T03:50:00Z,687008,0.010153,1,9.00
2023-02-16T04:50:00Z,687014,0.007817,1,8.00
2023-02-16T05:50:00Z,687020,0.007627,1,7.00
2023-02-16T06:50:00Z,687026,0.009615,1,6.00
2023-02-16T07:50:00Z,687032,0.022545,1,5.00
2023-02-16T08:50:00Z,687038,0.029519,1,4.00
2023-02-16T09:50:00Z,687044,0.027760,1,3.00
2023-02-16T10:50:00Z,687050,0.023776,1,2.00
2023-02-16T11:50:00Z,687056,0.020591,1,1.00
2023-02-16T12:50:00Z,687062,0.020702,1,1.00
2023-02-16T13:50:00Z,687068,0.011724,1,1.00
2023-02-16T14:50:00Z,687074,0.011012,1,22.17
2023-02-16T15:50:00Z,687080,0.010777,1,21.17
2023-02-16T16:50:00Z,687086,0.016247,1,20.17
2023-02-16T17:50:00Z,687092,0.013554,1,19.17
2023-02-16T18:50:00Z,687098,0.013291,1,18.17
2023-02-16T19:50:00Z,687104,0.012701,1,17.17
2023-02-16T20:50:00Z,687110,0.012202,1,16.17
2023-02-16T21:50:00Z,687116,0.018114,1,15.17
2023-02-16T22:50:00Z,687122,0.019613,1,14.17
2023-02-16T23:50:00Z,687128,0.025177,1,13.17
2023-02-17T00:50:00Z,687134,0.022458,1,12.17
2023-02-17T01:50:00Z,687140,0.017670,1,11.17
2023-02-17T02:50:00Z,687146,0.018352,1,10.17
2023-02-17T03:50:00Z,687152,0.022698,1,9.17
2023-02-17T04:50:00Z,687158,0.026144,1,8.17
2023-02-17T05:50:00Z,687164,0.026529,1,7.17
2023-02-17T06:50:00Z,687170,0.025664,1,6.17
2023-02-17T07:50:00Z,687176,0.027069,1,5.17
2023-02-17T08:50:00Z,687182,0.026880,1,4.17
2023-02-17T09:50:00Z,687188,0.031695,1,3.17
2023-02-17T10:50:00Z,687194,0.027911,1,2.17
2023-02-17T11:50:00Z,687200,0.029201,1,1.17
2023-02-17T12:50:00Z,687206,0.022983,1,0.17
2023-02-17T13:50:00Z,687212,0.019579,1,2.17
2023-02-17T14:50:00Z,687218,0.011030,1,1.17
2023-02-17T15:50:00Z,687224,0.009994,1,0.17
2023-02-17T16:50:00Z,687230,0.017893,1,0.17
2023-02-17T17:50:00Z,687236,0.018014,1,21.33
2023-02-17T18:50:00Z,687242,0.011310,1,20.33
2023-02-17T19:50:00Z,687248,0.014586,1,19.33
2023-02-17T20:50:00Z,687254,0.012523,1,18.33
2023-02-17T21:50:00Z,687260,0.011135,1,17.33
2023-02-17T22:50:00Z,687266,0.006468,1,16.33
2023-02-17T23:50:00Z,687272,0.009414,1,15.33
2023-02-18T00:50:00Z,687278,0.010184,1,14.33
2023-02-18T01:50:00Z,687284,0.016681,1,13.33
2023-02-18T02:50:00Z,687290,0.022068,1,12.33
2023-02-18T03:50:00Z,687296,0.023578,1,11.33
2023-02-18T04:50:00Z,687302,0.024691,1,10.33
2023-02-18T05:50:00Z,687308,0.025340,1,9.33
2023-02-18T06:50:00Z,687314,0.026686,1,8.33
2023-02-18T07:50:00Z,687320,0.027219,1,7.33
2023-02-18T08:50:00Z,687326,0.025005,1,6.33
2023-02-18T09:50:00Z,687332,0.025413,1,5.33
2023-02-18T10:50:00Z,687338,0.016716,1,4.33
2023-02-18T11:50:00Z,687344,0.017547,1,3.33
2023-02-18T12:50:00Z,687350,0.014263,1,2.33
2023-02-18T13:50:00Z,687356,0.013737,1,1.33
2023-02-18T14:50:00Z,687362,0.009832,1,0.33
2023-02-18T15:50:00Z,687368,0.012386,1,5.50
2023-02-18T16:50:00Z,687374,0.014262,1,4.50
2023-02-18T17:50:00Z,687380,0.011029,1,3.50
2023-02-18T18:50:00Z,687386,0.009890,1,2.50
2023-02-18T19:50:00Z,687392,0.009977,1,1.50
2023-02-18T20:50:00Z,687398,0.009595,1,0.50
2023-02-18T21:50:00Z,687404,0.010356,1,11.17
2023-02-18T22:50:00Z,687410,0.009161,1,10.17
2023-02-18T23:50:00Z,687416,0.007742,1,9.17
2023-02-19T00:50:00Z,687422,0.009727,1,8.17
2023-02-19T01:50:00Z,687428,0.010017,1,7.17
2023-02-19T02:50:00Z,687434,0.008301,1,6.17
2023-02-19T03:50:00Z,687440,0.008483,1,5.17
2023-02-19T04:50:00Z,687446,0.008957,1,4.17
2023-02-19T05:50:00Z,687452,0.011884,1,3.17
2023-02-19T06:50:00Z,687458,0.012264,1,2.17
2023-02-19T07:50:00Z,687464,0.007698,1,1.17
2023-02-19T08:50:00Z,687470,0.006294,1,0.17
2023-02-19T09:50:00Z,687476,0.010106,1,1.67
2023-02-19T10:50:00Z,687482,0.006428,1,0.67
2023-02-19T11:50:00Z,687488,0.007854,1,1.50
2023-02-19T12:50:00Z,687494,0.005448,1,0.50
2023-02-19T13:50:00Z,687500,0.008811,1,2.67
2023-02-19T14:50:00Z,687506,0.007070,1,1.67
2023-02-19T15:50:00Z,687512,0.004127,1,0.67
2023-02-19T16:50:00Z,687518,0.006373,1,20.33
2023-02-19T17:50:00Z,687524,0.006554,1,19.33
2023-02-19T18:50:00Z,687530,0.012667,1,18.33
2023-02-19T19:50:00Z,687536,0.011366,1,17.33
2023-02-19T20:50:00Z,687542,0.017434,1,16.33
2023-02-19T21:50:00Z,687548,0.017561,1,15.33
2023-02-19T22:50:00Z,687554,0.015382,1,14.33
2023-02-19T23:50:00Z,687560,0.022793,1,13.33
2023-02-20T00:50:00Z,687566,0.028566,1,12.33
2023-02-20T01:50:00Z,687572,0.028207,1,11.33
2023-02-20T02:50:00Z,687578,0.025868,1,10.33
2023-02-20T03:50:00Z,687584,0.023008,1,9.33
2023-02-20T04:50:00Z,687590,0.020436,1,8.33
2023-02-20T05:50:00Z,687596,0.020137,1,7.33
2023-02-20T06:50:00Z,687602,0.011609,1,6.33
2023-02-20T07:50:00Z,687608,0.016851,1,5.33
2023-02-20T08:50:00Z,687614,0.014604,1,4.33
2023-02-20T09:50:00Z,687620,0.021669,1,3.33
2023-02-20T10:50:00Z,687626,0.023478,1,2.33
2023-02-20T11:50:00Z,687632,0.021584,1,1.33
2023-02-20T12:50:00Z,687638,0.015142,1,0.33
2023-02-20T13:50:00Z,687644,0.013516,1,4.50
2023-02-20T14:50:00Z,687650,0.009567,1,3.50
2023-02-20T15:50:00Z,687656,0.010927,1,2.50
2023-02-20T16:50:00Z,687662,0.009771,1,1.50
2023-02-20T17:50:00Z,687668,0.011167,1,0.50
2023-02-20T18:50:00Z,687674,0.013483,1,0.50
2023-02-20T19:50:00Z,687680,0.023417,1,3.00
2023-02-20T20:50:00Z,687686,0.016302,1,2.00
2023-02-20T21:50:00Z,687692,0.015741,1,1.00
2023-02-20T22:50:00Z,687698,0.012043,1,1.00
2023-02-20T23:50:00Z,687704,0.015346,1,4.17
2023-02-21T00:50:00Z,687710,0.015540,1,3.17
2023-02-21T01:50:00Z,687716,0.010343,1,2.17
2023-02-21T02:50:00Z,687722,0.010486,1,1.17
2023-02-21T03:50:00Z,687728,0.010285,1,0.17
2023-02-21T04:50:00Z,687734,0.011634,1,0.17
2023-02-21T05:50:00Z,687740,0.015663,1,0.17
2023-02-21T06:50:00Z,687746,0.023418,1,3.50
2023-02-21T07:50:00Z,687752,0.023500,1,2.50
2023-02-21T08:50:00Z,687758,0.029234,1,1.50
2023-02-21T09:50:00Z,687764,0.025593,1,0.50
2023-02-21T10:50:00Z,687770,0.028012,1,2.17
2023-02-21T11:50:00Z,687776,0.020310,1,1.17
2023-02-21T12:50:00Z,687782,0.021251,1,0.17
2023-02-21T13:50:00Z,687788,0.020172,1,0.17
2023-02-21T14:50:00Z,687794,0.021682,1,0.83
2023-02-21T15:50:00Z,687800,0.022316,1,1.00
2023-02-21T16:50:00Z,687806,0.020045,1,2.17
2023-02-21T17:50:00Z,687812,0.023296,1,1.17
2023-02-21T18:50:00Z,687818,0.022497,1,0.17
2023-02-21T19:50:00Z,687824,0.024224,1,1.33
2023-02-21T20:50:00Z,687830,0.015895,1,0.33
2023-02-21T21:50:00Z,687836,0.017595,1,1.33
2023-02-21T22:50:00Z,687842,0.016884,1,0.33
2023-02-21T23:50:00Z,687848,0.024813,1,9.67
2023-02-22T00:50:00Z,687854,0.020559,1,8.67
2023-02-22T01:50:00Z,687860,0.023522,1,7.67
2023-02-22T02:50:00Z,687866,0.017613,1,6.67
2023-02-22T03:50:00Z,687872,0.018661,1,5.67
2023-02-22T04:50:00Z,687878,0.021637,1,4.67
2023-02-22T05:50:00Z,687884,0.021153,1,3.67
2023-02-22T06:50:00Z,687890,0.021699,1,2.67
2023-02-22T07:50:00Z,687896,0.016185,1,1.67
2023-02-22T08:50:00Z,687902,0.024650,1,0.67
2023-02-22T09:50:00Z,687908,0.023032,1,0.67
2023-02-22T10:50:00Z,687914,0.025124,0,
2023-02-22T11:50:00Z,687920,0.022185,0,
2023-02-22T12:50:00Z,687926,0.016493,0,
2023-02-22T13:50:00Z,687932,0.013153,0,
2023-02-22T14:50:00Z,687938,0.011580,0,
2023-02-22T15:50:00Z,687944,0.013476,0,
2023-02-22T16:50:00Z,687950,0.014694,0,
2023-02-22T17:50:00Z,687956,0.012955,0,
2023-02-22T18:50:00Z,687962,0.017468,0,
2023-02-22T19:50:00Z,687968,0.010794,0,
2023-02-22T20:50:00Z,687974,0.010607,0,
2023-02-22T21:50:00Z,687980,0.006078,0,
2023-02-22T22:50:00Z,687986,0.005157,0,
2023-02-22T23:50:00Z,687992,0.004880,0,
2023-02-23T00:50:00Z,687998,0.003750,0,
2023-02-23T01:50:00Z,688004,0.004073,0,
2023-02-23T02:50:00Z,688010,0.004197,0,
2023-02-23T03:50:00Z,688016,0.003218,0,
2023-02-23T04:50:00Z,688022,0.005108,0,
2023-02-23T05:50:00Z,688028,0.006500,0,
2023-02-23T06:50:00Z,688034,0.006644,0,
2023-02-23T07:50:00Z,688040,0.008494,0,
2023-02-23T08:50:00Z,688046,0.005669,0,
2023-02-23T09:50:00Z,688052,0.006708,0,
2023-02-23T10:50:00Z,688058,0.006632,1,23.33
2023-02-23T11:50:00Z,688064,0.007701,1,22.33
2023-02-23T12:50:00Z,688070,0.005021,1,21.33
2023-02-23T13:50:00Z,688076,0.003276,1,20.33
2023-02-23T14:50:00Z,688082,0.003849,1,19.33
2023-02-23T15:50:00Z,688088,0.003685,1,18.33
2023-02-23T16:50:00Z,688094,0.003059,1,17.33
2023-02-23T17:50:00Z,688100,0.004032,1,16.33
2023-02-23T18:50:00Z,688106,0.005721,1,15.33
2023-02-23T19:50:00Z,688112,0.008416,1,14.33
2023-02-23T20:50:00Z,688118,0.012824,1,13.33
2023-02-23T21:50:00Z,688124,0.009857,1,12.33
2023-02-23T22:50:00Z,688130,0.008056,1,11.33
2023-02-23T23:50:00Z,688136,0.009475,1,10.33
2023-02-24T00:50:00Z,688142,0.008998,1,9.33
2023-02-24T01:50:00Z,688148,0.006978,1,8.33
2023-02-24T02:50:00Z,688154,0.006679,1,7.33
2023-02-24T03:50:00Z,688160,0.004356,1,6.33
2023-02-24T04:50:00Z,688166,0.005241,1,5.33
2023-02-24T05:50:00Z,688172,0.005804,1,4.33
2023-02-24T06:50:00Z,688178,0.005614,1,3.33
2023-02-24T07:50:00Z,688184,0.005030,1,2.33
2023-02-24T08:50:00Z,688190,0.002344,1,1.33
2023-02-24T09:50:00Z,688196,0.004334,1,0.33
2023-02-24T10:50:00Z,688202,0.003810,1,0.33
2023-02-24T11:50:00Z,688208,0.005155,1,0.83
2023-02-24T12:50:00Z,688214,0.004551,1,3.83
2023-02-24T13:50:00Z,688220,0.004030,1,2.83
2023-02-24T14:50:00Z,688226,0.005683,1,1.83
2023-02-24T15:50:00Z,688232,0.006873,1,0.83
2023-02-24T16:50:00Z,688238,0.004305,0,
2023-02-24T17:50:00Z,688244,0.004968,0,
2023-02-24T18:50:00Z,688250,0.005965,0,
2023-02-24T19:50:00Z,688256,0.004746,0,
2023-02-24T20:50:00Z,688262,0.004656,0,
2023-02-24T21:50:00Z,688268,0.003824,0,
2023-02-24T22:50:00Z,688274,0.003236,0,
2023-02-24T23:50:00Z,688280,0.004187,0,
2023-02-25T00:50:00Z,688286,0.003231,0,
2023-02-25T01:50:00Z,688292,0.003646,0,
2023-02-25T02:50:00Z,688298,0.004476,0,
2023-02-25T03:50:00Z,688304,0.004036,0,
2023-02-25T04:50:00Z,688310,0.003487,0,
2023-02-25T05:50:00Z,688316,0.002790,0,
2023-02-25T06:50:00Z,688322,0.002360,0,
2023-02-25T07:50:00Z,688328,0.003271,0,
2023-02-25T08:50:00Z,688334,0.002573,0,
2023-02-25T09:50:00Z,688340,0.003863,0,
2023-02-25T10:50:00Z,688346,0.003777,0,
2023-02-25T11:50:00Z,688352,0.003817,0,
2023-02-25T12:50:00Z,688358,0.004370,0,
2023-02-25T13:50:00Z,688364,0.006107,0,
2023-02-25T14:50:00Z,688370,0.005525,0,
2023-02-25T15:50:00Z,688376,0.005765,0,
2023-02-25T16:50:00Z,688382,0.007078,0,
2023-02-25T17:50:00Z,688388,0.005726,0,
2023-02-25T18:50:00Z,688394,0.004403,0,
2023-02-25T19:50:00Z,688400,0.003555,0,
2023-02-25T20:50:00Z,688406,0.004227,0,
2023-02-25T21:50:00Z,688412,0.003299,0,
2023-02-25T22:50:00Z,688418,0.003307,0,
2023-02-25T23:50:00Z,688424,0.002971,0,
2023-02-26T00:50:00Z,688430,0.002653,0,
2023-02-26T01:50:00Z,688436,0.003441,0,
2023-02-26T02:50:00Z,688442,0.001748,0,
2023-02-26T03:50:00Z,688448,0.003297,0,
2023-02-26T04:50:00Z,688454,0.003292,0,
2023-02-26T05:50:00Z,688460,0.004061,0,
2023-02-26T06:50:00Z,688466,0.003663,0,
2023-02-26T07:50:00Z,688472,0.003539,0,
2023-02-26T08:50:00Z,688478,0.004270,0,
2023-02-26T09:50:00Z,688484,0.003623,0,
2023-02-26T10:50:00Z,688490,0.003986,0,
2023-02-26T11:50:00Z,688496,0.003282,0,
2023-02-26T12:50:00Z,688502,0.003524,0,
2023-02-26T13:50:00Z,688508,0.004780,0,
2023-02-26T14:50:00Z,688514,0.004756,0,
2023-02-26T15:50:00Z,688520,0.004770,0,
2023-02-26T16:50:00Z,688526,0.005565,0,
2023-02-26T17:50:00Z,688532,0.005121,0,
2023-02-26T18:50:00Z,688538,0.005644,0,
2023-02-26T19:50:00Z,688544,0.005481,0,
2023-02-26T20:50:00Z,688550,0.004793,0,
2023-02-26T21:50:00Z,688556,0.004888,0,
2023-02-26T22:50:00Z,688562,0.003726,0,
2023-02-26T23:50:00Z,688568,0.004690,0,
2023-02-27T00:50:00Z,688574,0.004716,0,
2023-02-27T01:50:00Z,688580,0.005927,0,
2023-02-27T02:50:00Z,688586,0.007243,0,
2023-02-27T03:50:00Z,688592,0.006949,0,
2023-02-27T04:50:00Z,688598,0.005686,0,
2023-02-27T05:50:00Z,688604,0.004630,0,
2023-02-27T06:50:00Z,688610,0.004326,0,
2023-02-27T07:50:00Z,688616,0.004546,0,
2023-02-27T08:50:00Z,688622,0.004205,0,
2023-02-27T09:50:00Z,688628,0.003872,0,
2023-02-27T10:50:00Z,688634,0.003435,0,
2023-02-27T11:50:00Z,688640,0.003342,0,
2023-02-27T12:50:00Z,688646,0.003999,0,
2023-02-27T13:50:00Z,688652,0.004828,0,
2023-02-27T14:50:00Z,688658,0.004818,0,
2023-02-27T15:50:00Z,688664,0.005011,0,
2023-02-27T16:50:00Z,688670,0.005519,0,
2023-02-27T17:50:00Z,688676,0.005442,0,
2023-02-27T18:50:00Z,688682,0.004908,0,
2023-02-27T19:50:00Z,688688,0.004564,0,
2023-02-27T20:50:00Z,688694,0.003421,0,
2023-02-27T21:50:00Z,688700,0.004851,0,
2023-02-27T22:50:00Z,688706,0.006263,0,
2023-02-27T23:50:00Z,688712,0.006179,0,
2023-02-28T00:50:00Z,688718,0.008103,0,
2023-02-28T01:50:00Z,688724,0.006409,0,
2023-02-28T02:50:00Z,688730,0.008794,0,
2023-02-28T03:50:00Z,688736,0.009732,0,
2023-02-28T04:50:00Z,688742,0.008805,0,
2023-02-28T05:50:00Z,688748,0.005937,0,
2023-02-28T06:50:00Z,688754,0.005249,0,
2023-02-28T07:50:00Z,688760,0.006055,0,
2023-02-28T08:50:00Z,688766,0.005190,0,
2023-02-28T09:50:00Z,688772,0.003322,0,
2023-02-28T10:50:00Z,688778,0.003371,0,
2023-02-28T11:50:00Z,688784,0.003514,0,
2023-02-28T12:50:00Z,688790,0.004916,0,
2023-02-28T13:50:00Z,688796,0.004641,0,
2023-02-28T14:50:00Z,688802,0.003509,0,
2023-02-28T15:50:00Z,688808,0.004361,0,
2023-02-28T16:50:00Z,688814,0.004346,0,
2023-02-28T17:50:00Z,688820,0.004161,0,
2023-02-28T18:50:00Z,688826,0.004867,0,
2023-02-28T19:50:00Z,688832,0.004118,0,
2023-02-28T20:50:00Z,688838,0.004139,0,
2023-02-28T21:50:00Z,688844,0.003248,0,
2023-02-28T22:50:00Z,688850,0.003584,0,
2023-02-28T23:50:00Z,688856,0.003373,0,
2023-03-01T00:50:00Z,688862,0.003379,0,
2023-03-01T01:50:00Z,688868,0.002945,0,
2023-03-01T02:50:00Z,688874,0.002821,0,
2023-03-01T03:50:00Z,688880,0.003686,0,
2023-03-01T04:50:00Z,688886,0.003077,0,
2023-03-01T05:50:00Z,688892,0.003125,0,
2023-03-01T06:50:00Z,688898,0.004215,0,
2023-03-01T07:50:00Z,688904,0.002289,0,
2023-03-01T08:50:00Z,688910,0.004108,0,
2023-03-01T09:50:00Z,688916,0.005065,0,
2023-03-01T10:50:00Z,688922,0.003616,0,
2023-03-01T11:50:00Z,688928,0.003841,0,
2023-03-01T12:50:00Z,688934,0.004860,0,
2023-03-01T13:50:00Z,688940,0.004114,0,
2023-03-01T14:50:00Z,688946,0.005602,0,
2023-03-01T15:50:00Z,688952,0.005992,0,
2023-03-01T16:50:00Z,688958,0.005283,0,
2023-03-01T17:50:00Z,688964,0.005337,0,
2023-03-01T18:50:00Z,688970,0.004433,0,
2023-03-01T19:50:00Z,688976,0.005251,0,
2023-03-01T20:50:00Z,688982,0.003462,0,
2023-03-01T21:50:00Z,688988,0.004023,0,
2023-03-01T22:50:00Z,688994,0.003549,0,
2023-03-01T23:50:00Z,689000,0.003455,0,
2023-03-02T00:50:00Z,689006,0.006101,0,
2023-03-02T01:50:00Z,689012,0.006852,0,
2023-03-02T02:50:00Z,689018,0.007539,0,
2023-03-02T03:50:00Z,689024,0.009899,0,
2023-03-02T04:50:00Z,689030,0.009037,0,
2023-03-02T05:50:00Z,689036,0.004906,0,
2023-03-02T06:50:00Z,689042,0.010898,0,
2023-03-02T07:50:00Z,689048,0.012058,0,
2023-03-02T08:50:00Z,689054,0.011135,0,
2023-03-02T09:50:00Z,689060,0.007725,0,
2023-03-02T10:50:00Z,689066,0.007186,0,
2023-03-02T11:50:00Z,689072,0.007748,0,
2023-03-02T12:50:00Z,689078,0.004256,0,
2023-03-02T13:50:00Z,689084,0.004339,0,
2023-03-02T14:50:00Z,689090,0.004949,0,
2023-03-02T15:50:00Z,689096,0.006124,0,
2023-03-02T16:50:00Z,689102,0.006458,0,
2023-03-02T17:50:00Z,689108,0.006093,0,
2023-03-02T18:50:00Z,689114,0.004592,0,
2023-03-02T19:50:00Z,689120,0.005717,0,
2023-03-02T20:50:00Z,689126,0.004590,0,
2023-03-02T21:50:00Z,689132,0.005052,0,
2023-03-02T22:50:00Z,689138,0.004039,0,
2023-03-02T23:50:00Z,689144,0.004871,0,
2023-03-03T00:50:00Z,689150,0.004255,0,
2023-03-03T01:50:00Z,689156,0.004500,0,
2023-03-03T02:50:00Z,689162,0.004146,0,
2023-03-03T03:50:00Z,689168,0.003904,0,
2023-03-03T04:50:00Z,689174,0.004705,0,
2023-03-03T05:50:00Z,689180,0.004503,0,
2023-03-03T06:50:00Z,689186,0.003556,0,
2023-03-03T07:50:00Z,689192,0.004331,0,
2023-03-03T08:50:00Z,689198,0.003933,0,
2023-03-03T09:50:00Z,689204,0.004539,0,
2023-03-03T10:50:00Z,689210,0.003902,0,
2023-03-03T11:50:00Z,689216,0.003380,0,
2023-03-03T12:50:00Z,689222,0.003943,0,
2023-03-03T13:50:00Z,689228,0.002772,0,
2023-03-03T14:50:00Z,689234,0.003869,0,
2023-03-03T15:50:00Z,689240,0.005841,0,
2023-03-03T16:50:00Z,689246,0.005555,0,
2023-03-03T17:50:00Z,689252,0.006573,0,
2023-03-03T18:50:00Z,689258,0.006044,0,
2023-03-03T19:50:00Z,689264,0.005821,0,
2023-03-03T20:50:00Z,689270,0.005591,0,
2023-03-03T21:50:00Z,689276,0.005255,0,
2023-03-03T22:50:00Z,689282,0.005182,0,
2023-03-03T23:50:00Z,689288,0.006021,0,
2023-03-04T00:50:00Z,689294,0.004072,0,
2023-03-04T01:50:00Z,689300,0.003668,0,
2023-03-04T02:50:00Z,689306,0.005507,0,
2023-03-04T03:50:00Z,689312,0.004900,0,
2023-03-04T04:50:00Z,689318,0.004155,0,
2023-03-04T05:50:00Z,689324,0.005645,0,
2023-03-04T06:50:00Z,689330,0.003314,0,
2023-03-04T07:50:00Z,689336,0.005247,0,
2023-03-04T08:50:00Z,689342,0.005365,0,
2023-03-04T09:50:00Z,689348,0.006597,0,
2023-03-04T10:50:00Z,689354,0.006046,0,
2023-03-04T11:50:00Z,689360,0.005141,0,
2023-03-04T12:50:00Z,689366,0.005139,0,
2023-03-04T13:50:00Z,689372,0.005206,0,
2023-03-04T14:50:00Z,689378,0.006244,0,
2023-03-04T15:50:00Z,689384,0.007935,0,
2023-03-04T16:50:00Z,689390,0.010754,0,
2023-03-04T17:50:00Z,689396,0.012140,0,
2023-03-04T18:50:00Z,689402,0.012230,0,
2023-03-04T19:50:00Z,689408,0.013977,0,
2023-03-04T20:50:00Z,689414,0.012593,0,
2023-03-04T21:50:00Z,689420,0.014604,0,
2023-03-04T22:50:00Z,689426,0.016468,0,
2023-03-04T23:50:00Z,689432,0.017880,0,
2023-03-05T00:50:00Z,689438,0.015264,0,
2023-03-05T01:50:00Z,689444,0.013866,0,
2023-03-05T02:50:00Z,689450,0.013519,0,
2023-03-05T03:50:00Z,689456,0.013213,0,
2023-03-05T04:50:00Z,689462,0.008843,0,
2023-03-05T05:50:00Z,689468,0.005886,0,
2023-03-05T06:50:00Z,689474,0.006752,0,
2023-03-05T07:50:00Z,689480,0.005806,0,
2023-03-05T08:50:00Z,689486,0.008936,0,
2023-03-05T09:50:00Z,689492,0.012329,0,
2023-03-05T10:50:00Z,689498,0.011479,0,
2023-03-05T11:50:00Z,689504,0.010666,0,
2023-03-05T12:50:00Z,689510,0.014074,0,
2023-03-05T13:50:00Z,689516,0.013940,0,
2023-03-05T14:50:00Z,689522,0.013256,0,
2023-03-05T15:50:00Z,689528,0.011708,0,
2023-03-05T16:50:00Z,689534,0.009670,0,
2023-03-05T17:50:00Z,689540,0.010022,0,
2023-03-05T18:50:00Z,689546,0.011546,0,
2023-03-05T19:50:00Z,689552,0.014153,0,
2023-03-05T20:50:00Z,689558,0.016198,0,
2023-03-05T21:50:00Z,689564,0.018770,0,
2023-03-05T22:50:00Z,689570,0.019280,0,
2023-03-05T23:50:00Z,689576,0.020908,0,
2023-03-06T00:50:00Z,689582,0.011272,0,
2023-03-06T01:50:00Z,689588,0.008773,0,
2023-03-06T02:50:00Z,689594,0.011179,0,
2023-03-06T03:50:00Z,689600,0.009906,0,
2023-03-06T04:50:00Z,689606,0.009599,0,
2023-03-06T05:50:00Z,689612,0.009582,0,
2023-03-06T06:50:00Z,689618,0.012234,0,
2023-03-06T07:50:00Z,689624,0.013295,0,
2023-03-06T08:50:00Z,689630,0.015874,0,
2023-03-06T09:50:00Z,689636,0.005248,0,
2023-03-06T10:50:00Z,689642,0.011250,0,
2023-03-06T11:50:00Z,689648,0.008932,0,
2023-03-06T12:50:00Z,689654,0.009176,0,
2023-03-06T13:50:00Z,689660,0.009203,0,
2023-03-06T14:50:00Z,689666,0.009470,0,
2023-03-06T15:50:00Z,689672,0.007877,0,
2023-03-06T16:50:00Z,689678,0.008953,0,
2023-03-06T17:50:00Z,689684,0.008053,0,
2023-03-06T18:50:00Z,689690,0.006880,0,
2023-03-06T19:50:00Z,689696,0.007250,0,
2023-03-06T20:50:00Z,689702,0.006972,0,
2023-03-06T21:50:00Z,689708,0.005936,0,
2023-03-06T22:50:00Z,689714,0.005821,0,
2023-03-06T23:50:00Z,689720,0.006537,0,
2023-03-07T00:50:00Z,689726,0.008226,0,
2023-03-07T01:50:00Z,689732,0.012326,0,
2023-03-07T02:50:00Z,689738,0.017446,0,
2023-03-07T03:50:00Z,689744,0.017905,0,
2023-03-07T04:50:00Z,689750,0.013000,0,
2023-03-07T05:50:00Z,689756,0.009780,0,
2023-03-07T06:50:00Z,689762,0.009625,0,
2023-03-07T07:50:00Z,689768,0.014976,0,
2023-03-07T08:50:00Z,689774,0.013913,0,
2023-03-07T09:50:00Z,689780,0.015342,0,
2023-03-07T10:50:00Z,689786,0.016370,0,
2023-03-07T11:50:00Z,689792,0.014970,0,
2023-03-07T12:50:00Z,689798,0.011318,0,
2023-03-07T13:50:00Z,689804,0.008267,0,
2023-03-07T14:50:00Z,689810,0.010293,0,
2023-03-07T15:50:00Z,689816,0.009302,0,
2023-03-07T16:50:00Z,689822,0.010334,0,
2023-03-07T17:50:00Z,689828,0.008035,0,
2023-03-07T18:50:00Z,689834,0.009832,0,
2023-03-07T19:50:00Z,689840,0.013251,0,
2023-03-07T20:50:00Z,689846,0.007774,0,
2023-03-07T21:50:00Z,689852,0.010999,0,
2023-03-07T22:50:00Z,689858,0.008028,0,
2023-03-07T23:50:00Z,689864,0.009331,0,
2023-03-08T00:50:00Z,689870,0.008846,0,
2023-03-08T01:50:00Z,689876,0.011153,0,
2023-03-08T02:50:00Z,689882,0.010497,0,
2023-03-08T03:50:00Z,689888,0.012876,0,
2023-03-08T04:50:00Z,689894,0.013497,0,
2023-03-08T05:50:00Z,689900,0.014035,0,
2023-03-08T06:50:00Z,689906,0.007920,0,
2023-03-08T07:50:00Z,689912,0.012408,0,
2023-03-08T08:50:00Z,689918,0.008264,0,
2023-03-08T09:50:00Z,689924,0.007984,0,
2023-03-08T10:50:00Z,689930,0.006306,0,
2023-03-08T11:50:00Z,689936,0.005660,0,
2023-03-08T12:50:00Z,689942,0.006487,0,
2023-03-08T13:50:00Z,689948,0.005814,0,
2023-03-08T14:50:00Z,689954,0.005960,0,
2023-03-08T15:50:00Z,689960,0.006363,0,
2023-03-08T16:50:00Z,689966,0.006828,0,
2023-03-08T17:50:00Z,689972,0.006428,0,
2023-03-08T18:50:00Z,689978,0.006027,0,
2023-03-08T19:50:00Z,689984,0.004181,0,
2023-03-08T20:50:00Z,689990,0.004832,0,
2023-03-08T21:50:00Z,689996,0.004798,0,
2023-03-08T22:50:00Z,690002,0.004311,0,
2023-03-08T23:50:00Z,690008,0.003461,0,
2023-03-09T00:50:00Z,690014,0.003547,0,
2023-03-09T01:50:00Z,690020,0.004585,0,
2023-03-09T02:50:00Z,690026,0.003078,0,
2023-03-09T03:50:00Z,690032,0.004602,0,
2023-03-09T04:50:00Z,690038,0.008139,0,
2023-03-09T05:50:00Z,690044,0.006668,0,
2023-03-09T06:50:00Z,690050,0.009380,0,
2023-03-09T07:50:00Z,690056,0.007595,0,
2023-03-09T08:50:00Z,690062,0.007320,0,
2023-03-09T09:50:00Z,690068,0.005487,0,
2023-03-09T10:50:00Z,690074,0.007491,0,
2023-03-09T11:50:00Z,690080,0.006609,0,
2023-03-09T12:50:00Z,690086,0.007316,0,
2023-03-09T13:50:00Z,690092,0.005519,0,
2023-03-09T14:50:00Z,690098,0.003163,0,
2023-03-09T15:50:00Z,690104,0.005203,0,
2023-03-09T16:50:00Z,690110,0.004018,0,
2023-03-09T17:50:00Z,690116,0.003650,0,
2023-03-09T18:50:00Z,690122,0.002839,0,
2023-03-09T19:50:00Z,690128,0.003719,0,
2023-03-09T20:50:00Z,690134,0.004994,0,
2023-03-09T21:50:00Z,690140,0.003734,0,
2023-03-09T22:50:00Z,690146,0.005405,0,
2023-03-09T23:50:00Z,690152,0.005768,0,
2023-03-10T00:50:00Z,690158,0.007391,0,
2023-03-10T01:50:00Z,690164,0.009358,0,
2023-03-10T02:50:00Z,690170,0.009577,0,
2023-03-10T03:50:00Z,690176,0.011449,0,
2023-03-10T04:50:00Z,690182,0.013596,0,
2023-03-10T05:50:00Z,690188,0.013781,0,
2023-03-10T06:50:00Z,690194,0.014752,0,
2023-03-10T07:50:00Z,690200,0.015465,0,
2023-03-10T08:50:00Z,690206,0.015081,0,
2023-03-10T09:50:00Z,690212,0.013622,0,
2023-03-10T10:50:00Z,690218,0.011774,0,
2023-03-10T11:50:00Z,690224,0.010374,0,
2023-03-10T12:50:00Z,690230,0.008614,0,
2023-03-10T13:50:00Z,690236,0.004103,0,
2023-03-10T14:50:00Z,690242,0.006422,0,
2023-03-10T15:50:00Z,690248,0.002294,0,
2023-03-10T16:50:00Z,690254,0.005003,0,
2023-03-10T17:50:00Z,690260,0.006135,0,
2023-03-10T18:50:00Z,690266,0.006231,0,
2023-03-10T19:50:00Z,690272,0.006140,0,
2023-03-10T20:50:00Z,690278,0.002332,0,
2023-03-10T21:50:00Z,690284,0.011721,0,
2023-03-10T22:50:00Z,690290,0.013419,0,
2023-03-10T23:50:00Z,690296,0.013934,0,
2023-03-11T00:50:00Z,690302,0.010146,0,
2023-03-11T01:50:00Z,690308,0.009974,0,
2023-03-11T02:50:00Z,690314,0.011388,0,
2023-03-11T03:50:00Z,690320,0.008701,0,
2023-03-11T04:50:00Z,690326,0.010105,0,
2023-03-11T05:50:00Z,690332,0.010638,1,23.67
2023-03-11T06:50:00Z,690338,0.010681,1,22.67
2023-03-11T07:50:00Z,690344,0.010667,1,21.67
2023-03-11T08:50:00Z,690350,0.011834,1,20.67
2023-03-11T09:50:00Z,690356,0.010292,1,19.67
2023-03-11T10:50:00Z,690362,0.010936,1,18.67
2023-03-11T11:50:00Z,690368,0.009668,1,17.67
2023-03-11T12:50:00Z,690374,0.013262,1,16.67
2023-03-11T13:50:00Z,690380,0.015033,1,15.67
2023-03-11T14:50:00Z,690386,0.013033,1,14.67
2023-03-11T15:50:00Z,690392,0.011335,1,13.67
2023-03-11T16:50:00Z,690398,0.011318,1,12.67
2023-03-11T17:50:00Z,690404,0.009391,1,11.67
2023-03-11T18:50:00Z,690410,0.008099,1,10.67
2023-03-11T19:50:00Z,690416,0.008593,1,9.67
2023-03-11T20:50:00Z,690422,0.007687,1,8.67
2023-03-11T21:50:00Z,690428,0.007551,1,7.67
2023-03-11T22:50:00Z,690434,0.008947,1,6.67
2023-03-11T23:50:00Z,690440,0.006960,1,5.67
2023-03-12T00:50:00Z,690446,0.007011,1,4.67
2023-03-12T01:50:00Z,690452,0.006665,1,3.67
2023-03-12T02:50:00Z,690458,0.010470,1,2.67
2023-03-12T03:50:00Z,690464,0.011689,1,1.67
2023-03-12T04:50:00Z,690470,0.013879,1,0.67
2023-03-12T05:50:00Z,690476,0.013229,1,0.67
2023-03-12T06:50:00Z,690482,0.017346,1,4.83
2023-03-12T07:50:00Z,690488,0.011089,1,3.83
2023-03-12T08:50:00Z,690494,0.007512,1,2.83
2023-03-12T09:50:00Z,690500,0.007767,1,1.83
2023-03-12T10:50:00Z,690506,0.008172,1,0.83
2023-03-12T11:50:00Z,690512,0.009138,0,
2023-03-12T12:50:00Z,690518,0.013678,0,
2023-03-12T13:50:00Z,690524,0.026004,0,
2023-03-12T14:50:00Z,690530,0.021276,0,
2023-03-12T15:50:00Z,690536,0.025764,0,
2023-03-12T16:50:00Z,690542,0.021196,0,
2023-03-12T17:50:00Z,690548,0.022210,0,
2023-03-12T18:50:00Z,690554,0.014378,0,
2023-03-12T19:50:00Z,690560,0.019905,1,23.17
2023-03-12T20:50:00Z,690566,0.016892,1,22.17
2023-03-12T21:50:00Z,690572,0.021925,1,21.17
2023-03-12T22:50:00Z,690578,0.024214,1,20.17
2023-03-12T23:50:00Z,690584,0.022784,1,19.17
2023-03-13T00:50:00Z,690590,0.026513,1,18.17
2023-03-13T01:50:00Z,690596,0.027819,1,17.17
2023-03-13T02:50:00Z,690602,0.023490,1,16.17
2023-03-13T03:50:00Z,690608,0.024420,1,15.17
2023-03-13T04:50:00Z,690614,0.030012,1,14.17
2023-03-13T05:50:00Z,690620,0.028988,1,13.17
2023-03-13T06:50:00Z,690626,0.033679,1,12.17
2023-03-13T07:50:00Z,690632,0.033575,1,11.17
2023-03-13T08:50:00Z,690638,0.033699,1,10.17
2023-03-13T09:50:00Z,690644,0.034742,1,9.17
2023-03-13T10:50:00Z,690650,0.042104,1,8.17
2023-03-13T11:50:00Z,690656,0.035675,1,7.17
2023-03-13T12:50:00Z,690662,0.036876,1,6.17
2023-03-13T13:50:00Z,690668,0.033054,1,5.17
2023-03-13T14:50:00Z,690674,0.034674,1,4.17
2023-03-13T15:50:00Z,690680,0.034137,1,3.17
2023-03-13T16:50:00Z,690686,0.034117,1,2.17
2023-03-13T17:50:00Z,690692,0.034549,1,1.17
2023-03-13T18:50:00Z,690698,0.034538,1,0.17
2023-03-13T19:50:00Z,690704,0.035158,1,0.17
2023-03-13T20:50:00Z,690710,0.037151,1,1.33
2023-03-13T21:50:00Z,690716,0.033102,1,0.33
2023-03-13T22:50:00Z,690722,0.038842,0,
2023-03-13T23:50:00Z,690728,0.028520,0,
2023-03-14T00:50:00Z,690734,0.022454,0,
2023-03-14T01:50:00Z,690740,0.021517,0,
2023-03-14T02:50:00Z,690746,0.029735,0,
2023-03-14T03:50:00Z,690752,0.030298,0,
2023-03-14T04:50:00Z,690758,0.016087,0,
2023-03-14T05:50:00Z,690764,0.011820,0,
2023-03-14T06:50:00Z,690770,0.008788,0,
2023-03-14T07:50:00Z,690776,0.008079,0,
2023-03-14T08:50:00Z,690782,0.008957,0,
2023-03-14T09:50:00Z,690788,0.007980,0,
2023-03-14T10:50:00Z,690794,0.006993,0,
2023-03-14T11:50:00Z,690800,0.006420,0,
2023-03-14T12:50:00Z,690806,0.004856,0,
2023-03-14T13:50:00Z,690812,0.005269,0,
2023-03-14T14:50:00Z,690818,0.004499,0,
2023-03-14T15:50:00Z,690824,0.006772,0,
2023-03-14T16:50:00Z,690830,0.009952,0,
2023-03-14T17:50:00Z,690836,0.008454,0,
2023-03-14T18:50:00Z,690842,0.008095,0,
2023-03-14T19:50:00Z,690848,0.010603,0,
2023-03-14T20:50:00Z,690854,0.010552,0,
2023-03-14T21:50:00Z,690860,0.010569,0,
2023-03-14T22:50:00Z,690866,0.008987,0,
2023-03-14T23:50:00Z,690872,0.009410,0,
2023-03-15T00:50:00Z,690878,0.006100,0,
2023-03-15T01:50:00Z,690884,0.008005,0,
2023-03-15T02:50:00Z,690890,0.007243,0,
2023-03-15T03:50:00Z,690896,0.008683,0,
2023-03-15T04:50:00Z,690902,0.013208,0,
2023-03-15T05:50:00Z,690908,0.016206,1,23.33
2023-03-15T06:50:00Z,690914,0.015124,1,22.33
2023-03-15T07:50:00Z,690920,0.017082,1,21.33
2023-03-15T08:50:00Z,690926,0.016243,1,20.33
2023-03-15T09:50:00Z,690932,0.016303,1,19.33
2023-03-15T10:50:00Z,690938,0.018703,1,18.33
2023-03-15T11:50:00Z,690944,0.015008,1,17.33
2023-03-15T12:50:00Z,690950,0.012894,1,16.33
2023-03-15T13:50:00Z,690956,0.010126,1,15.33
2023-03-15T14:50:00Z,690962,0.009745,1,14.33
2023-03-15T15:50:00Z,690968,0.007316,1,13.33
2023-03-15T16:50:00Z,690974,0.010650,1,12.33
2023-03-15T17:50:00Z,690980,0.007158,1,11.33
2023-03-15T18:50:00Z,690986,0.006264,1,10.33
2023-03-15T19:50:00Z,690992,0.006610,1,9.33
2023-03-15T20:50:00Z,690998,0.006031,1,8.33
2023-03-15T21:50:00Z,691004,0.007463,1,7.33
2023-03-15T22:50:00Z,691010,0.006268,1,6.33
2023-03-15T23:50:00Z,691016,0.006288,1,5.33
2023-03-16T00:50:00Z,691022,0.006124,1,4.33
2023-03-16T01:50:00Z,691028,0.005359,1,3.33
2023-03-16T02:50:00Z,691034,0.005158,1,2.33
2023-03-16T03:50:00Z,691040,0.005268,1,1.33
2023-03-16T04:50:00Z,691046,0.009464,1,0.33
2023-03-16T05:50:00Z,691052,0.009665,1,1.67
2023-03-16T06:50:00Z,691058,0.014443,1,0.67
2023-03-16T07:50:00Z,691064,0.013879,1,1.67
2023-03-16T08:50:00Z,691070,0.022486,1,0.67
2023-03-16T09:50:00Z,691076,0.025514,1,0.83
2023-03-16T10:50:00Z,691082,0.031279,1,0.83
2023-03-16T11:50:00Z,691088,0.032242,1,2.00
2023-03-16T12:50:00Z,691094,0.031670,1,1.00
2023-03-16T13:50:00Z,691100,0.032574,1,1.33
2023-03-16T14:50:00Z,691106,0.029778,1,0.33
2023-03-16T15:50:00Z,691112,0.027681,1,1.67
2023-03-16T16:50:00Z,691118,0.027401,1,0.67
2023-03-16T17:50:00Z,691124,0.019671,1,14.67
2023-03-16T18:50:00Z,691130,0.026965,1,13.67
2023-03-16T19:50:00Z,691136,0.015124,1,12.67
2023-03-16T20:50:00Z,691142,0.032098,1,11.67
2023-03-16T21:50:00Z,691148,0.027181,1,10.67
2023-03-16T22:50:00Z,691154,0.024518,1,9.67
2023-03-16T23:50:00Z,691160,0.030240,1,8.67
2023-03-17T00:50:00Z,691166,0.023807,1,7.67
2023-03-17T01:50:00Z,691172,0.022946,1,6.67
2023-03-17T02:50:00Z,691178,0.022035,1,5.67
2023-03-17T03:50:00Z,691184,0.021292,1,4.67
2023-03-17T04:50:00Z,691190,0.023879,1,3.67
2023-03-17T05:50:00Z,691196,0.021441,1,2.67
2023-03-17T06:50:00Z,691202,0.023632,1,1.67
2023-03-17T07:50:00Z,691208,0.022963,1,0.67
2023-03-17T08:50:00Z,691214,0.020130,1,1.67
2023-03-17T09:50:00Z,691220,0.018301,1,0.67
2023-03-17T10:50:00Z,691226,0.019070,1,2.00
2023-03-17T11:50:00Z,691232,0.019540,1,1.00
2023-03-17T12:50:00Z,691238,0.013400,1,1.00
2023-03-17T13:50:00Z,691244,0.014927,1,1.17
2023-03-17T14:50:00Z,691250,0.015050,1,0.17
2023-03-17T15:50:00Z,691256,0.015127,1,1.00
2023-03-17T16:50:00Z,691262,0.018746,1,1.00
2023-03-17T17:50:00Z,691268,0.017791,1,1.00
2023-03-17T18:50:00Z,691274,0.014937,1,1.00
2023-03-17T19:50:00Z,691280,0.013527,1,1.00
2023-03-17T20:50:00Z,691286,0.014347,1,1.17
2023-03-17T21:50:00Z,691292,0.015453,1,0.17
2023-03-17T22:50:00Z,691298,0.010012,1,3.17
2023-03-17T23:50:00Z,691304,0.008844,1,2.17
2023-03-18T00:50:00Z,691310,0.007212,1,1.17
2023-03-18T01:50:00Z,691316,0.006431,1,0.17
2023-03-18T02:50:00Z,691322,0.009664,1,1.33
2023-03-18T03:50:00Z,691328,0.008781,1,0.33
2023-03-18T04:50:00Z,691334,0.012532,1,0.33
2023-03-18T05:50:00Z,691340,0.013543,0,
2023-03-18T06:50:00Z,691346,0.021392,0,
2023-03-18T07:50:00Z,691352,0.019071,0,
2023-03-18T08:50:00Z,691358,0.017120,0,
2023-03-18T09:50:00Z,691364,0.015681,0,
2023-03-18T10:50:00Z,691370,0.017973,0,
2023-03-18T11:50:00Z,691376,0.013018,0,
2023-03-18T12:50:00Z,691382,0.013878,0,
2023-03-18T13:50:00Z,691388,0.013281,0,
2023-03-18T14:50:00Z,691394,0.011830,0,
2023-03-18T15:50:00Z,691400,0.012250,0,
2023-03-18T16:50:00Z,691406,0.018583,0,
2023-03-18T17:50:00Z,691412,0.014892,0,
2023-03-18T18:50:00Z,691418,0.015446,0,
2023-03-18T19:50:00Z,691424,0.019661,0,
2023-03-18T20:50:00Z,691430,0.018578,0,
2023-03-18T21:50:00Z,691436,0.013864,0,
2023-03-18T22:50:00Z,691442,0.012936,0,
2023-03-18T23:50:00Z,691448,0.008876,0,
2023-03-19T00:50:00Z,691454,0.007008,0,
2023-03-19T01:50:00Z,691460,0.006337,0,
2023-03-19T02:50:00Z,691466,0.006122,0,
2023-03-19T03:50:00Z,691472,0.007635,0,
2023-03-19T04:50:00Z,691478,0.006095,0,
2023-03-19T05:50:00Z,691484,0.006261,0,
2023-03-19T06:50:00Z,691490,0.005740,0,
2023-03-19T07:50:00Z,691496,0.005669,0,
2023-03-19T08:50:00Z,691502,0.007442,0,
2023-03-19T09:50:00Z,691508,0.004181,0,
2023-03-19T10:50:00Z,691514,0.008290,0,
2023-03-19T11:50:00Z,691520,0.007362,0,
2023-03-19T12:50:00Z,691526,0.006881,0,
2023-03-19T13:50:00Z,691532,0.006764,0,
2023-03-19T14:50:00Z,691538,0.006618,0,
2023-03-19T15:50:00Z,691544,0.010324,0,
2023-03-19T16:50:00Z,691550,0.011838,0,
2023-03-19T17:50:00Z,691556,0.014043,0,
2023-03-19T18:50:00Z,691562,0.016935,0,
2023-03-19T19:50:00Z,691568,0.015832,0,
2023-03-19T20:50:00Z,691574,0.014278,0,
2023-03-19T21:50:00Z,691580,0.012647,0,
2023-03-19T22:50:00Z,691586,0.013269,0,
2023-03-19T23:50:00Z,691592,0.011731,0,
2023-03-20T00:50:00Z,691598,0.009358,0,
2023-03-20T01:50:00Z,691604,0.009586,0,
2023-03-20T02:50:00Z,691610,0.009808,0,
2023-03-20T03:50:00Z,691616,0.011037,0,
2023-03-20T04:50:00Z,691622,0.009027,0,
2023-03-20T05:50:00Z,691628,0.008381,0,
2023-03-20T06:50:00Z,691634,0.011498,0,
2023-03-20T07:50:00Z,691640,0.012491,0,
2023-03-20T08:50:00Z,691646,0.008870,0,
2023-03-20T09:50:00Z,691652,0.008663,0,
2023-03-20T10:50:00Z,691658,0.011184,0,
2023-03-20T11:50:00Z,691664,0.017163,0,
2023-03-20T12:50:00Z,691670,0.017119,0,
2023-03-20T13:50:00Z,691676,0.017745,0,
2023-03-20T14:50:00Z,691682,0.018495,0,
2023-03-20T15:50:00Z,691688,0.014152,0,
2023-03-20T16:50:00Z,691694,0.015428,0,
2023-03-20T17:50:00Z,691700,0.015653,0,
2023-03-20T18:50:00Z,691706,0.015868,0,
2023-03-20T19:50:00Z,691712,0.013804,0,
2023-03-20T20:50:00Z,691718,0.013413,0,
2023-03-20T21:50:00Z,691724,0.011778,0,
2023-03-20T22:50:00Z,691730,0.013607,0,
2023-03-20T23:50:00Z,691736,0.012544,0,
2023-03-21T00:50:00Z,691742,0.016192,0,
2023-03-21T01:50:00Z,691748,0.017705,0,
2023-03-21T02:50:00Z,691754,0.015518,0,
2023-03-21T03:50:00Z,691760,0.014022,0,
2023-03-21T04:50:00Z,691766,0.010464,0,
2023-03-21T05:50:00Z,691772,0.013757,0,
2023-03-21T06:50:00Z,691778,0.014069,0,
2023-03-21T07:50:00Z,691784,0.014129,0,
2023-03-21T08:50:00Z,691790,0.015087,0,
2023-03-21T09:50:00Z,691796,0.015115,0,
2023-03-21T10:50:00Z,691802,0.012988,0,
2023-03-21T11:50:00Z,691808,0.015198,0,
2023-03-21T12:50:00Z,691814,0.019241,0,
2023-03-21T13:50:00Z,691820,0.022327,0,
2023-03-21T14:50:00Z,691826,0.021188,0,
2023-03-21T15:50:00Z,691832,0.025909,0,
2023-03-21T16:50:00Z,691838,0.023012,0,
2023-03-21T17:50:00Z,691844,0.022547,0,
2023-03-21T18:50:00Z,691850,0.017582,0,
2023-03-21T19:50:00Z,691856,0.015582,0,
2023-03-21T20:50:00Z,691862,0.019716,0,
2023-03-21T21:50:00Z,691868,0.024343,0,
2023-03-21T22:50:00Z,691874,0.028485,0,
2023-03-21T23:50:00Z,691880,0.030001,0,
2023-03-22T00:50:00Z,691886,0.031062,0,
2023-03-22T01:50:00Z,691892,0.032623,0,
2023-03-22T02:50:00Z,691898,0.033773,0,
2023-03-22T03:50:00Z,691904,0.036002,0,
2023-03-22T04:50:00Z,691910,0.033197,0,
2023-03-22T05:50:00Z,691916,0.032719,0,
2023-03-22T06:50:00Z,691922,0.030948,0,
2023-03-22T07:50:00Z,691928,0.035103,0,
2023-03-22T08:50:00Z,691934,0.025999,0,
2023-03-22T09:50:00Z,691940,0.018047,0,
2023-03-22T10:50:00Z,691946,0.025775,0,
2023-03-22T11:50:00Z,691952,0.034572,0,
2023-03-22T12:50:00Z,691958,0.032327,0,
2023-03-22T13:50:00Z,691964,0.038167,0,
2023-03-22T14:50:00Z,691970,0.037575,0,
2023-03-22T15:50:00Z,691976,0.027214,0,
2023-03-22T16:50:00Z,691982,0.027554,0,
2023-03-22T17:50:00Z,691988,0.033993,0,
2023-03-22T18:50:00Z,691994,0.032772,0,
2023-03-22T19:50:00Z,692000,0.027692,0,
2023-03-22T20:50:00Z,692006,0.030458,0,
2023-03-22T21:50:00Z,692012,0.033704,0,
2023-03-22T22:50:00Z,692018,0.034228,0,
2023-03-22T23:50:00Z,692024,0.034868,0,
2023-03-23T00:50:00Z,692030,0.035940,0,
2023-03-23T01:50:00Z,692036,0.032786,0,
2023-03-23T02:50:00Z,692042,0.034972,0,
2023-03-23T03:50:00Z,692048,0.031106,0,
2023-03-23T04:50:00Z,692054,0.028347,0,
2023-03-23T05:50:00Z,692060,0.033257,0,
2023-03-23T06:50:00Z,692066,0.028366,0,
2023-03-23T07:50:00Z,692072,0.032558,0,
2023-03-23T08:50:00Z,692078,0.035872,0,
2023-03-23T09:50:00Z,692084,0.033832,0,
2023-03-23T10:50:00Z,692090,0.033864,0,
2023-03-23T11:50:00Z,692096,0.033650,0,
2023-03-23T12:50:00Z,692102,0.033228,0,
2023-03-23T13:50:00Z,692108,0.031414,0,
2023-03-23T14:50:00Z,692114,0.031798,0,
2023-03-23T15:50:00Z,692120,0.031804,0,
2023-03-23T16:50:00Z,692126,0.032770,0,
2023-03-23T17:50:00Z,692132,0.031868,0,
2023-03-23T18:50:00Z,692138,0.033342,0,
2023-03-23T19:50:00Z,692144,0.033693,0,
2023-03-23T20:50:00Z,692150,0.022122,0,
2023-03-23T21:50:00Z,692156,0.026094,0,
2023-03-23T22:50:00Z,692162,0.026730,0,
2023-03-23T23:50:00Z,692168,0.026794,0,
2023-03-24T00:50:00Z,692174,0.031039,0,
2023-03-24T01:50:00Z,692180,0.038721,0,
2023-03-24T02:50:00Z,692186,0.035866,0,
2023-03-24T03:50:00Z,692192,0.031735,0,
2023-03-24T04:50:00Z,692198,0.026516,0,
2023-03-24T05:50:00Z,692204,0.029959,0,
2023-03-24T06:50:00Z,692210,0.026562,0,
2023-03-24T07:50:00Z,692216,0.025893,0,
2023-03-24T08:50:00Z,692222,0.032199,0,
2023-03-24T09:50:00Z,692228,0.041408,0,
2023-03-24T10:50:00Z,692234,0.030343,0,
2023-03-24T11:50:00Z,692240,0.032415,0,
2023-03-24T12:50:00Z,692246,0.034458,0,
2023-03-24T13:50:00Z,692252,0.028601,0,
2023-03-24T14:50:00Z,692258,0.029815,0,
2023-03-24T15:50:00Z,692264,0.028443,0,
2023-03-24T16:50:00Z,692270,0.031149,0,
2023-03-24T17:50:00Z,692276,0.030148,0,
2023-03-24T18:50:00Z,692282,0.030485,0,
2023-03-24T19:50:00Z,692288,0.028701,0,
2023-03-24T20:50:00Z,692294,0.034707,0,
2023-03-24T21:50:00Z,692300,0.032940,0,
2023-03-24T22:50:00Z,692306,0.032745,0,
2023-03-24T23:50:00Z,692312,0.040489,0,
2023-03-25T00:50:00Z,692318,0.039702,0,
2023-03-25T01:50:00Z,692324,0.042339,0,
2023-03-25T02:50:00Z,692330,0.037524,0,
2023-03-25T03:50:00Z,692336,0.046251,0,
2023-03-25T04:50:00Z,692342,0.051978,0,
2023-03-25T05:50:00Z,692348,0.057513,0,
2023-03-25T06:50:00Z,692354,0.056332,0,
2023-03-25T07:50:00Z,692360,0.050334,0,
2023-03-25T08:50:00Z,692366,0.035872,0,
2023-03-25T09:50:00Z,692372,0.031829,0,
2023-03-25T10:50:00Z,692378,0.025474,0,
2023-03-25T11:50:00Z,692384,0.023279,0,
2023-03-25T12:50:00Z,692390,0.018012,0,
2023-03-25T13:50:00Z,692396,0.022712,0,
2023-03-25T14:50:00Z,692402,0.019354,0,
2023-03-25T15:50:00Z,692408,0.014440,0,
2023-03-25T16:50:00Z,692414,0.011191,0,
2023-03-25T17:50:00Z,692420,0.016337,0,
2023-03-25T18:50:00Z,692426,0.016901,0,
2023-03-25T19:50:00Z,692432,0.009304,0,
2023-03-25T20:50:00Z,692438,0.009845,0,
2023-03-25T21:50:00Z,692444,0.008848,0,
2023-03-25T22:50:00Z,692450,0.013231,0,
2023-03-25T23:50:00Z,692456,0.027133,0,
2023-03-26T00:50:00Z,692462,0.029626,0,
2023-03-26T01:50:00Z,692468,0.025268,0,
2023-03-26T02:50:00Z,692474,0.027791,0,
2023-03-26T03:50:00Z,692480,0.022723,0,
2023-03-26T04:50:00Z,692486,0.024740,0,
2023-03-26T05:50:00Z,692492,0.023087,0,
2023-03-26T06:50:00Z,692498,0.014851,0,
2023-03-26T07:50:00Z,692504,0.010619,0,
2023-03-26T08:50:00Z,692510,0.010028,0,
2023-03-26T09:50:00Z,692516,0.011805,0,
2023-03-26T10:50:00Z,692522,0.012585,0,
2023-03-26T11:50:00Z,692528,0.012230,0,
2023-03-26T12:50:00Z,692534,0.014708,0,
2023-03-26T13:50:00Z,692540,0.011980,0,
2023-03-26T14:50:00Z,692546,0.005133,0,
2023-03-26T15:50:00Z,692552,0.004139,0,
2023-03-26T16:50:00Z,692558,0.004413,0,
2023-03-26T17:50:00Z,692564,0.004022,0,
2023-03-26T18:50:00Z,692570,0.004234,0,
2023-03-26T19:50:00Z,692576,0.004259,0,
2023-03-26T20:50:00Z,692582,0.003853,0,
2023-03-26T21:50:00Z,692588,0.004063,0,
2023-03-26T22:50:00Z,692594,0.005176,0,
2023-03-26T23:50:00Z,692600,0.005709,0,
2023-03-27T00:50:00Z,692606,0.004392,0,
2023-03-27T01:50:00Z,692612,0.005430,0,
2023-03-27T02:50:00Z,692618,0.004921,0,
2023-03-27T03:50:00Z,692624,0.004882,0,
2023-03-27T04:50:00Z,692630,0.005740,0,
2023-03-27T05:50:00Z,692636,0.006765,0,
2023-03-27T06:50:00Z,692642,0.011671,0,
2023-03-27T07:50:00Z,692648,0.008530,0,
2023-03-27T08:50:00Z,692654,0.006076,0,
2023-03-27T09:50:00Z,692660,0.007169,0,
2023-03-27T10:50:00Z,692666,0.008870,0,
2023-03-27T11:50:00Z,692672,0.011212,0,
2023-03-27T12:50:00Z,692678,0.012736,0,
2023-03-27T13:50:00Z,692684,0.012767,0,
2023-03-27T14:50:00Z,692690,0.015008,0,
2023-03-27T15:50:00Z,692696,0.015133,0,
2023-03-27T16:50:00Z,692702,0.018791,0,
2023-03-27T17:50:00Z,692708,0.019712,0,
2023-03-27T18:50:00Z,692714,0.013683,0,
2023-03-27T19:50:00Z,692720,0.011492,0,
2023-03-27T20:50:00Z,692726,0.010768,0,
2023-03-27T21:50:00Z,692732,0.016761,0,
2023-03-27T22:50:00Z,692738,0.013408,0,
2023-03-27T23:50:00Z,692744,0.010116,0,
2023-03-28T00:50:00Z,692750,0.011766,0,
2023-03-28T01:50:00Z,692756,0.013768,0,
2023-03-28T02:50:00Z,692762,0.010153,0,
2023-03-28T03:50:00Z,692768,0.011130,0,
2023-03-28T04:50:00Z,692774,0.010062,0,
2023-03-28T05:50:00Z,692780,0.008182,0,
2023-03-28T06:50:00Z,692786,0.007003,0,
2023-03-28T07:50:00Z,692792,0.007062,0,
2023-03-28T08:50:00Z,692798,0.007832,0,
2023-03-28T09:50:00Z,692804,0.006300,0,
2023-03-28T10:50:00Z,692810,0.005565,0,
2023-03-28T11:50:00Z,692816,0.007014,0,
2023-03-28T12:50:00Z,692822,0.010234,0,
2023-03-28T13:50:00Z,692828,0.013641,0,
2023-03-28T14:50:00Z,692834,0.014320,0,
2023-03-28T15:50:00Z,692840,0.015098,0,
2023-03-28T16:50:00Z,692846,0.016025,0,
2023-03-28T17:50:00Z,692852,0.013346,0,
2023-03-28T18:50:00Z,692858,0.015095,0,
2023-03-28T19:50:00Z,692864,0.018208,0,
2023-03-28T20:50:00Z,692870,0.010187,0,
2023-03-28T21:50:00Z,692876,0.008664,0,
2023-03-28T22:50:00Z,692882,0.008154,0,
2023-03-28T23:50:00Z,692888,0.008257,0,
2023-03-29T00:50:00Z,692894,0.008191,0,
2023-03-29T01:50:00Z,692900,0.008551,0,
2023-03-29T02:50:00Z,692906,0.008885,0,
2023-03-29T03:50:00Z,692912,0.009053,0,
2023-03-29T04:50:00Z,692918,0.009397,0,
2023-03-29T05:50:00Z,692924,0.009902,0,
2023-03-29T06:50:00Z,692930,0.010474,0,
2023-03-29T07:50:00Z,692936,0.011964,0,
2023-03-29T08:50:00Z,692942,0.010952,0,
2023-03-29T09:50:00Z,692948,0.009947,0,
2023-03-29T10:50:00Z,692954,0.009534,0,
2023-03-29T11:50:00Z,692960,0.014150,0,
2023-03-29T12:50:00Z,692966,0.017459,0,
2023-03-29T13:50:00Z,692972,0.018826,0,
2023-03-29T14:50:00Z,692978,0.013788,0,
2023-03-29T15:50:00Z,692984,0.015534,0,
2023-03-29T16:50:00Z,692990,0.014068,0,
2023-03-29T17:50:00Z,692996,0.013392,0,
2023-03-29T18:50:00Z,693002,0.010679,0,
2023-03-29T19:50:00Z,693008,0.013833,0,
2023-03-29T20:50:00Z,693014,0.013323,0,
2023-03-29T21:50:00Z,693020,0.012179,0,
2023-03-29T22:50:00Z,693026,0.010573,0,
2023-03-29T23:50:00Z,693032,0.014505,0,
2023-03-30T00:50:00Z,693038,0.016614,0,
2023-03-30T01:50:00Z,693044,0.019979,0,
2023-03-30T02:50:00Z,693050,0.023668,0,
2023-03-30T03:50:00Z,693056,0.029321,0,
2023-03-30T04:50:00Z,693062,0.023147,0,
2023-03-30T05:50:00Z,693068,0.021285,0,
2023-03-30T06:50:00Z,693074,0.020923,0,
2023-03-30T07:50:00Z,693080,0.019902,0,
2023-03-30T08:50:00Z,693086,0.019367,0,
2023-03-30T09:50:00Z,693092,0.023318,0,
2023-03-30T10:50:00Z,693098,0.024324,0,
2023-03-30T11:50:00Z,693104,0.026434,0,
2023-03-30T12:50:00Z,693110,0.025845,0,
2023-03-30T13:50:00Z,693116,0.030444,0,
2023-03-30T14:50:00Z,693122,0.033911,0,
2023-03-30T15:50:00Z,693128,0.033109,0,
2023-03-30T16:50:00Z,693134,0.030956,0,
2023-03-30T17:50:00Z,693140,0.029057,0,
2023-03-30T18:50:00Z,693146,0.020758,0,
2023-03-30T19:50:00Z,693152,0.014735,0,
2023-03-30T20:50:00Z,693158,0.015220,0,
2023-03-30T21:50:00Z,693164,0.015075,0,
2023-03-30T22:50:00Z,693170,0.013505,0,
2023-03-30T23:50:00Z,693176,0.010408,0,
2023-03-31T00:50:00Z,693182,0.013304,0,
2023-03-31T01:50:00Z,693188,0.011909,0,
2023-03-31T02:50:00Z,693194,0.012771,0,
2023-03-31T03:50:00Z,693200,0.013621,0,
2023-03-31T04:50:00Z,693206,0.012208,0,
2023-03-31T05:50:00Z,693212,0.016076,0,
2023-03-31T06:50:00Z,693218,0.015857,0,
2023-03-31T07:50:00Z,693224,0.013385,0,
2023-03-31T08:50:00Z,693230,0.013640,0,
2023-03-31T09:50:00Z,693236,0.020369,0,
2023-03-31T10:50:00Z,693242,0.014452,0,
2023-03-31T11:50:00Z,693248,0.023332,0,
2023-03-31T12:50:00Z,693254,0.008471,0,
2023-03-31T13:50:00Z,693260,0.010729,0,
2023-03-31T14:50:00Z,693266,0.008642,0,
2023-03-31T15:50:00Z,693272,0.006293,0,
2023-03-31T16:50:00Z,693278,0.005035,0,
2023-03-31T17:50:00Z,693284,0.004405,0,
2023-03-31T18:50:00Z,693290,0.004518,0,
2023-03-31T19:50:00Z,693296,0.004948,0,
2023-03-31T20:50:00Z,693302,0.004356,0,
2023-03-31T21:50:00Z,693308,0.005145,0,
2023-03-31T22:50:00Z,693314,0.004175,0,
2023-03-31T23:50:00Z,693320,0.004480,0,
2023-04-01T00:50:00Z,693326,0.005158,0,
2023-04-01T01:50:00Z,693332,0.005436,0,
2023-04-01T02:50:00Z,693338,0.005945,0,
2023-04-01T03:50:00Z,693344,0.003117,0,
2023-04-01T04:50:00Z,693350,0.005908,0,
2023-04-01T05:50:00Z,693356,0.003297,0,
2023-04-01T06:50:00Z,693362,0.003575,0,
2023-04-01T07:50:00Z,693368,0.003304,0,
2023-04-01T08:50:00Z,693374,0.003186,0,
2023-04-01T09:50:00Z,693380,0.002942,0,
2023-04-01T10:50:00Z,693386,0.003400,0,
2023-04-01T11:50:00Z,693392,0.003024,0,
2023-04-01T12:50:00Z,693398,0.003734,0,
2023-04-01T13:50:00Z,693404,0.003466,0,
2023-04-01T14:50:00Z,693410,0.003897,0,
2023-04-01T15:50:00Z,693416,0.006539,0,
2023-04-01T16:50:00Z,693422,0.003995,0,
2023-04-01T17:50:00Z,693428,0.003333,0,
2023-04-01T18:50:00Z,693434,0.006574,0,
2023-04-01T19:50:00Z,693440,0.006287,0,
2023-04-01T20:50:00Z,693446,0.005834,0,
2023-04-01T21:50:00Z,693452,0.007074,0,
2023-04-01T22:50:00Z,693458,0.005969,0,
2023-04-01T23:50:00Z,693464,0.004757,0,
2023-04-02T00:50:00Z,693470,0.004382,0,
2023-04-02T01:50:00Z,693476,0.003618,0,
2023-04-02T02:50:00Z,693482,0.003797,0,
2023-04-02T03:50:00Z,693488,0.003064,0,
2023-04-02T04:50:00Z,693494,0.003633,0,
2023-04-02T05:50:00Z,693500,0.003898,0,
2023-04-02T06:50:00Z,693506,0.004316,0,
2023-04-02T07:50:00Z,693512,0.004769,0,
2023-04-02T08:50:00Z,693518,0.004083,0,
2023-04-02T09:50:00Z,693524,0.003897,0,
2023-04-02T10:50:00Z,693530,0.004124,0,
2023-04-02T11:50:00Z,693536,0.005837,0,
2023-04-02T12:50:00Z,693542,0.003582,0,
2023-04-02T13:50:00Z,693548,0.004667,0,
2023-04-02T14:50:00Z,693554,0.004517,0,
2023-04-02T15:50:00Z,693560,0.003912,0,
2023-04-02T16:50:00Z,693566,0.004421,0,
2023-04-02T17:50:00Z,693572,0.004408,0,
2023-04-02T18:50:00Z,693578,0.005186,0,
2023-04-02T19:50:00Z,693584,0.005454,0,
2023-04-02T20:50:00Z,693590,0.004899,0,
2023-04-02T21:50:00Z,693596,0.004720,0,
2023-04-02T22:50:00Z,693602,0.005777,0,
2023-04-02T23:50:00Z,693608,0.005725,0,
2023-04-03T00:50:00Z,693614,0.005838,0,
2023-04-03T01:50:00Z,693620,0.005260,0,
2023-04-03T02:50:00Z,693626,0.005553,0,
2023-04-03T03:50:00Z,693632,0.006733,0,
2023-04-03T04:50:00Z,693638,0.005706,0,
2023-04-03T05:50:00Z,693644,0.006615,0,
2023-04-03T06:50:00Z,693650,0.010873,0,
2023-04-03T07:50:00Z,693656,0.010705,0,
2023-04-03T08:50:00Z,693662,0.013830,0,
2023-04-03T09:50:00Z,693668,0.015082,0,
2023-04-03T10:50:00Z,693674,0.013931,0,
2023-04-03T11:50:00Z,693680,0.013950,0,
2023-04-03T12:50:00Z,693686,0.012750,0,
2023-04-03T13:50:00Z,693692,0.010941,0,
2023-04-03T14:50:00Z,693698,0.011935,0,
2023-04-03T15:50:00Z,693704,0.011951,0,
2023-04-03T16:50:00Z,693710,0.011845,0,
2023-04-03T17:50:00Z,693716,0.012706,0,
2023-04-03T18:50:00Z,693722,0.009850,0,
2023-04-03T19:50:00Z,693728,0.007080,0,
2023-04-03T20:50:00Z,693734,0.009494,0,
2023-04-03T21:50:00Z,693740,0.008762,0,
2023-04-03T22:50:00Z,693746,0.010497,0,
2023-04-03T23:50:00Z,693752,0.012201,0,
2023-04-04T00:50:00Z,693758,0.013644,0,
2023-04-04T01:50:00Z,693764,0.012169,0,
2023-04-04T02:50:00Z,693770,0.014546,0,
2023-04-04T03:50:00Z,693776,0.015317,0,
2023-04-04T04:50:00Z,693782,0.015886,0,
2023-04-04T05:50:00Z,693788,0.013798,0,
2023-04-04T06:50:00Z,693794,0.013743,0,
2023-04-04T07:50:00Z,693800,0.013872,0,
2023-04-04T08:50:00Z,693806,0.015762,0,
2023-04-04T09:50:00Z,693812,0.006525,0,
2023-04-04T10:50:00Z,693818,0.014675,0,
2023-04-04T11:50:00Z,693824,0.016685,0,
2023-04-04T12:50:00Z,693830,0.014824,0,
2023-04-04T13:50:00Z,693836,0.017925,0,
2023-04-04T14:50:00Z,693842,0.020642,0,
2023-04-04T15:50:00Z,693848,0.020660,0,
2023-04-04T16:50:00Z,693854,0.017138,0,
2023-04-04T17:50:00Z,693860,0.017839,0,
2023-04-04T18:50:00Z,693866,0.018598,0,
2023-04-04T19:50:00Z,693872,0.015046,0,
2023-04-04T20:50:00Z,693878,0.014663,0,
2023-04-04T21:50:00Z,693884,0.013221,0,
2023-04-04T22:50:00Z,693890,0.011506,0,
2023-04-04T23:50:00Z,693896,0.009276,0,
2023-04-05T00:50:00Z,693902,0.012663,0,
2023-04-05T01:50:00Z,693908,0.015020,0,
2023-04-05T02:50:00Z,693914,0.010295,0,
2023-04-05T03:50:00Z,693920,0.010353,0,
2023-04-05T04:50:00Z,693926,0.010806,0,
2023-04-05T05:50:00Z,693932,0.008366,0,
2023-04-05T06:50:00Z,693938,0.013245,0,
2023-04-05T07:50:00Z,693944,0.014844,0,
2023-04-05T08:50:00Z,693950,0.017461,0,
2023-04-05T09:50:00Z,693956,0.018337,0,
2023-04-05T10:50:00Z,693962,0.017262,0,
2023-04-05T11:50:00Z,693968,0.018918,0,
2023-04-05T12:50:00Z,693974,0.013825,0,
2023-04-05T13:50:00Z,693980,0.011709,0,
2023-04-05T14:50:00Z,693986,0.008746,0,
2023-04-05T15:50:00Z,693992,0.008893,0,
2023-04-05T16:50:00Z,693998,0.008164,0,
2023-04-05T17:50:00Z,694004,0.008483,0,
2023-04-05T18:50:00Z,694010,0.007986,0,
2023-04-05T19:50:00Z,694016,0.005880,0,
2023-04-05T20:50:00Z,694022,0.006648,0,
2023-04-05T21:50:00Z,694028,0.006930,0,
2023-04-05T22:50:00Z,694034,0.007170,0,
2023-04-05T23:50:00Z,694040,0.007610,0,
2023-04-06T00:50:00Z,694046,0.007165,0,
2023-04-06T01:50:00Z,694052,0.006516,0,
2023-04-06T02:50:00Z,694058,0.006481,0,
2023-04-06T03:50:00Z,694064,0.005527,0,
2023-04-06T04:50:00Z,694070,0.005336,0,
2023-04-06T05:50:00Z,694076,0.003783,0,
2023-04-06T06:50:00Z,694082,0.007782,0,
2023-04-06T07:50:00Z,694088,0.006073,0,
2023-04-06T08:50:00Z,694094,0.007443,0,
2023-04-06T09:50:00Z,694100,0.007754,0,
2023-04-06T10:50:00Z,694106,0.005675,0,
2023-04-06T11:50:00Z,694112,0.005289,0,
2023-04-06T12:50:00Z,694118,0.007604,0,
2023-04-06T13:50:00Z,694124,0.006453,0,
2023-04-06T14:50:00Z,694130,0.006935,0,
2023-04-06T15:50:00Z,694136,0.006243,0,
2023-04-06T16:50:00Z,694142,0.005770,0,
2023-04-06T17:50:00Z,694148,0.006479,0,
2023-04-06T18:50:00Z,694154,0.005638,0,
2023-04-06T19:50:00Z,694160,0.004408,0,
2023-04-06T20:50:00Z,694166,0.004382,0,
2023-04-06T21:50:00Z,694172,0.004277,0,
2023-04-06T22:50:00Z,694178,0.005598,0,
2023-04-06T23:50:00Z,694184,0.005094,0,
2023-04-07T00:50:00Z,694190,0.004542,0,
2023-04-07T01:50:00Z,694196,0.003432,0,
2023-04-07T02:50:00Z,694202,0.004136,0,
2023-04-07T03:50:00Z,694208,0.003537,0,
2023-04-07T04:50:00Z,694214,0.003289,0,
2023-04-07T05:50:00Z,694220,0.004331,0,
2023-04-07T06:50:00Z,694226,0.004368,0,
2023-04-07T07:50:00Z,694232,0.003979,0,
2023-04-07T08:50:00Z,694238,0.008841,0,
2023-04-07T09:50:00Z,694244,0.009298,0,
2023-04-07T10:50:00Z,694250,0.015449,0,
2023-04-07T11:50:00Z,694256,0.015681,0,
2023-04-07T12:50:00Z,694262,0.020671,0,
2023-04-07T13:50:00Z,694268,0.009106,0,
2023-04-07T14:50:00Z,694274,0.022464,0,
2023-04-07T15:50:00Z,694280,0.024991,0,
2023-04-07T16:50:00Z,694286,0.010686,0,
2023-04-07T17:50:00Z,694292,0.027303,0,
2023-04-07T18:50:00Z,694298,0.019166,0,
2023-04-07T19:50:00Z,694304,0.015660,0,
2023-04-07T20:50:00Z,694310,0.006653,0,
2023-04-07T21:50:00Z,694316,0.010729,0,
2023-04-07T22:50:00Z,694322,0.008855,0,
2023-04-07T23:50:00Z,694328,0.009444,0,
2023-04-08T00:50:00Z,694334,0.007032,0,
2023-04-08T01:50:00Z,694340,0.007244,0,
2023-04-08T02:50:00Z,694346,0.009212,0,
2023-04-08T03:50:00Z,694352,0.012066,0,
2023-04-08T04:50:00Z,694358,0.014806,0,
2023-04-08T05:50:00Z,694364,0.016739,0,
2023-04-08T06:50:00Z,694370,0.016889,0,
2023-04-08T07:50:00Z,694376,0.016187,0,
2023-04-08T08:50:00Z,694382,0.018682,0,
2023-04-08T09:50:00Z,694388,0.020079,0,
2023-04-08T10:50:00Z,694394,0.016135,0,
2023-04-08T11:50:00Z,694400,0.018351,0,
2023-04-08T12:50:00Z,694406,0.020804,0,
2023-04-08T13:50:00Z,694412,0.018523,0,
2023-04-08T14:50:00Z,694418,0.019539,0,
2023-04-08T15:50:00Z,694424,0.019551,0,
2023-04-08T16:50:00Z,694430,0.015870,0,
2023-04-08T17:50:00Z,694436,0.013081,0,
2023-04-08T18:50:00Z,694442,0.009566,0,
2023-04-08T19:50:00Z,694448,0.006289,0,
2023-04-08T20:50:00Z,694454,0.005069,0,
2023-04-08T21:50:00Z,694460,0.005401,0,
2023-04-08T22:50:00Z,694466,0.004594,0,
2023-04-08T23:50:00Z,694472,0.005524,0,
2023-04-09T00:50:00Z,694478,0.005446,0,
2023-04-09T01:50:00Z,694484,0.005110,0,
2023-04-09T02:50:00Z,694490,0.004775,0,
2023-04-09T03:50:00Z,694496,0.009129,0,
2023-04-09T04:50:00Z,694502,0.011836,0,
2023-04-09T05:50:00Z,694508,0.012039,0,
2023-04-09T06:50:00Z,694514,0.016305,0,
2023-04-09T07:50:00Z,694520,0.014384,0,
2023-04-09T08:50:00Z,694526,0.012122,0,
2023-04-09T09:50:00Z,694532,0.014487,0,
2023-04-09T10:50:00Z,694538,0.013564,0,
2023-04-09T11:50:00Z,694544,0.007031,0,
2023-04-09T12:50:00Z,694550,0.008880,0,
2023-04-09T13:50:00Z,694556,0.009474,0,
2023-04-09T14:50:00Z,694562,0.008791,0,
2023-04-09T15:50:00Z,694568,0.008788,0,
2023-04-09T16:50:00Z,694574,0.006864,0,
2023-04-09T17:50:00Z,694580,0.005754,0,
2023-04-09T18:50:00Z,694586,0.005135,0,
2023-04-09T19:50:00Z,694592,0.005149,0,
2023-04-09T20:50:00Z,694598,0.004516,0,
2023-04-09T21:50:00Z,694604,0.009171,0,
2023-04-09T22:50:00Z,694610,0.006049,0,
2023-04-09T23:50:00Z,694616,0.009344,0,
2023-04-10T00:50:00Z,694622,0.008711,0,
2023-04-10T01:50:00Z,694628,0.007113,0,
2023-04-10T02:50:00Z,694634,0.003837,0,
2023-04-10T03:50:00Z,694640,0.004705,0,
2023-04-10T04:50:00Z,694646,0.003993,0,
2023-04-10T05:50:00Z,694652,0.004739,0,
2023-04-10T06:50:00Z,694658,0.009289,0,
2023-04-10T07:50:00Z,694664,0.010839,0,
2023-04-10T08:50:00Z,694670,0.011781,0,
2023-04-10T09:50:00Z,694676,0.006497,0,
2023-04-10T10:50:00Z,694682,0.006765,0,
2023-04-10T11:50:00Z,694688,0.015055,0,
2023-04-10T12:50:00Z,694694,0.016673,0,
2023-04-10T13:50:00Z,694700,0.022589,0,
2023-04-10T14:50:00Z,694706,0.021011,0,
2023-04-10T15:50:00Z,694712,0.021089,0,
2023-04-10T16:50:00Z,694718,0.022647,0,
2023-04-10T17:50:00Z,694724,0.025191,0,
2023-04-10T18:50:00Z,694730,0.024147,0,
2023-04-10T19:50:00Z,694736,0.022169,0,
2023-04-10T20:50:00Z,694742,0.020240,0,
2023-04-10T21:50:00Z,694748,0.020055,0,
2023-04-10T22:50:00Z,694754,0.028195,0,
2023-04-10T23:50:00Z,694760,0.023821,0,
2023-04-11T00:50:00Z,694766,0.027279,0,
2023-04-11T01:50:00Z,694772,0.033673,0,
2023-04-11T02:50:00Z,694778,0.034634,0,
2023-04-11T03:50:00Z,694784,0.033179,0,
2023-04-11T04:50:00Z,694790,0.019542,0,
2023-04-11T05:50:00Z,694796,0.012019,0,
2023-04-11T06:50:00Z,694802,0.011176,0,
2023-04-11T07:50:00Z,694808,0.010661,0,
2023-04-11T08:50:00Z,694814,0.009163,0,
2023-04-11T09:50:00Z,694820,0.010211,0,
2023-04-11T10:50:00Z,694826,0.021557,0,
2023-04-11T11:50:00Z,694832,0.014262,0,
2023-04-11T12:50:00Z,694838,0.021389,0,
2023-04-11T13:50:00Z,694844,0.024460,0,
2023-04-11T14:50:00Z,694850,0.032887,0,
2023-04-11T15:50:00Z,694856,0.033680,0,
2023-04-11T16:50:00Z,694862,0.035884,0,
2023-04-11T17:50:00Z,694868,0.038015,0,
2023-04-11T18:50:00Z,694874,0.040623,0,
2023-04-11T19:50:00Z,694880,0.037964,0,
2023-04-11T20:50:00Z,694886,0.036372,0,
2023-04-11T21:50:00Z,694892,0.034573,0,
2023-04-11T22:50:00Z,694898,0.035660,0,
2023-04-11T23:50:00Z,694904,0.038591,0,
2023-04-12T00:50:00Z,694910,0.038264,0,
2023-04-12T01:50:00Z,694916,0.031364,0,
2023-04-12T02:50:00Z,694922,0.019528,0,
2023-04-12T03:50:00Z,694928,0.016994,0,
2023-04-12T04:50:00Z,694934,0.017587,0,
2023-04-12T05:50:00Z,694940,0.015141,0,
2023-04-12T06:50:00Z,694946,0.014466,0,
2023-04-12T07:50:00Z,694952,0.014634,0,
2023-04-12T08:50:00Z,694958,0.020707,0,
2023-04-12T09:50:00Z,694964,0.025297,0,
2023-04-12T10:50:00Z,694970,0.035138,0,
2023-04-12T11:50:00Z,694976,0.035864,0,
2023-04-12T12:50:00Z,694982,0.038302,0,
2023-04-12T13:50:00Z,694988,0.039486,0,
2023-04-12T14:50:00Z,694994,0.033812,0,
2023-04-12T15:50:00Z,695000,0.041783,0,
2023-04-12T16:50:00Z,695006,0.036193,0,
2023-04-12T17:50:00Z,695012,0.022230,0,
2023-04-12T18:50:00Z,695018,0.017162,0,
2023-04-12T19:50:00Z,695024,0.016463,0,
2023-04-12T20:50:00Z,695030,0.013057,0,
2023-04-12T21:50:00Z,695036,0.012026,0,
2023-04-12T22:50:00Z,695042,0.011123,0,
2023-04-12T23:50:00Z,695048,0.012776,0,
2023-04-13T00:50:00Z,695054,0.019758,0,
2023-04-13T01:50:00Z,695060,0.021847,0,
2023-04-13T02:50:00Z,695066,0.021146,0,
2023-04-13T03:50:00Z,695072,0.020106,0,
2023-04-13T04:50:00Z,695078,0.018892,0,
2023-04-13T05:50:00Z,695084,0.018401,0,
2023-04-13T06:50:00Z,695090,0.019458,0,
2023-04-13T07:50:00Z,695096,0.020016,0,
2023-04-13T08:50:00Z,695102,0.020344,0,
2023-04-13T09:50:00Z,695108,0.026633,0,
2023-04-13T10:50:00Z,695114,0.031743,0,
2023-04-13T11:50:00Z,695120,0.028989,0,
2023-04-13T12:50:00Z,695126,0.026255,0,
2023-04-13T13:50:00Z,695132,0.027549,0,
2023-04-13T14:50:00Z,695138,0.026618,0,
2023-04-13T15:50:00Z,695144,0.022948,0,
2023-04-13T16:50:00Z,695150,0.018881,0,
2023-04-13T17:50:00Z,695156,0.017423,0,
2023-04-13T18:50:00Z,695162,0.011657,0,
2023-04-13T19:50:00Z,695168,0.009171,0,
2023-04-13T20:50:00Z,695174,0.008992,0,
2023-04-13T21:50:00Z,695180,0.015068,0,
2023-04-13T22:50:00Z,695186,0.011002,0,
2023-04-13T23:50:00Z,695192,0.013304,0,
2023-04-14T00:50:00Z,695198,0.015354,0,
2023-04-14T01:50:00Z,695204,0.010592,0,
2023-04-14T02:50:00Z,695210,0.011551,0,
2023-04-14T03:50:00Z,695216,0.015875,0,
2023-04-14T04:50:00Z,695222,0.010500,0,
2023-04-14T05:50:00Z,695228,0.013799,0,
2023-04-14T06:50:00Z,695234,0.011840,0,
2023-04-14T07:50:00Z,695240,0.013392,0,
2023-04-14T08:50:00Z,695246,0.016265,0,
2023-04-14T09:50:00Z,695252,0.016416,0,
2023-04-14T10:50:00Z,695258,0.017879,0,
2023-04-14T11:50:00Z,695264,0.018472,0,
2023-04-14T12:50:00Z,695270,0.017079,0,
2023-04-14T13:50:00Z,695276,0.025424,0,
2023-04-14T14:50:00Z,695282,0.020554,0,
2023-04-14T15:50:00Z,695288,0.018818,0,
2023-04-14T16:50:00Z,695294,0.016853,0,
2023-04-14T17:50:00Z,695300,0.018853,0,
2023-04-14T18:50:00Z,695306,0.016861,0,
2023-04-14T19:50:00Z,695312,0.018113,0,
2023-04-14T20:50:00Z,695318,0.016474,0,
2023-04-14T21:50:00Z,695324,0.014474,0,
2023-04-14T22:50:00Z,695330,0.019724,0,
2023-04-14T23:50:00Z,695336,0.006817,0,
2023-04-15T00:50:00Z,695342,0.013602,0,
2023-04-15T01:50:00Z,695348,0.009208,0,
2023-04-15T02:50:00Z,695354,0.008242,0,
2023-04-15T03:50:00Z,695360,0.008233,0,
2023-04-15T04:50:00Z,695366,0.005908,0,
2023-04-15T05:50:00Z,695372,0.004895,0,
2023-04-15T06:50:00Z,695378,0.006361,0,
2023-04-15T07:50:00Z,695384,0.005590,0,
2023-04-15T08:50:00Z,695390,0.004765,0,
2023-04-15T09:50:00Z,695396,0.007376,0,
2023-04-15T10:50:00Z,695402,0.008269,0,
2023-04-15T11:50:00Z,695408,0.009791,0,
2023-04-15T12:50:00Z,695414,0.010935,0,
2023-04-15T13:50:00Z,695420,0.012456,0,
2023-04-15T14:50:00Z,695426,0.012311,0,
2023-04-15T15:50:00Z,695432,0.015352,0,
2023-04-15T16:50:00Z,695438,0.011825,0,
2023-04-15T17:50:00Z,695444,0.013456,0,
2023-04-15T18:50:00Z,695450,0.014426,0,
2023-04-15T19:50:00Z,695456,0.019527,0,
2023-04-15T20:50:00Z,695462,0.020950,0,
2023-04-15T21:50:00Z,695468,0.018304,0,
2023-04-15T22:50:00Z,695474,0.015639,0,
2023-04-15T23:50:00Z,695480,0.018137,0,
2023-04-16T00:50:00Z,695486,0.019329,0,
2023-04-16T01:50:00Z,695492,0.020664,0,
2023-04-16T02:50:00Z,695498,0.024779,1,23.17
2023-04-16T03:50:00Z,695504,0.023902,1,22.17
2023-04-16T04:50:00Z,695510,0.022049,1,21.17
2023-04-16T05:50:00Z,695516,0.024786,1,20.17
2023-04-16T06:50:00Z,695522,0.024203,1,19.17
2023-04-16T07:50:00Z,695528,0.018598,1,18.17
2023-04-16T08:50:00Z,695534,0.013083,1,17.17
2023-04-16T09:50:00Z,695540,0.022357,1,16.17
2023-04-16T10:50:00Z,695546,0.025672,1,15.17
2023-04-16T11:50:00Z,695552,0.021015,1,14.17
2023-04-16T12:50:00Z,695558,0.016223,1,13.17
2023-04-16T13:50:00Z,695564,0.020038,1,12.17
2023-04-16T14:50:00Z,695570,0.018069,1,11.17
2023-04-16T15:50:00Z,695576,0.020239,1,10.17
2023-04-16T16:50:00Z,695582,0.015784,1,9.17
2023-04-16T17:50:00Z,695588,0.018949,1,8.17
2023-04-16T18:50:00Z,695594,0.022663,1,7.17
2023-04-16T19:50:00Z,695600,0.028160,1,6.17
2023-04-16T20:50:00Z,695606,0.024730,1,5.17
2023-04-16T21:50:00Z,695612,0.019842,1,4.17
2023-04-16T22:50:00Z,695618,0.019843,1,3.17
2023-04-16T23:50:00Z,695624,0.015612,1,2.17
2023-04-17T00:50:00Z,695630,0.019813,1,1.17
2023-04-17T01:50:00Z,695636,0.018374,1,0.17
2023-04-17T02:50:00Z,695642,0.016473,1,21.83
2023-04-17T03:50:00Z,695648,0.015761,1,20.83
2023-04-17T04:50:00Z,695654,0.015805,1,19.83
2023-04-17T05:50:00Z,695660,0.017198,1,18.83
2023-04-17T06:50:00Z,695666,0.013797,1,17.83
2023-04-17T07:50:00Z,695672,0.013097,1,16.83
2023-04-17T08:50:00Z,695678,0.012506,1,15.83
2023-04-17T09:50:00Z,695684,0.011880,1,14.83
2023-04-17T10:50:00Z,695690,0.011338,1,13.83
2023-04-17T11:50:00Z,695696,0.009365,1,12.83
2023-04-17T12:50:00Z,695702,0.014942,1,11.83
2023-04-17T13:50:00Z,695708,0.016320,1,10.83
2023-04-17T14:50:00Z,695714,0.014726,1,9.83
2023-04-17T15:50:00Z,695720,0.014947,1,8.83
2023-04-17T16:50:00Z,695726,0.014114,1,7.83
2023-04-17T17:50:00Z,695732,0.009058,1,6.83
2023-04-17T18:50:00Z,695738,0.008414,1,5.83
2023-04-17T19:50:00Z,695744,0.006027,1,4.83
2023-04-17T20:50:00Z,695750,0.006481,1,3.83
2023-04-17T21:50:00Z,695756,0.007180,1,2.83
2023-04-17T22:50:00Z,695762,0.006640,1,1.83
2023-04-17T23:50:00Z,695768,0.005280,1,0.83
2023-04-18T00:50:00Z,695774,0.005315,1,1.33
2023-04-18T01:50:00Z,695780,0.006096,1,0.33
2023-04-18T02:50:00Z,695786,0.006107,1,1.83
2023-04-18T03:50:00Z,695792,0.006561,1,0.83
2023-04-18T04:50:00Z,695798,0.005882,1,2.00
2023-04-18T05:50:00Z,695804,0.005733,1,1.00
2023-04-18T06:50:00Z,695810,0.005101,1,23.17
2023-04-18T07:50:00Z,695816,0.007096,1,22.17
2023-04-18T08:50:00Z,695822,0.005179,1,21.17
2023-04-18T09:50:00Z,695828,0.008253,1,20.17
2023-04-18T10:50:00Z,695834,0.013055,1,19.17
2023-04-18T11:50:00Z,695840,0.014788,1,18.17
2023-04-18T12:50:00Z,695846,0.015326,1,17.17
2023-04-18T13:50:00Z,695852,0.017908,1,16.17
2023-04-18T14:50:00Z,695858,0.014227,1,15.17
2023-04-18T15:50:00Z,695864,0.016891,1,14.17
2023-04-18T16:50:00Z,695870,0.017471,1,13.17
2023-04-18T17:50:00Z,695876,0.012984,1,12.17
2023-04-18T18:50:00Z,695882,0.010154,1,11.17
2023-04-18T19:50:00Z,695888,0.009247,1,10.17
2023-04-18T20:50:00Z,695894,0.007981,1,9.17
2023-04-18T21:50:00Z,695900,0.009981,1,8.17
2023-04-18T22:50:00Z,695906,0.012192,1,7.17
2023-04-18T23:50:00Z,695912,0.011419,1,6.17
2023-04-19T00:50:00Z,695918,0.009381,1,5.17
2023-04-19T01:50:00Z,695924,0.005781,1,4.17
2023-04-19T02:50:00Z,695930,0.005468,1,3.17
2023-04-19T03:50:00Z,695936,0.005350,1,2.17
2023-04-19T04:50:00Z,695942,0.005730,1,1.17
2023-04-19T05:50:00Z,695948,0.005885,1,0.17
2023-04-19T06:50:00Z,695954,0.008409,0,
2023-04-19T07:50:00Z,695960,0.007415,0,
2023-04-19T08:50:00Z,695966,0.006172,0,
2023-04-19T09:50:00Z,695972,0.006262,0,
2023-04-19T10:50:00Z,695978,0.012271,0,
2023-04-19T11:50:00Z,695984,0.012597,0,
2023-04-19T12:50:00Z,695990,0.012386,0,
2023-04-19T13:50:00Z,695996,0.012917,0,
2023-04-19T14:50:00Z,696002,0.014013,0,
2023-04-19T15:50:00Z,696008,0.015348,0,
2023-04-19T16:50:00Z,696014,0.014336,0,
2023-04-19T17:50:00Z,696020,0.014624,0,
2023-04-19T18:50:00Z,696026,0.013264,0,
2023-04-19T19:50:00Z,696032,0.016020,0,
2023-04-19T20:50:00Z,696038,0.013152,0,
2023-04-19T21:50:00Z,696044,0.012129,0,
2023-04-19T22:50:00Z,696050,0.012387,0,
2023-04-19T23:50:00Z,696056,0.012843,0,
2023-04-20T00:50:00Z,696062,0.010304,0,
2023-04-20T01:50:00Z,696068,0.006654,0,
2023-04-20T02:50:00Z,696074,0.005648,0,
2023-04-20T03:50:00Z,696080,0.005888,0,
2023-04-20T04:50:00Z,696086,0.005810,0,
2023-04-20T05:50:00Z,696092,0.006198,0,
2023-04-20T06:50:00Z,696098,0.005156,0,
2023-04-20T07:50:00Z,696104,0.006442,0,
2023-04-20T08:50:00Z,696110,0.006058,0,
2023-04-20T09:50:00Z,696116,0.010985,0,
2023-04-20T10:50:00Z,696122,0.014309,0,
2023-04-20T11:50:00Z,696128,0.013676,0,
2023-04-20T12:50:00Z,696134,0.016555,0,
2023-04-20T13:50:00Z,696140,0.015320,0,
2023-04-20T14:50:00Z,696146,0.015726,0,
2023-04-20T15:50:00Z,696152,0.013899,0,
2023-04-20T16:50:00Z,696158,0.011855,0,
2023-04-20T17:50:00Z,696164,0.013297,0,
2023-04-20T18:50:00Z,696170,0.012358,0,
2023-04-20T19:50:00Z,696176,0.011515,0,
2023-04-20T20:50:00Z,696182,0.012553,0,
2023-04-20T21:50:00Z,696188,0.013492,0,
2023-04-20T22:50:00Z,696194,0.008806,0,
2023-04-20T23:50:00Z,696200,0.007239,0,
2023-04-21T00:50:00Z,696206,0.006482,0,
2023-04-21T01:50:00Z,696212,0.007883,0,
2023-04-21T02:50:00Z,696218,0.006655,0,
2023-04-21T03:50:00Z,696224,0.005741,0,
2023-04-21T04:50:00Z,696230,0.005493,0,
2023-04-21T05:50:00Z,696236,0.004978,0,
2023-04-21T06:50:00Z,696242,0.007409,0,
2023-04-21T07:50:00Z,696248,0.010383,0,
2023-04-21T08:50:00Z,696254,0.012949,0,
2023-04-21T09:50:00Z,696260,0.013164,0,
2023-04-21T10:50:00Z,696266,0.008074,0,
2023-04-21T11:50:00Z,696272,0.007956,0,
2023-04-21T12:50:00Z,696278,0.006086,0,
2023-04-21T13:50:00Z,696284,0.005775,0,
2023-04-21T14:50:00Z,696290,0.005267,0,
2023-04-21T15:50:00Z,696296,0.006293,0,
2023-04-21T16:50:00Z,696302,0.007939,0,
2023-04-21T17:50:00Z,696308,0.006316,0,
2023-04-21T18:50:00Z,696314,0.006341,0,
2023-04-21T19:50:00Z,696320,0.008749,0,
2023-04-21T20:50:00Z,696326,0.010826,0,
2023-04-21T21:50:00Z,696332,0.008197,0,
2023-04-21T22:50:00Z,696338,0.010236,0,
2023-04-21T23:50:00Z,696344,0.012447,0,
2023-04-22T00:50:00Z,696350,0.013362,0,
2023-04-22T01:50:00Z,696356,0.012101,0,
2023-04-22T02:50:00Z,696362,0.011934,0,
2023-04-22T03:50:00Z,696368,0.013747,0,
2023-04-22T04:50:00Z,696374,0.014256,0,
2023-04-22T05:50:00Z,696380,0.012711,0,
2023-04-22T06:50:00Z,696386,0.012523,0,
2023-04-22T07:50:00Z,696392,0.012180,0,
2023-04-22T08:50:00Z,696398,0.014428,0,
2023-04-22T09:50:00Z,696404,0.017996,0,
2023-04-22T10:50:00Z,696410,0.020777,0,
2023-04-22T11:50:00Z,696416,0.022592,0,
2023-04-22T12:50:00Z,696422,0.021371,0,
2023-04-22T13:50:00Z,696428,0.017801,0,
2023-04-22T14:50:00Z,696434,0.017394,0,
2023-04-22T15:50:00Z,696440,0.015998,0,
2023-04-22T16:50:00Z,696446,0.014945,0,
2023-04-22T17:50:00Z,696452,0.016386,0,
2023-04-22T18:50:00Z,696458,0.016450,0,
2023-04-22T19:50:00Z,696464,0.015736,0,
2023-04-22T20:50:00Z,696470,0.012830,1,24.00
2023-04-22T21:50:00Z,696476,0.008541,1,23.00
2023-04-22T22:50:00Z,696482,0.010130,1,22.00
2023-04-22T23:50:00Z,696488,0.008600,1,21.00
2023-04-23T00:50:00Z,696494,0.006592,1,20.00
2023-04-23T01:50:00Z,696500,0.008033,1,19.00
2023-04-23T02:50:00Z,696506,0.007420,1,18.00
2023-04-23T03:50:00Z,696512,0.010658,1,17.00
2023-04-23T04:50:00Z,696518,0.015675,1,16.00
2023-04-23T05:50:00Z,696524,0.011254,1,15.00
2023-04-23T06:50:00Z,696530,0.010403,1,14.00
2023-04-23T07:50:00Z,696536,0.013174,1,13.00
2023-04-23T08:50:00Z,696542,0.013429,1,12.00
2023-04-23T09:50:00Z,696548,0.015169,1,11.00
2023-04-23T10:50:00Z,696554,0.016507,1,10.00
2023-04-23T11:50:00Z,696560,0.017811,1,9.00
2023-04-23T12:50:00Z,696566,0.010191,1,8.00
2023-04-23T13:50:00Z,696572,0.009152,1,7.00
2023-04-23T14:50:00Z,696578,0.004686,1,6.00
2023-04-23T15:50:00Z,696584,0.007291,1,5.00
2023-04-23T16:50:00Z,696590,0.005626,1,4.00
2023-04-23T17:50:00Z,696596,0.005711,1,3.00
2023-04-23T18:50:00Z,696602,0.002232,1,2.00
2023-04-23T19:50:00Z,696608,0.003005,1,1.00
2023-04-23T20:50:00Z,696614,0.005669,0,
2023-04-23T21:50:00Z,696620,0.006504,0,
2023-04-23T22:50:00Z,696626,0.004087,0,
2023-04-23T23:50:00Z,696632,0.004479,0,
2023-04-24T00:50:00Z,696638,0.003759,0,
2023-04-24T01:50:00Z,696644,0.003106,0,
2023-04-24T02:50:00Z,696650,0.003713,0,
2023-04-24T03:50:00Z,696656,0.003468,0,
2023-04-24T04:50:00Z,696662,0.004271,0,
2023-04-24T05:50:00Z,696668,0.003750,1,23.50
2023-04-24T06:50:00Z,696674,0.003425,1,22.50
2023-04-24T07:50:00Z,696680,0.005772,1,21.50
2023-04-24T08:50:00Z,696686,0.006968,1,20.50
2023-04-24T09:50:00Z,696692,0.009411,1,19.50
2023-04-24T10:50:00Z,696698,0.011232,1,18.50
2023-04-24T11:50:00Z,696704,0.019134,1,17.50
2023-04-24T12:50:00Z,696710,0.017207,1,16.50
2023-04-24T13:50:00Z,696716,0.013763,1,15.50
2023-04-24T14:50:00Z,696722,0.015375,1,14.50
2023-04-24T15:50:00Z,696728,0.008170,1,13.50
2023-04-24T16:50:00Z,696734,0.007374,1,12.50
2023-04-24T17:50:00Z,696740,0.005745,1,11.50
2023-04-24T18:50:00Z,696746,0.004752,1,10.50
2023-04-24T19:50:00Z,696752,0.004779,1,9.50
2023-04-24T20:50:00Z,696758,0.003723,1,8.50
2023-04-24T21:50:00Z,696764,0.004193,1,7.50
2023-04-24T22:50:00Z,696770,0.003915,1,6.50
2023-04-24T23:50:00Z,696776,0.004218,1,5.50
2023-04-25T00:50:00Z,696782,0.004026,1,4.50
2023-04-25T01:50:00Z,696788,0.003830,1,3.50
2023-04-25T02:50:00Z,696794,0.003229,1,2.50
2023-04-25T03:50:00Z,696800,0.003117,1,1.50
2023-04-25T04:50:00Z,696806,0.002922,1,0.50
2023-04-25T05:50:00Z,696812,0.003213,0,
2023-04-25T06:50:00Z,696818,0.003335,0,
2023-04-25T07:50:00Z,696824,0.004225,0,
2023-04-25T08:50:00Z,696830,0.004978,0,
2023-04-25T09:50:00Z,696836,0.005440,0,
2023-04-25T10:50:00Z,696842,0.004651,0,
2023-04-25T11:50:00Z,696848,0.008064,0,
2023-04-25T12:50:00Z,696854,0.011974,0,
2023-04-25T13:50:00Z,696860,0.009952,0,
2023-04-25T14:50:00Z,696866,0.009396,0,
2023-04-25T15:50:00Z,696872,0.007849,0,
2023-04-25T16:50:00Z,696878,0.008588,0,
2023-04-25T17:50:00Z,696884,0.010541,0,
2023-04-25T18:50:00Z,696890,0.008464,0,
2023-04-25T19:50:00Z,696896,0.009888,0,
2023-04-25T20:50:00Z,696902,0.010870,0,
2023-04-25T21:50:00Z,696908,0.013615,0,
2023-04-25T22:50:00Z,696914,0.014085,0,
2023-04-25T23:50:00Z,696920,0.009914,0,
2023-04-26T00:50:00Z,696926,0.008554,0,
2023-04-26T01:50:00Z,696932,0.007397,0,
2023-04-26T02:50:00Z,696938,0.010332,0,
2023-04-26T03:50:00Z,696944,0.010996,0,
2023-04-26T04:50:00Z,696950,0.009152,0,
2023-04-26T05:50:00Z,696956,0.011660,0,
2023-04-26T06:50:00Z,696962,0.013128,0,
2023-04-26T07:50:00Z,696968,0.012759,1,23.83
2023-04-26T08:50:00Z,696974,0.017045,1,22.83
2023-04-26T09:50:00Z,696980,0.021650,1,21.83
2023-04-26T10:50:00Z,696986,0.018072,1,20.83
2023-04-26T11:50:00Z,696992,0.016172,1,19.83
2023-04-26T12:50:00Z,696998,0.017256,1,18.83
2023-04-26T13:50:00Z,697004,0.014806,1,17.83
2023-04-26T14:50:00Z,697010,0.015531,1,16.83
2023-04-26T15:50:00Z,697016,0.018695,1,15.83
2023-04-26T16:50:00Z,697022,0.019972,1,14.83
2023-04-26T17:50:00Z,697028,0.018745,1,13.83
2023-04-26T18:50:00Z,697034,0.016374,1,12.83
2023-04-26T19:50:00Z,697040,0.015878,1,11.83
2023-04-26T20:50:00Z,697046,0.013217,1,10.83
2023-04-26T21:50:00Z,697052,0.008825,1,9.83
2023-04-26T22:50:00Z,697058,0.009722,1,8.83
2023-04-26T23:50:00Z,697064,0.007769,1,7.83
2023-04-27T00:50:00Z,697070,0.008150,1,6.83
2023-04-27T01:50:00Z,697076,0.010159,1,5.83
2023-04-27T02:50:00Z,697082,0.010772,1,4.83
2023-04-27T03:50:00Z,697088,0.008176,1,3.83
2023-04-27T04:50:00Z,697094,0.005033,1,2.83
2023-04-27T05:50:00Z,697100,0.009793,1,1.83
2023-04-27T06:50:00Z,697106,0.010624,1,0.83
2023-04-27T07:50:00Z,697112,0.010779,1,12.00
2023-04-27T08:50:00Z,697118,0.010465,1,11.00
2023-04-27T09:50:00Z,697124,0.011881,1,10.00
2023-04-27T10:50:00Z,697130,0.008645,1,9.00
2023-04-27T11:50:00Z,697136,0.015800,1,8.00
2023-04-27T12:50:00Z,697142,0.016219,1,7.00
2023-04-28T15:00:00Z,697291,0.004472,1,9.83
2023-04-28T16:00:00Z,697297,0.007411,1,8.83
2023-04-28T17:00:00Z,697303,0.005056,1,7.83
2023-04-28T18:00:00Z,697309,0.003599,1,6.83
2023-04-28T19:00:00Z,697315,0.003536,1,5.83
2023-04-28T20:00:00Z,697321,0.006128,1,4.83
2023-04-28T21:00:00Z,697327,0.007039,1,3.83
2023-04-28T22:00:00Z,697333,0.012729,1,2.83
2023-04-28T23:00:00Z,697339,0.012680,1,1.83
2023-04-29T00:00:00Z,697345,0.012763,1,0.83
2023-04-29T01:00:00Z,697351,0.017891,1,0.83
2023-04-29T02:00:00Z,697357,0.015685,0,
2023-04-29T03:00:00Z,697363,0.014829,0,
2023-04-29T04:00:00Z,697369,0.017649,0,
2023-04-29T05:00:00Z,697375,0.017951,0,
2023-04-29T06:00:00Z,697381,0.024234,0,
2023-04-29T07:00:00Z,697387,0.021968,0,
2023-04-29T08:00:00Z,697393,0.018871,0,
2023-04-29T09:00:00Z,697399,0.017715,0,
2023-04-29T10:00:00Z,697405,0.018726,0,
2023-04-29T11:00:00Z,697411,0.020286,0,
2023-04-29T12:00:00Z,697417,0.022501,0,
2023-04-29T13:00:00Z,697423,0.029365,0,
2023-04-29T14:00:00Z,697429,0.028100,0,
2023-04-29T15:00:00Z,697435,0.024334,0,
2023-04-29T16:00:00Z,697441,0.020840,0,
2023-04-29T17:00:00Z,697447,0.016320,0,
2023-04-29T18:00:00Z,697453,0.015981,0,
2023-04-29T19:00:00Z,697459,0.016350,0,
2023-04-29T20:00:00Z,697465,0.013238,0,
2023-04-29T21:00:00Z,697471,0.012863,0,
2023-04-29T22:00:00Z,697477,0.006973,0,
2023-04-29T23:00:00Z,697483,0.006949,0,
2023-04-30T00:00:00Z,697489,0.006619,0,
2023-04-30T01:00:00Z,697495,0.006158,0,
2023-04-30T02:00:00Z,697501,0.004523,0,
2023-04-30T03:00:00Z,697507,0.004774,0,
2023-04-30T04:00:00Z,697513,0.005117,0,
2023-04-30T05:00:00Z,697519,0.004286,0,
2023-04-30T06:00:00Z,697525,0.004464,0,
2023-04-30T07:00:00Z,697531,0.006817,1,23.50
2023-04-30T08:00:00Z,697537,0.006010,1,22.50
2023-04-30T09:00:00Z,697543,0.005323,1,21.50
2023-04-30T10:00:00Z,697549,0.009376,1,20.50
2023-04-30T11:00:00Z,697555,0.008050,1,19.50
2023-04-30T12:00:00Z,697561,0.011017,1,18.50
2023-04-30T13:00:00Z,697567,0.009152,1,17.50
2023-04-30T14:00:00Z,697573,0.006168,1,16.50
2023-04-30T15:00:00Z,697579,0.007125,1,15.50
2023-04-30T16:00:00Z,697585,0.006142,1,14.50
2023-04-30T17:00:00Z,697591,0.008101,1,13.50
2023-04-30T18:00:00Z,697597,0.010781,1,12.50
2023-04-30T19:00:00Z,697603,0.010809,1,11.50
2023-04-30T20:00:00Z,697609,0.011826,1,10.50
2023-04-30T21:00:00Z,697615,0.011659,1,9.50
2023-04-30T22:00:00Z,697621,0.005830,1,8.50
2023-04-30T23:00:00Z,697627,0.006843,1,7.50
2023-05-01T00:00:00Z,697633,0.006017,1,6.50
2023-05-01T01:00:00Z,697639,0.007805,1,5.50
2023-05-01T02:00:00Z,697645,0.007472,1,4.50
2023-05-01T03:00:00Z,697651,0.008448,1,3.50
2023-05-01T04:00:00Z,697657,0.012503,1,2.50
2023-05-01T05:00:00Z,697663,0.011895,1,1.50
2023-05-01T06:00:00Z,697669,0.008898,1,0.50
2023-05-01T07:00:00Z,697675,0.005840,0,
2023-05-01T08:00:00Z,697681,0.017922,0,
2023-05-01T09:00:00Z,697687,0.022987,0,
2023-05-01T10:00:00Z,697693,0.014188,0,
2023-05-01T11:00:00Z,697699,0.008498,0,
2023-05-01T12:00:00Z,697705,0.007340,0,
2023-05-01T13:00:00Z,697711,0.005135,0,
2023-05-01T14:00:00Z,697717,0.003540,0,
2023-05-01T15:00:00Z,697723,0.006217,0,
2023-05-01T16:00:00Z,697729,0.005355,0,
2023-05-01T17:00:00Z,697735,0.003961,0,
2023-05-01T18:00:00Z,697741,0.004542,0,
2023-05-01T19:00:00Z,697747,0.005817,0,
2023-05-01T20:00:00Z,697753,0.004058,0,
2023-05-01T21:00:00Z,697759,0.004218,0,
2023-05-01T22:00:00Z,697765,0.005238,0,
2023-05-01T23:00:00Z,697771,0.005543,0,
2023-05-02T00:00:00Z,697777,0.002675,0,
2023-05-02T01:00:00Z,697783,0.003132,0,
2023-05-02T02:00:00Z,697789,0.003300,0,
2023-05-02T03:00:00Z,697795,0.007632,0,
2023-05-02T04:00:00Z,697801,0.009528,0,
2023-05-02T05:00:00Z,697807,0.010003,0,
2023-05-02T06:00:00Z,697813,0.012196,0,
2023-05-02T07:00:00Z,697819,0.011551,0,
2023-05-02T08:00:00Z,697825,0.010350,0,
2023-05-02T09:00:00Z,697831,0.009171,0,
2023-05-02T10:00:00Z,697837,0.012300,0,
2023-05-02T11:00:00Z,697843,0.014949,0,
2023-05-02T12:00:00Z,697849,0.015250,0,
2023-05-02T13:00:00Z,697855,0.014633,0,
2023-05-02T14:00:00Z,697861,0.014585,0,
2023-05-02T15:00:00Z,697867,0.014752,0,
2023-05-02T16:00:00Z,697873,0.011972,0,
2023-05-02T17:00:00Z,697879,0.011312,0,
2023-05-02T18:00:00Z,697885,0.008901,0,
2023-05-02T19:00:00Z,697891,0.007812,0,
2023-05-02T20:00:00Z,697897,0.005950,0,
2023-05-02T21:00:00Z,697903,0.005464,0,
2023-05-02T22:00:00Z,697909,0.005074,0,
2023-05-02T23:00:00Z,697915,0.004131,0,
2023-05-03T00:00:00Z,697921,0.005360,0,
2023-05-03T01:00:00Z,697927,0.006253,0,
2023-05-03T02:00:00Z,697933,0.005882,0,
2023-05-03T03:00:00Z,697939,0.005216,0,
2023-05-03T04:00:00Z,697945,0.005923,1,23.33
2023-05-03T05:00:00Z,697951,0.006695,1,22.33
2023-05-03T06:00:00Z,697957,0.008681,1,21.33
2023-05-03T07:00:00Z,697963,0.012269,1,20.33
2023-05-03T08:00:00Z,697969,0.011798,1,19.33
2023-05-03T09:00:00Z,697975,0.012678,1,18.33
2023-05-03T10:00:00Z,697981,0.008842,1,17.33
2023-05-03T11:00:00Z,697987,0.007895,1,16.33
2023-05-03T12:00:00Z,697993,0.005857,1,15.33
2023-05-03T13:00:00Z,697999,0.004472,1,14.33
2023-05-03T14:00:00Z,698005,0.005562,1,13.33
2023-05-03T15:00:00Z,698011,0.009134,1,12.33
2023-05-03T16:00:00Z,698017,0.008809,1,11.33
2023-05-03T17:00:00Z,698023,0.008441,1,10.33
2023-05-03T18:00:00Z,698029,0.007033,1,9.33
2023-05-03T19:00:00Z,698035,0.005779,1,8.33
2023-05-03T20:00:00Z,698041,0.004688,1,7.33
2023-05-03T21:00:00Z,698047,0.008783,1,6.33
2023-05-03T22:00:00Z,698053,0.008904,1,5.33
2023-05-03T23:00:00Z,698059,0.004561,1,4.33
2023-05-04T00:00:00Z,698065,0.004184,1,3.33
2023-05-04T01:00:00Z,698071,0.005843,1,2.33
2023-05-04T02:00:00Z,698077,0.005490,1,1.33
2023-05-04T03:00:00Z,698083,0.005248,1,0.33
2023-05-04T04:00:00Z,698089,0.008219,1,23.00
2023-05-04T05:00:00Z,698095,0.010603,1,22.00
2023-05-04T06:00:00Z,698101,0.014226,1,21.00
2023-05-04T07:00:00Z,698107,0.009308,1,20.00
2023-05-04T08:00:00Z,698113,0.010330,1,19.00
2023-05-04T09:00:00Z,698119,0.007515,1,18.00
2023-05-04T10:00:00Z,698125,0.010111,1,17.00
2023-05-04T11:00:00Z,698131,0.015000,1,16.00
2023-05-04T12:00:00Z,698137,0.011355,1,15.00
2023-05-04T13:00:00Z,698143,0.016712,1,14.00
2023-05-04T14:00:00Z,698149,0.026457,1,13.00
2023-05-04T15:00:00Z,698155,0.017003,1,12.00
2023-05-04T16:00:00Z,698161,0.011511,1,11.00
2023-05-04T17:00:00Z,698167,0.008319,1,10.00
2023-05-04T18:00:00Z,698173,0.008815,1,9.00
2023-05-04T19:00:00Z,698179,0.013019,1,8.00
2023-05-04T20:00:00Z,698185,0.012264,1,7.00
2023-05-04T21:00:00Z,698191,0.014655,1,6.00
2023-05-04T22:00:00Z,698197,0.009190,1,5.00
2023-05-04T23:00:00Z,698203,0.008449,1,4.00
2023-05-05T00:00:00Z,698209,0.011553,1,3.00
2023-05-05T01:00:00Z,698215,0.006863,1,2.00
2023-05-05T02:00:00Z,698221,0.006261,1,1.00
2023-05-05T03:00:00Z,698227,0.010535,0,
2023-05-05T04:00:00Z,698233,0.012282,0,
2023-05-05T05:00:00Z,698239,0.013379,0,
2023-05-05T06:00:00Z,698245,0.009406,1,24.00
2023-05-05T07:00:00Z,698251,0.008818,1,23.00
2023-05-05T08:00:00Z,698257,0.008903,1,22.00
2023-05-05T09:00:00Z,698263,0.009661,1,21.00
2023-05-05T10:00:00Z,698269,0.007958,1,20.00
2023-05-05T11:00:00Z,698275,0.005865,1,19.00
2023-05-05T12:00:00Z,698281,0.008736,1,18.00
2023-05-05T13:00:00Z,698287,0.012503,1,17.00
2023-05-05T14:00:00Z,698293,0.007550,1,16.00
2023-05-05T15:00:00Z,698299,0.010424,1,15.00
2023-05-05T16:00:00Z,698305,0.010753,1,14.00
2023-05-05T17:00:00Z,698311,0.016374,1,13.00
2023-05-05T18:00:00Z,698317,0.009929,1,12.00
2023-05-05T19:00:00Z,698323,0.009800,1,11.00
2023-05-05T20:00:00Z,698329,0.016683,1,10.00
2023-05-05T21:00:00Z,698335,0.012742,1,9.00
2023-05-05T22:00:00Z,698341,0.010960,1,8.00
2023-05-05T23:00:00Z,698347,0.007736,1,7.00
2023-05-06T00:00:00Z,698353,0.008766,1,6.00
2023-05-06T01:00:00Z,698359,0.010367,1,5.00
2023-05-06T02:00:00Z,698365,0.009291,1,4.00
2023-05-06T03:00:00Z,698371,0.009632,1,3.00
2023-05-06T04:00:00Z,698377,0.005752,1,2.00
2023-05-06T05:00:00Z,698383,0.008690,1,1.00
2023-05-06T06:00:00Z,698389,0.011305,0,
2023-05-06T07:00:00Z,698395,0.019510,0,
2023-05-06T08:00:00Z,698401,0.020845,0,
2023-05-06T09:00:00Z,698407,0.015995,0,
2023-05-06T10:00:00Z,698413,0.015315,0,
2023-05-06T11:00:00Z,698419,0.012335,0,
2023-05-06T12:00:00Z,698425,0.012018,0,
2023-05-06T13:00:00Z,698431,0.012770,0,
2023-05-06T14:00:00Z,698437,0.009351,0,
2023-05-06T15:00:00Z,698443,0.012805,0,
2023-05-06T16:00:00Z,698449,0.010743,0,
2023-05-06T17:00:00Z,698455,0.010338,0,
2023-05-06T18:00:00Z,698461,0.012004,0,
2023-05-06T19:00:00Z,698467,0.005560,0,
2023-05-06T20:00:00Z,698473,0.008883,0,
2023-05-06T21:00:00Z,698479,0.017825,0,
2023-05-06T22:00:00Z,698485,0.014128,0,
2023-05-06T23:00:00Z,698491,0.011167,0,
2023-05-07T00:00:00Z,698497,0.012541,0,
2023-05-07T01:00:00Z,698503,0.009170,0,
2023-05-07T02:00:00Z,698509,0.014780,0,
2023-05-07T03:00:00Z,698515,0.015846,0,
2023-05-07T04:00:00Z,698521,0.019662,0,
2023-05-07T05:00:00Z,698527,0.015629,0,
2023-05-07T06:00:00Z,698533,0.013957,0,
2023-05-07T07:00:00Z,698539,0.012033,0,
2023-05-07T08:00:00Z,698545,0.010468,0,
2023-05-07T09:00:00Z,698551,0.011436,0,
2023-05-07T10:00:00Z,698557,0.007478,0,
2023-05-07T11:00:00Z,698563,0.007280,0,
2023-05-07T12:00:00Z,698569,0.006435,0,
2023-05-07T13:00:00Z,698575,0.009612,0,
2023-05-07T14:00:00Z,698581,0.009814,0,
2023-05-07T15:00:00Z,698587,0.010590,0,
2023-05-07T16:00:00Z,698593,0.010147,0,
2023-05-07T17:00:00Z,698599,0.006567,0,
2023-05-07T18:00:00Z,698605,0.005652,0,
2023-05-07T19:00:00Z,698611,0.008269,0,
2023-05-07T20:00:00Z,698617,0.009049,0,
2023-05-07T21:00:00Z,698623,0.008118,0,
2023-05-07T22:00:00Z,698629,0.007162,0,
2023-05-07T23:00:00Z,698635,0.008504,0,
2023-05-08T00:00:00Z,698641,0.009805,0,
2023-05-08T01:00:00Z,698647,0.009292,0,
2023-05-08T02:00:00Z,698653,0.003857,0,
2023-05-08T03:00:00Z,698659,0.005280,0,
2023-05-08T04:00:00Z,698665,0.004916,0,
2023-05-08T05:00:00Z,698671,0.005455,0,
2023-05-08T06:00:00Z,698677,0.008751,0,
2023-05-08T07:00:00Z,698683,0.009816,0,
2023-05-08T08:00:00Z,698689,0.008171,0,
2023-05-08T09:00:00Z,698695,0.008158,0,
2023-05-08T10:00:00Z,698701,0.007827,0,
2023-05-08T11:00:00Z,698707,0.009949,0,
2023-05-08T12:00:00Z,698713,0.008822,0,
2023-05-08T13:00:00Z,698719,0.006328,0,
2023-05-08T14:00:00Z,698725,0.006212,0,
2023-05-08T15:00:00Z,698731,0.006678,0,
2023-05-08T16:00:00Z,698737,0.007048,0,
2023-05-08T17:00:00Z,698743,0.007163,0,
2023-05-08T18:00:00Z,698749,0.007249,0,
2023-05-08T19:00:00Z,698755,0.009483,0,
2023-05-08T20:00:00Z,698761,0.012571,0,
2023-05-08T21:00:00Z,698767,0.011276,0,
2023-05-08T22:00:00Z,698773,0.013517,0,
2023-05-08T23:00:00Z,698779,0.007584,0,
2023-05-09T00:00:00Z,698785,0.010357,0,
2023-05-09T01:00:00Z,698791,0.010873,0,
2023-05-09T02:00:00Z,698797,0.009439,0,
2023-05-09T03:00:00Z,698803,0.007855,0,
2023-05-09T04:00:00Z,698809,0.008252,0,
2023-05-09T05:00:00Z,698815,0.007603,0,
2023-05-09T06:00:00Z,698821,0.008874,0,
2023-05-09T07:00:00Z,698827,0.006083,0,
2023-05-09T08:00:00Z,698833,0.006694,0,
2023-05-09T09:00:00Z,698839,0.009154,0,
2023-05-09T10:00:00Z,698845,0.010075,0,
2023-05-09T11:00:00Z,698851,0.011627,0,
2023-05-09T12:00:00Z,698857,0.012989,0,
2023-05-09T13:00:00Z,698863,0.018409,0,
2023-05-09T14:00:00Z,698869,0.019097,0,
2023-05-09T15:00:00Z,698875,0.015417,0,
2023-05-09T16:00:00Z,698881,0.010893,0,
2023-05-09T17:00:00Z,698887,0.011003,0,
2023-05-09T18:00:00Z,698893,0.016751,0,
2023-05-09T19:00:00Z,698899,0.015003,0,
2023-05-09T20:00:00Z,698905,0.011830,0,
2023-05-09T21:00:00Z,698911,0.012370,0,
2023-05-09T22:00:00Z,698917,0.007209,0,
2023-05-09T23:00:00Z,698923,0.005835,0,
2023-05-10T00:00:00Z,698929,0.004402,0,
2023-05-10T01:00:00Z,698935,0.003382,0,
2023-05-10T02:00:00Z,698941,0.003483,0,
2023-05-10T03:00:00Z,698947,0.003628,0,
2023-05-10T04:00:00Z,698953,0.003861,0,
2023-05-10T05:00:00Z,698959,0.003186,0,
2023-05-10T06:00:00Z,698965,0.002870,0,
2023-05-10T07:00:00Z,698971,0.003378,0,
2023-05-10T08:00:00Z,698977,0.004481,0,
2023-05-10T09:00:00Z,698983,0.007692,0,
2023-05-10T10:00:00Z,698989,0.006866,0,
2023-05-10T11:00:00Z,698995,0.007553,0,
2023-05-10T12:00:00Z,699001,0.007238,0,
2023-05-10T13:00:00Z,699007,0.005909,0,
2023-05-10T14:00:00Z,699013,0.006047,0,
2023-05-10T15:00:00Z,699019,0.004982,0,
2023-05-10T16:00:00Z,699025,0.007166,0,
2023-05-10T17:00:00Z,699031,0.006550,0,
2023-05-10T18:00:00Z,699037,0.008601,0,
2023-05-10T19:00:00Z,699043,0.007213,0,
2023-05-10T20:00:00Z,699049,0.012617,0,
2023-05-10T21:00:00Z,699055,0.019053,0,
2023-05-10T22:00:00Z,699061,0.016091,0,
2023-05-10T23:00:00Z,699067,0.012896,0,
2023-05-11T00:00:00Z,699073,0.010298,0,
2023-05-11T01:00:00Z,699079,0.011384,0,
2023-05-11T02:00:00Z,699085,0.012415,0,
2023-05-11T03:00:00Z,699091,0.010830,0,
2023-05-11T04:00:00Z,699097,0.008309,0,
2023-05-11T05:00:00Z,699103,0.006167,0,
2023-05-11T06:00:00Z,699109,0.005724,0,
2023-05-11T07:00:00Z,699115,0.007447,0,
2023-05-11T08:00:00Z,699121,0.008358,0,
2023-05-11T09:00:00Z,699127,0.011914,0,
2023-05-11T10:00:00Z,699133,0.017032,0,
2023-05-11T11:00:00Z,699139,0.022676,0,
2023-05-11T12:00:00Z,699145,0.018722,0,
2023-05-11T13:00:00Z,699151,0.018340,0,
2023-05-11T14:00:00Z,699157,0.015001,0,
2023-05-11T15:00:00Z,699163,0.016862,0,
2023-05-11T16:00:00Z,699169,0.011264,0,
2023-05-11T17:00:00Z,699175,0.009766,0,
2023-05-11T18:00:00Z,699181,0.005672,0,
2023-05-11T19:00:00Z,699187,0.005046,0,
2023-05-11T20:00:00Z,699193,0.009110,0,
2023-05-11T21:00:00Z,699199,0.006521,0,
2023-05-11T22:00:00Z,699205,0.005343,0,
2023-05-11T23:00:00Z,699211,0.007221,0,
2023-05-12T00:00:00Z,699217,0.005026,0,
2023-05-12T01:00:00Z,699223,0.003758,0,
2023-05-12T02:00:00Z,699229,0.007055,0,
2023-05-12T03:00:00Z,699235,0.006480,0,
2023-05-12T04:00:00Z,699241,0.004509,0,
2023-05-12T05:00:00Z,699247,0.006059,0,
2023-05-12T06:00:00Z,699253,0.005904,0,
2023-05-12T07:00:00Z,699259,0.006533,0,
2023-05-12T08:00:00Z,699265,0.006041,0,
2023-05-12T09:00:00Z,699271,0.006579,0,
2023-05-12T10:00:00Z,699277,0.004358,0,
2023-05-12T11:00:00Z,699283,0.004964,0,
2023-05-12T12:00:00Z,699289,0.006616,0,
2023-05-12T13:00:00Z,699295,0.007055,0,
2023-05-12T14:00:00Z,699301,0.005488,0,
2023-05-12T15:00:00Z,699307,0.005272,0,
2023-05-12T16:00:00Z,699313,0.005543,0,
2023-05-12T17:00:00Z,699319,0.006548,0,
2023-05-12T18:00:00Z,699325,0.007978,0,
2023-05-12T19:00:00Z,699331,0.008212,0,
2023-05-12T20:00:00Z,699337,0.007332,0,
2023-05-12T21:00:00Z,699343,0.007969,0,
2023-05-12T22:00:00Z,699349,0.006801,0,
2023-05-12T23:00:00Z,699355,0.006535,0,
2023-05-13T00:00:00Z,699361,0.005471,0,
2023-05-13T01:00:00Z,699367,0.005305,0,
2023-05-13T02:00:00Z,699373,0.007704,0,
2023-05-13T03:00:00Z,699379,0.008188,0,
2023-05-13T04:00:00Z,699385,0.007042,0,
2023-05-13T05:00:00Z,699391,0.006608,0,
2023-05-13T06:00:00Z,699397,0.006485,0,
2023-05-13T07:00:00Z,699403,0.006614,0,
2023-05-13T08:00:00Z,699409,0.005068,0,
2023-05-13T09:00:00Z,699415,0.003493,0,
2023-05-13T10:00:00Z,699421,0.003935,0,
2023-05-13T11:00:00Z,699427,0.004711,0,
2023-05-13T12:00:00Z,699433,0.005444,0,
2023-05-13T13:00:00Z,699439,0.004656,0,
2023-05-13T14:00:00Z,699445,0.007147,0,
2023-05-13T15:00:00Z,699451,0.007219,0,
2023-05-13T16:00:00Z,699457,0.008955,0,
2023-05-13T17:00:00Z,699463,0.007638,0,
2023-05-13T18:00:00Z,699469,0.009166,0,
2023-05-13T19:00:00Z,699475,0.008724,0,
2023-05-13T20:00:00Z,699481,0.011034,0,
2023-05-13T21:00:00Z,699487,0.009723,0,
2023-05-13T22:00:00Z,699493,0.009359,0,
2023-05-13T23:00:00Z,699499,0.014434,0,
2023-05-14T00:00:00Z,699505,0.010283,0,
2023-05-14T01:00:00Z,699511,0.008752,0,
2023-05-14T02:00:00Z,699517,0.011693,0,
2023-05-14T03:00:00Z,699523,0.008499,0,
2023-05-14T04:00:00Z,699529,0.009616,0,
2023-05-14T05:00:00Z,699535,0.008836,0,
2023-05-14T06:00:00Z,699541,0.009941,0,
2023-05-14T07:00:00Z,699547,0.010808,0,
2023-05-14T08:00:00Z,699553,0.012809,0,
2023-05-14T09:00:00Z,699559,0.012081,0,
2023-05-14T10:00:00Z,699565,0.012999,0,
2023-05-14T11:00:00Z,699571,0.011736,0,
2023-05-14T12:00:00Z,699577,0.011116,0,
2023-05-14T13:00:00Z,699583,0.013954,0,
2023-05-14T14:00:00Z,699589,0.021527,0,
2023-05-14T15:00:00Z,699595,0.017336,0,
2023-05-14T16:00:00Z,699601,0.017415,0,
2023-05-14T17:00:00Z,699607,0.014606,0,
2023-05-14T18:00:00Z,699613,0.015086,0,
2023-05-14T19:00:00Z,699619,0.012590,0,
2023-05-14T20:00:00Z,699625,0.008763,0,
2023-05-14T21:00:00Z,699631,0.011064,0,
2023-05-14T22:00:00Z,699637,0.008264,0,
2023-05-14T23:00:00Z,699643,0.005478,0,
2023-05-15T00:00:00Z,699649,0.003202,0,
2023-05-15T01:00:00Z,699655,0.004617,0,
2023-05-15T02:00:00Z,699661,0.003547,0,
2023-05-15T03:00:00Z,699667,0.003674,0,
2023-05-15T04:00:00Z,699673,0.003279,0,
2023-05-15T05:00:00Z,699679,0.003472,0,
2023-05-15T06:00:00Z,699685,0.003425,0,
2023-05-15T07:00:00Z,699691,0.003365,0,
2023-05-15T08:00:00Z,699697,0.003506,0,
2023-05-15T09:00:00Z,699703,0.003211,0,
2023-05-15T10:00:00Z,699709,0.003688,0,
2023-05-15T11:00:00Z,699715,0.002879,0,
2023-05-15T12:00:00Z,699721,0.003075,0,
2023-05-15T13:00:00Z,699727,0.004225,0,
2023-05-15T14:00:00Z,699733,0.005251,0,
2023-05-15T15:00:00Z,699739,0.005376,0,
2023-05-15T16:00:00Z,699745,0.006546,0,
2023-05-15T17:00:00Z,699751,0.006747,0,
2023-05-15T18:00:00Z,699757,0.004903,0,
2023-05-15T19:00:00Z,699763,0.006639,0,
2023-05-15T20:00:00Z,699769,0.013396,0,
2023-05-15T21:00:00Z,699775,0.017057,0,
2023-05-15T22:00:00Z,699781,0.015498,0,
2023-05-15T23:00:00Z,699787,0.009564,0,
2023-05-16T00:00:00Z,699793,0.009355,0,
2023-05-16T01:00:00Z,699799,0.007398,0,
2023-05-16T02:00:00Z,699805,0.004711,0,
2023-05-16T03:00:00Z,699811,0.003329,0,
2023-05-16T04:00:00Z,699817,0.003529,0,
2023-05-16T05:00:00Z,699823,0.003392,0,
2023-05-16T06:00:00Z,699829,0.004385,0,
2023-05-16T07:00:00Z,699835,0.003991,0,
2023-05-16T08:00:00Z,699841,0.005286,0,
2023-05-16T09:00:00Z,699847,0.003978,0,
2023-05-16T10:00:00Z,699853,0.003817,0,
2023-05-16T11:00:00Z,699859,0.003512,0,
2023-05-16T12:00:00Z,699865,0.003841,0,
2023-05-16T13:00:00Z,699871,0.003139,0,
2023-05-16T14:00:00Z,699877,0.005541,0,
2023-05-16T15:00:00Z,699883,0.004527,0,
2023-05-16T16:00:00Z,699889,0.003294,0,
2023-05-16T17:00:00Z,699895,0.003436,0,
2023-05-16T18:00:00Z,699901,0.002966,0,
2023-05-16T19:00:00Z,699907,0.003491,0,
2023-05-16T20:00:00Z,699913,0.004004,0,
2023-05-16T21:00:00Z,699919,0.003470,0,
2023-05-16T22:00:00Z,699925,0.004675,0,
2023-05-16T23:00:00Z,699931,0.004917,0,
2023-05-17T00:00:00Z,699937,0.004036,0,
2023-05-17T01:00:00Z,699943,0.003566,0,
2023-05-17T02:00:00Z,699949,0.003996,0,
2023-05-17T03:00:00Z,699955,0.003543,0,
2023-05-17T04:00:00Z,699961,0.002853,0,
2023-05-17T05:00:00Z,699967,0.003068,0,
2023-05-17T06:00:00Z,699973,0.003568,0,
2023-05-17T07:00:00Z,699979,0.005556,0,
2023-05-17T08:00:00Z,699985,0.007627,0,
2023-05-17T09:00:00Z,699991,0.010609,0,
2023-05-17T10:00:00Z,699997,0.013611,0,
2023-05-17T11:00:00Z,700003,0.015297,0,
2023-05-17T12:00:00Z,700009,0.020466,0,
2023-05-17T13:00:00Z,700015,0.018747,0,
2023-05-17T14:00:00Z,700021,0.013764,0,
2023-05-17T15:00:00Z,700027,0.014974,0,
2023-05-17T16:00:00Z,700033,0.016029,0,
2023-05-17T17:00:00Z,700039,0.010855,0,
2023-05-17T18:00:00Z,700045,0.012032,0,
2023-05-17T19:00:00Z,700051,0.012505,0,
2023-05-17T20:00:00Z,700057,0.013370,0,
2023-05-17T21:00:00Z,700063,0.010725,0,
2023-05-17T22:00:00Z,700069,0.009930,0,
2023-05-17T23:00:00Z,700075,0.008621,0,
2023-05-18T00:00:00Z,700081,0.009230,0,
2023-05-18T01:00:00Z,700087,0.008212,0,
2023-05-18T02:00:00Z,700093,0.008629,0,
2023-05-18T03:00:00Z,700099,0.008404,0,
2023-05-18T04:00:00Z,700105,0.007553,0,
2023-05-18T05:00:00Z,700111,0.009506,0,
2023-05-18T06:00:00Z,700117,0.009902,0,
2023-05-18T07:00:00Z,700123,0.011549,0,
2023-05-18T08:00:00Z,700129,0.014975,0,
2023-05-18T09:00:00Z,700135,0.018660,0,
2023-05-18T10:00:00Z,700141,0.022190,0,
2023-05-18T11:00:00Z,700147,0.015491,0,
2023-05-18T12:00:00Z,700153,0.019055,0,
2023-05-18T13:00:00Z,700159,0.019725,0,
2023-05-18T14:00:00Z,700165,0.016043,0,
2023-05-18T15:00:00Z,700171,0.020760,0,
2023-05-18T16:00:00Z,700177,0.019846,0,
2023-05-18T17:00:00Z,700183,0.019415,0,
2023-05-18T18:00:00Z,700189,0.017019,0,
2023-05-18T19:00:00Z,700195,0.015381,0,
2023-05-18T20:00:00Z,700201,0.018782,0,
2023-05-18T21:00:00Z,700207,0.011377,0,
2023-05-18T22:00:00Z,700213,0.007292,0,
2023-05-18T23:00:00Z,700219,0.007975,0,
2023-05-19T00:00:00Z,700225,0.008042,0,
2023-05-19T01:00:00Z,700231,0.007907,0,
2023-05-19T02:00:00Z,700237,0.009688,0,
2023-05-19T03:00:00Z,700243,0.009261,0,
2023-05-19T04:00:00Z,700249,0.010987,0,
2023-05-19T05:00:00Z,700255,0.010708,0,
2023-05-19T06:00:00Z,700261,0.014546,0,
2023-05-19T07:00:00Z,700267,0.016129,0,
2023-05-19T08:00:00Z,700273,0.021338,0,
2023-05-19T09:00:00Z,700279,0.016922,0,
2023-05-19T10:00:00Z,700285,0.015342,0,
2023-05-19T11:00:00Z,700291,0.015302,0,
2023-05-19T12:00:00Z,700297,0.017620,0,
2023-05-19T13:00:00Z,700303,0.015636,0,
2023-05-19T14:00:00Z,700309,0.013150,0,
2023-05-19T15:00:00Z,700315,0.014056,0,
2023-05-19T16:00:00Z,700321,0.011592,0,
2023-05-19T17:00:00Z,700327,0.011032,0,
2023-05-19T18:00:00Z,700333,0.009259,0,
2023-05-19T19:00:00Z,700339,0.006938,0,
2023-05-19T20:00:00Z,700345,0.005519,0,
2023-05-19T21:00:00Z,700351,0.004935,0,
2023-05-19T22:00:00Z,700357,0.004751,0,
2023-05-19T23:00:00Z,700363,0.005589,0,
2023-05-20T00:00:00Z,700369,0.004527,0,
2023-05-20T01:00:00Z,700375,0.005661,0,
2023-05-20T02:00:00Z,700381,0.005449,0,
2023-05-20T03:00:00Z,700387,0.005761,0,
2023-05-20T04:00:00Z,700393,0.006530,0,
2023-05-20T05:00:00Z,700399,0.006381,0,
2023-05-20T06:00:00Z,700405,0.006467,0,
2023-05-20T07:00:00Z,700411,0.005159,0,
2023-05-20T08:00:00Z,700417,0.005561,0,
2023-05-20T09:00:00Z,700423,0.005284,0,
2023-05-20T10:00:00Z,700429,0.004205,0,
2023-05-20T11:00:00Z,700435,0.007479,0,
2023-05-20T12:00:00Z,700441,0.006737,0,
2023-05-20T13:00:00Z,700447,0.006256,0,
2023-05-20T14:00:00Z,700453,0.005079,0,
2023-05-20T15:00:00Z,700459,0.005591,0,
2023-05-20T16:00:00Z,700465,0.004922,0,
2023-05-20T17:00:00Z,700471,0.005642,0,
2023-05-20T18:00:00Z,700477,0.005879,0,
2023-05-20T19:00:00Z,700483,0.006062,0,
2023-05-20T20:00:00Z,700489,0.004416,0,
2023-05-20T21:00:00Z,700495,0.004985,0,
2023-05-20T22:00:00Z,700501,0.004450,0,
2023-05-20T23:00:00Z,700507,0.006151,0,
2023-05-21T00:00:00Z,700513,0.008420,0,
2023-05-21T01:00:00Z,700519,0.007717,0,
2023-05-21T02:00:00Z,700525,0.003952,0,
2023-05-21T03:00:00Z,700531,0.003590,0,
2023-05-21T04:00:00Z,700537,0.004208,0,
2023-05-21T05:00:00Z,700543,0.004119,0,
2023-05-21T06:00:00Z,700549,0.004339,0,
2023-05-21T07:00:00Z,700555,0.004730,0,
2023-05-21T08:00:00Z,700561,0.004870,0,
2023-05-21T09:00:00Z,700567,0.004155,0,
2023-05-21T10:00:00Z,700573,0.004033,0,
2023-05-21T11:00:00Z,700579,0.006353,0,
2023-05-21T12:00:00Z,700585,0.006332,0,
2023-05-21T13:00:00Z,700591,0.004996,0,
2023-05-21T14:00:00Z,700597,0.004669,0,
2023-05-21T15:00:00Z,700603,0.004171,0,
2023-05-21T16:00:00Z,700609,0.003367,0,
2023-05-21T17:00:00Z,700615,0.005638,0,
2023-05-21T18:00:00Z,700621,0.005204,0,
2023-05-21T19:00:00Z,700627,0.005871,0,
2023-05-21T20:00:00Z,700633,0.005141,0,
2023-05-21T21:00:00Z,700639,0.003940,0,
2023-05-21T22:00:00Z,700645,0.004136,0,
2023-05-21T23:00:00Z,700651,0.003373,0,
2023-05-22T00:00:00Z,700657,0.003536,0,
2023-05-22T01:00:00Z,700663,0.003766,0,
2023-05-22T02:00:00Z,700669,0.004762,0,
2023-05-22T03:00:00Z,700675,0.004245,0,
2023-05-22T04:00:00Z,700681,0.002847,0,
2023-05-22T05:00:00Z,700687,0.002845,0,
2023-05-22T06:00:00Z,700693,0.004664,0,
2023-05-22T07:00:00Z,700699,0.003651,0,
2023-05-22T08:00:00Z,700705,0.004432,0,
2023-05-22T09:00:00Z,700711,0.004532,0,
2023-05-22T10:00:00Z,700717,0.003609,0,
2023-05-22T11:00:00Z,700723,0.003411,0,
2023-05-22T12:00:00Z,700729,0.003109,0,
2023-05-22T13:00:00Z,700735,0.003746,0,
2023-05-22T14:00:00Z,700741,0.004026,0,
2023-05-22T15:00:00Z,700747,0.002367,0,
2023-05-22T16:00:00Z,700753,0.004968,0,
2023-05-22T17:00:00Z,700759,0.004090,0,
2023-05-22T18:00:00Z,700765,0.004430,0,
2023-05-22T19:00:00Z,700771,0.002650,0,
2023-05-22T20:00:00Z,700777,0.003683,0,
2023-05-22T21:00:00Z,700783,0.004977,0,
2023-05-22T22:00:00Z,700789,0.004283,0,
2023-05-22T23:00:00Z,700795,0.004719,0,
2023-05-23T00:00:00Z,700801,0.003861,0,
2023-05-23T01:00:00Z,700807,0.005158,0,
2023-05-23T02:00:00Z,700813,0.005287,0,
2023-05-23T03:00:00Z,700819,0.005347,0,
2023-05-23T04:00:00Z,700825,0.005478,0,
2023-05-23T05:00:00Z,700831,0.005739,0,
2023-05-23T06:00:00Z,700837,0.006226,0,
2023-05-23T07:00:00Z,700843,0.004388,0,
2023-05-23T08:00:00Z,700849,0.005732,0,
2023-05-23T09:00:00Z,700855,0.007200,0,
2023-05-23T10:00:00Z,700861,0.009739,0,
2023-05-23T11:00:00Z,700867,0.011346,0,
2023-05-23T12:00:00Z,700873,0.012671,0,
2023-05-23T13:00:00Z,700879,0.011830,0,
2023-05-23T14:00:00Z,700885,0.011427,0,
2023-05-23T15:00:00Z,700891,0.012368,0,
2023-05-23T16:00:00Z,700897,0.012389,0,
2023-05-23T17:00:00Z,700903,0.014236,0,
2023-05-23T18:00:00Z,700909,0.014765,0,
2023-05-23T19:00:00Z,700915,0.011685,0,
2023-05-23T20:00:00Z,700921,0.011107,0,
2023-05-23T21:00:00Z,700927,0.011542,0,
2023-05-23T22:00:00Z,700933,0.008769,0,
2023-05-23T23:00:00Z,700939,0.007156,0,
2023-05-24T00:00:00Z,700945,0.005939,0,
2023-05-24T01:00:00Z,700951,0.004311,0,
2023-05-24T02:00:00Z,700957,0.004125,0,
2023-05-24T03:00:00Z,700963,0.003966,0,
2023-05-24T04:00:00Z,700969,0.003474,0,
2023-05-24T05:00:00Z,700975,0.004153,0,
2023-05-24T06:00:00Z,700981,0.006400,0,
2023-05-24T07:00:00Z,700987,0.004046,0,
2023-05-24T08:00:00Z,700993,0.006488,0,
2023-05-24T09:00:00Z,700999,0.007844,0,
2023-05-24T10:00:00Z,701005,0.008972,0,
2023-05-24T11:00:00Z,701011,0.011698,0,
2023-05-24T12:00:00Z,701017,0.010514,0,
2023-05-24T13:00:00Z,701023,0.008403,0,
2023-05-24T14:00:00Z,701029,0.007128,0,
2023-05-24T15:00:00Z,701035,0.005766,0,
2023-05-24T16:00:00Z,701041,0.006546,0,
2023-05-24T17:00:00Z,701047,0.006785,0,
2023-05-24T18:00:00Z,701053,0.006781,0,
2023-05-24T19:00:00Z,701059,0.002707,0,
2023-05-24T20:00:00Z,701065,0.002698,0,
2023-05-24T21:00:00Z,701071,0.002826,0,
2023-05-24T22:00:00Z,701077,0.002353,0,
2023-05-24T23:00:00Z,701083,0.003570,0,
2023-05-25T00:00:00Z,701089,0.004971,0,
2023-05-25T01:00:00Z,701095,0.009014,0,
2023-05-25T02:00:00Z,701101,0.006858,0,
2023-05-25T03:00:00Z,701107,0.005909,0,
2023-05-25T04:00:00Z,701113,0.006531,0,
2023-05-25T05:00:00Z,701119,0.006625,0,
2023-05-25T06:00:00Z,701125,0.005789,0,
2023-05-25T07:00:00Z,701131,0.008569,0,
2023-05-25T08:00:00Z,701137,0.007143,0,
2023-05-25T09:00:00Z,701143,0.008746,0,
2023-05-25T10:00:00Z,701149,0.008382,0,
2023-05-25T11:00:00Z,701155,0.008290,0,
2023-05-25T12:00:00Z,701161,0.006514,0,
2023-05-25T13:00:00Z,701167,0.004785,0,
2023-05-25T14:00:00Z,701173,0.008198,0,
2023-05-25T15:00:00Z,701179,0.010473,0,
2023-05-25T16:00:00Z,701185,0.013090,0,
2023-05-25T17:00:00Z,701191,0.013857,0,
2023-05-25T18:00:00Z,701197,0.014544,0,
2023-05-25T19:00:00Z,701203,0.011122,0,
2023-05-25T20:00:00Z,701209,0.010958,0,
2023-05-25T21:00:00Z,701215,0.009246,0,
2023-05-25T22:00:00Z,701221,0.009826,0,
2023-05-25T23:00:00Z,701227,0.009858,0,
2023-05-26T00:00:00Z,701233,0.007132,0,
2023-05-26T01:00:00Z,701239,0.006329,0,
2023-05-26T02:00:00Z,701245,0.003832,0,
2023-05-26T03:00:00Z,701251,0.004091,0,
2023-05-26T04:00:00Z,701257,0.004848,0,
2023-05-26T05:00:00Z,701263,0.005316,0,
2023-05-26T06:00:00Z,701269,0.007535,0,
2023-05-26T07:00:00Z,701275,0.007559,0,
2023-05-26T08:00:00Z,701281,0.009106,0,
2023-05-26T09:00:00Z,701287,0.009427,0,
2023-05-26T10:00:00Z,701293,0.010181,0,
2023-05-26T11:00:00Z,701299,0.010454,0,
2023-05-26T12:00:00Z,701305,0.007712,0,
2023-05-26T13:00:00Z,701311,0.008041,0,
2023-05-26T14:00:00Z,701317,0.010319,0,
2023-05-26T15:00:00Z,701323,0.010521,0,
2023-05-26T16:00:00Z,701329,0.008623,0,
2023-05-26T17:00:00Z,701335,0.006691,0,
2023-05-26T18:00:00Z,701341,0.007100,0,
2023-05-26T19:00:00Z,701347,0.004381,0,
2023-05-26T20:00:00Z,701353,0.003188,0,
2023-05-26T21:00:00Z,701359,0.003555,0,
2023-05-26T22:00:00Z,701365,0.004892,0,
2023-05-26T23:00:00Z,701371,0.003633,0,
2023-05-27T00:00:00Z,701377,0.003633,0,
2023-05-27T01:00:00Z,701383,0.007804,0,
2023-05-27T02:00:00Z,701389,0.008343,0,
2023-05-27T03:00:00Z,701395,0.005347,0,
2023-05-27T04:00:00Z,701401,0.006366,0,
2023-05-27T05:00:00Z,701407,0.006297,0,
2023-05-27T06:00:00Z,701413,0.007355,0,
2023-05-27T07:00:00Z,701419,0.011871,0,
2023-05-27T08:00:00Z,701425,0.013772,0,
2023-05-27T09:00:00Z,701431,0.013870,0,
2023-05-27T10:00:00Z,701437,0.015245,0,
2023-05-27T11:00:00Z,701443,0.016970,0,
2023-05-27T12:00:00Z,701449,0.018705,0,
2023-05-27T13:00:00Z,701455,0.017902,0,
2023-05-27T14:00:00Z,701461,0.014205,0,
2023-05-27T15:00:00Z,701467,0.015885,0,
2023-05-27T16:00:00Z,701473,0.016562,0,
2023-05-27T17:00:00Z,701479,0.009030,0,
2023-05-27T18:00:00Z,701485,0.012835,0,
2023-05-27T19:00:00Z,701491,0.012106,0,
2023-05-27T20:00:00Z,701497,0.008334,0,
2023-05-27T21:00:00Z,701503,0.005254,0,
2023-05-27T22:00:00Z,701509,0.004897,0,
2023-05-27T23:00:00Z,701515,0.006373,0,
2023-05-28T00:00:00Z,701521,0.007686,0,
2023-05-28T01:00:00Z,701527,0.004282,0,
2023-05-28T02:00:00Z,701533,0.006509,0,
2023-05-28T03:00:00Z,701539,0.008031,0,
2023-05-28T04:00:00Z,701545,0.006592,0,
2023-05-28T05:00:00Z,701551,0.004745,0,
2023-05-28T06:00:00Z,701557,0.006242,0,
2023-05-28T07:00:00Z,701563,0.003805,0,
2023-05-28T08:00:00Z,701569,0.006058,0,
2023-05-28T09:00:00Z,701575,0.004725,0,
2023-05-28T10:00:00Z,701581,0.007922,0,
2023-05-28T11:00:00Z,701587,0.006508,0,
2023-05-28T12:00:00Z,701593,0.007774,0,
2023-05-28T13:00:00Z,701599,0.006955,0,
2023-05-28T14:00:00Z,701605,0.004826,0,
2023-05-28T15:00:00Z,701611,0.004554,0,
2023-05-28T16:00:00Z,701617,0.005930,0,
2023-05-28T17:00:00Z,701623,0.004870,0,
2023-05-28T18:00:00Z,701629,0.007337,0,
2023-05-28T19:00:00Z,701635,0.008417,0,
2023-05-28T20:00:00Z,701641,0.012091,0,
2023-05-28T21:00:00Z,701647,0.006728,0,
2023-05-28T22:00:00Z,701653,0.007316,0,
2023-05-28T23:00:00Z,701659,0.005148,0,
2023-05-29T00:00:00Z,701665,0.005313,0,
2023-05-29T01:00:00Z,701671,0.006064,0,
2023-05-29T02:00:00Z,701677,0.009121,0,
2023-05-29T03:00:00Z,701683,0.009383,0,
2023-05-29T04:00:00Z,701689,0.009709,0,
2023-05-29T05:00:00Z,701695,0.005408,0,
2023-05-29T06:00:00Z,701701,0.008990,0,
2023-05-29T07:00:00Z,701707,0.007170,0,
2023-05-29T08:00:00Z,701713,0.008383,0,
2023-05-29T09:00:00Z,701719,0.007512,0,
2023-05-29T10:00:00Z,701725,0.008750,0,
2023-05-29T11:00:00Z,701731,0.006041,0,
2023-05-29T12:00:00Z,701737,0.005113,0,
2023-05-29T13:00:00Z,701743,0.006247,0,
2023-05-29T14:00:00Z,701749,0.005810,0,
2023-05-29T15:00:00Z,701755,0.005833,0,
2023-05-29T16:00:00Z,701761,0.006133,0,
2023-05-29T17:00:00Z,701767,0.005641,0,
2023-05-29T18:00:00Z,701773,0.006617,0,
2023-05-29T19:00:00Z,701779,0.007755,0,
2023-05-29T20:00:00Z,701785,0.005041,0,
2023-05-29T21:00:00Z,701791,0.007072,0,
2023-05-29T22:00:00Z,701797,0.008320,0,
2023-05-29T23:00:00Z,701803,0.009748,0,
2023-05-30T00:00:00Z,701809,0.005619,0,
2023-05-30T01:00:00Z,701815,0.005063,0,
2023-05-30T02:00:00Z,701821,0.004790,0,
2023-05-30T03:00:00Z,701827,0.004591,0,
2023-05-30T04:00:00Z,701833,0.005910,0,
2023-05-30T05:00:00Z,701839,0.004873,0,
2023-05-30T06:00:00Z,701845,0.005524,0,
2023-05-30T07:00:00Z,701851,0.004122,0,
2023-05-30T08:00:00Z,701857,0.008073,0,
2023-05-30T09:00:00Z,701863,0.009476,0,
2023-05-30T10:00:00Z,701869,0.010123,0,
2023-05-30T11:00:00Z,701875,0.008087,0,
2023-05-30T12:00:00Z,701881,0.008782,0,
2023-05-30T13:00:00Z,701887,0.006464,0,
2023-05-30T14:00:00Z,701893,0.008063,0,
2023-05-30T15:00:00Z,701899,0.005368,0,
2023-05-30T16:00:00Z,701905,0.010628,0,
2023-05-30T17:00:00Z,701911,0.005941,0,
2023-05-30T18:00:00Z,701917,0.006734,0,
2023-05-30T19:00:00Z,701923,0.005360,0,
2023-05-30T20:00:00Z,701929,0.005117,0,
2023-05-30T21:00:00Z,701935,0.005103,0,
2023-05-30T22:00:00Z,701941,0.006316,0,
2023-05-30T23:00:00Z,701947,0.008516,0,
2023-05-31T00:00:00Z,701953,0.007470,0,
2023-05-31T01:00:00Z,701959,0.008625,0,
2023-05-31T02:00:00Z,701965,0.009515,0,
2023-05-31T03:00:00Z,701971,0.008207,0,
2023-05-31T04:00:00Z,701977,0.008938,0,
2023-05-31T05:00:00Z,701983,0.009210,0,
2023-05-31T06:00:00Z,701989,0.008380,0,
2023-05-31T07:00:00Z,701995,0.008369,0,
2023-05-31T08:00:00Z,702001,0.009558,0,
2023-05-31T09:00:00Z,702007,0.008461,0,
2023-05-31T10:00:00Z,702013,0.008781,0,
2023-05-31T11:00:00Z,702019,0.008134,0,
2023-05-31T12:00:00Z,702025,0.009006,0,
2023-05-31T13:00:00Z,702031,0.006359,0,
2023-05-31T14:00:00Z,702037,0.005710,0,
2023-05-31T15:00:00Z,702043,0.005290,0,
2023-05-31T16:00:00Z,702049,0.006359,0,
2023-05-31T17:00:00Z,702055,0.007179,0,
2023-05-31T18:00:00Z,702061,0.006447,0,
2023-05-31T19:00:00Z,702067,0.006712,0,
2023-05-31T20:00:00Z,702073,0.006070,0,
2023-05-31T21:00:00Z,702079,0.007448,0,
2023-05-31T22:00:00Z,702085,0.007657,0,
2023-05-31T23:00:00Z,702091,0.006847,0,
2023-06-01T00:00:00Z,702097,0.007100,0,
2023-06-01T01:00:00Z,702103,0.010689,0,
2023-06-01T02:00:00Z,702109,0.010022,0,
2023-06-01T03:00:00Z,702115,0.010237,0,
2023-06-01T04:00:00Z,702121,0.009072,0,
2023-06-01T05:00:00Z,702127,0.010013,0,
2023-06-01T06:00:00Z,702133,0.008856,0,
2023-06-01T07:00:00Z,702139,0.009193,0,
2023-06-01T08:00:00Z,702145,0.010239,0,
2023-06-01T09:00:00Z,702151,0.010397,0,
2023-06-01T10:00:00Z,702157,0.009932,0,
2023-06-01T11:00:00Z,702163,0.010245,0,
2023-06-01T12:00:00Z,702169,0.010326,0,
2023-06-01T13:00:00Z,702175,0.009301,0,
2023-06-01T14:00:00Z,702181,0.008131,0,
2023-06-01T15:00:00Z,702187,0.006089,0,
2023-06-01T16:00:00Z,702193,0.006556,0,
2023-06-01T17:00:00Z,702199,0.005569,0,
2023-06-01T18:00:00Z,702205,0.005554,0,
2023-06-01T19:00:00Z,702211,0.005522,0,
2023-06-01T20:00:00Z,702217,0.006676,0,
2023-06-01T21:00:00Z,702223,0.006104,0,
2023-06-01T22:00:00Z,702229,0.005598,0,
2023-06-01T23:00:00Z,702235,0.006263,0,
2023-06-02T00:00:00Z,702241,0.007317,0,
2023-06-02T01:00:00Z,702247,0.006539,0,
2023-06-02T02:00:00Z,702253,0.006849,0,
2023-06-02T03:00:00Z,702259,0.011178,0,
2023-06-02T04:00:00Z,702265,0.010291,0,
2023-06-02T05:00:00Z,702271,0.006186,0,
2023-06-02T06:00:00Z,702277,0.006309,0,
2023-06-02T07:00:00Z,702283,0.009267,0,
2023-06-02T08:00:00Z,702289,0.008288,0,
2023-06-02T09:00:00Z,702295,0.010620,0,
2023-06-02T10:00:00Z,702301,0.009594,0,
2023-06-02T11:00:00Z,702307,0.008330,0,
2023-06-02T12:00:00Z,702313,0.009104,0,
2023-06-02T13:00:00Z,702319,0.008522,0,
2023-06-02T14:00:00Z,702325,0.006406,0,
2023-06-02T15:00:00Z,702331,0.004945,0,
2023-06-02T16:00:00Z,702337,0.005582,0,
2023-06-02T17:00:00Z,702343,0.005010,0,
2023-06-02T18:00:00Z,702349,0.005850,0,
2023-06-02T19:00:00Z,702355,0.005305,0,
2023-06-02T20:00:00Z,702361,0.005633,0,
2023-06-02T21:00:00Z,702367,0.007107,0,
2023-06-02T22:00:00Z,702373,0.010348,0,
2023-06-02T23:00:00Z,702379,0.009437,0,
2023-06-03T00:00:00Z,702385,0.006115,0,
2023-06-03T01:00:00Z,702391,0.004251,0,
2023-06-03T02:00:00Z,702397,0.004588,0,
2023-06-03T03:00:00Z,702403,0.004827,0,
2023-06-03T04:00:00Z,702409,0.004480,0,
2023-06-03T05:00:00Z,702415,0.004656,0,
2023-06-03T06:00:00Z,702421,0.004099,0,
2023-06-03T07:00:00Z,702427,0.006922,0,
2023-06-03T08:00:00Z,702433,0.006616,0,
2023-06-03T09:00:00Z,702439,0.004395,0,
2023-06-03T10:00:00Z,702445,0.003686,0,
2023-06-03T11:00:00Z,702451,0.007116,0,
2023-06-03T12:00:00Z,702457,0.007472,0,
2023-06-03T13:00:00Z,702463,0.006838,0,
2023-06-03T14:00:00Z,702469,0.004585,0,
2023-06-03T15:00:00Z,702475,0.004763,0,
2023-06-03T16:00:00Z,702481,0.006192,0,
2023-06-03T17:00:00Z,702487,0.004935,0,
2023-06-03T18:00:00Z,702493,0.004363,0,
2023-06-03T19:00:00Z,702499,0.005088,0,
2023-06-03T20:00:00Z,702505,0.004486,0,
2023-06-03T21:00:00Z,702511,0.004256,0,
2023-06-03T22:00:00Z,702517,0.005065,0,
2023-06-03T23:00:00Z,702523,0.004558,0,
2023-06-04T00:00:00Z,702529,0.004256,0,
2023-06-04T01:00:00Z,702535,0.007720,0,
2023-06-04T02:00:00Z,702541,0.005756,0,
2023-06-04T03:00:00Z,702547,0.005800,0,
2023-06-04T04:00:00Z,702553,0.007525,0,
2023-06-04T05:00:00Z,702559,0.007118,0,
2023-06-04T06:00:00Z,702565,0.006003,0,
2023-06-04T07:00:00Z,702571,0.006482,0,
2023-06-04T08:00:00Z,702577,0.005101,0,
2023-06-04T09:00:00Z,702583,0.004343,0,
2023-06-04T10:00:00Z,702589,0.004802,0,
2023-06-04T11:00:00Z,702595,0.003959,0,
2023-06-04T12:00:00Z,702601,0.005168,0,
2023-06-04T13:00:00Z,702607,0.005130,0,
2023-06-04T14:00:00Z,702613,0.008143,0,
2023-06-04T15:00:00Z,702619,0.007781,0,
2023-06-04T16:00:00Z,702625,0.004923,0,
2023-06-04T17:00:00Z,702631,0.004881,0,
2023-06-04T18:00:00Z,702637,0.004545,0,
2023-06-04T19:00:00Z,702643,0.003860,0,
2023-06-04T20:00:00Z,702649,0.004544,0,
2023-06-04T21:00:00Z,702655,0.004704,0,
2023-06-04T22:00:00Z,702661,0.003723,0,
2023-06-04T23:00:00Z,702667,0.005900,0,
2023-06-05T00:00:00Z,702673,0.006947,0,
2023-06-05T01:00:00Z,702679,0.005949,0,
2023-06-05T02:00:00Z,702685,0.008145,0,
2023-06-05T03:00:00Z,702691,0.008488,0,
2023-06-05T04:00:00Z,702697,0.008107,0,
2023-06-05T05:00:00Z,702703,0.005590,0,
2023-06-05T06:00:00Z,702709,0.009241,0,
2023-06-05T07:00:00Z,702715,0.005360,0,
2023-06-05T08:00:00Z,702721,0.008383,0,
2023-06-05T09:00:00Z,702727,0.009769,0,
2023-06-05T10:00:00Z,702733,0.009867,0,
2023-06-05T11:00:00Z,702739,0.008993,0,
2023-06-05T12:00:00Z,702745,0.009262,0,
2023-06-05T13:00:00Z,702751,0.009092,0,
2023-06-05T14:00:00Z,702757,0.007596,0,
2023-06-05T15:00:00Z,702763,0.005748,0,
2023-06-05T16:00:00Z,702769,0.005906,0,
2023-06-05T17:00:00Z,702775,0.005322,0,
2023-06-05T18:00:00Z,702781,0.006581,0,
2023-06-05T19:00:00Z,702787,0.005171,0,
2023-06-05T20:00:00Z,702793,0.005654,0,
2023-06-05T21:00:00Z,702799,0.005006,0,
2023-06-05T22:00:00Z,702805,0.005606,0,
2023-06-05T23:00:00Z,702811,0.006119,0,
2023-06-06T00:00:00Z,702817,0.008091,0,
2023-06-06T01:00:00Z,702823,0.009261,0,
2023-06-06T02:00:00Z,702829,0.009113,0,
2023-06-06T03:00:00Z,702835,0.009610,0,
2023-06-06T04:00:00Z,702841,0.005763,0,
2023-06-06T05:00:00Z,702847,0.005043,0,
2023-06-06T06:00:00Z,702853,0.004524,0,
2023-06-06T07:00:00Z,702859,0.008541,0,
2023-06-06T08:00:00Z,702865,0.008681,0,
2023-06-06T09:00:00Z,702871,0.005441,0,
2023-06-06T10:00:00Z,702877,0.004663,0,
2023-06-06T11:00:00Z,702883,0.006974,0,
2023-06-06T12:00:00Z,702889,0.010801,0,
2023-06-06T13:00:00Z,702895,0.014252,0,
2023-06-06T14:00:00Z,702901,0.016890,0,
2023-06-06T15:00:00Z,702907,0.014873,0,
2023-06-06T16:00:00Z,702913,0.014085,0,
2023-06-06T17:00:00Z,702919,0.012467,0,
2023-06-06T18:00:00Z,702925,0.009795,0,
2023-06-06T19:00:00Z,702931,0.008424,0,
2023-06-06T20:00:00Z,702937,0.008063,0,
2023-06-06T21:00:00Z,702943,0.007380,0,
2023-06-06T22:00:00Z,702949,0.006995,0,
2023-06-06T23:00:00Z,702955,0.007128,0,
2023-06-07T00:00:00Z,702961,0.007205,0,
2023-06-07T01:00:00Z,702967,0.006923,0,
2023-06-07T02:00:00Z,702973,0.006165,0,
2023-06-07T03:00:00Z,702979,0.005414,0,
2023-06-07T04:00:00Z,702985,0.003710,0,
2023-06-07T05:00:00Z,702991,0.007074,0,
2023-06-07T06:00:00Z,702997,0.012197,0,
2023-06-07T07:00:00Z,703003,0.005749,0,
2023-06-07T08:00:00Z,703009,0.007554,0,
2023-06-07T09:00:00Z,703015,0.006628,0,
2023-06-07T10:00:00Z,703021,0.007070,0,
2023-06-07T11:00:00Z,703027,0.007140,0,
2023-06-07T12:00:00Z,703033,0.006831,0,
2023-06-07T13:00:00Z,703039,0.006302,0,
2023-06-07T14:00:00Z,703045,0.004430,0,
2023-06-07T15:00:00Z,703051,0.004673,0,
2023-06-07T16:00:00Z,703057,0.009952,0,
2023-06-07T17:00:00Z,703063,0.007835,0,
2023-06-07T18:00:00Z,703069,0.006961,0,
2023-06-07T19:00:00Z,703075,0.005820,0,
2023-06-07T20:00:00Z,703081,0.005411,0,
2023-06-07T21:00:00Z,703087,0.005713,0,
2023-06-07T22:00:00Z,703093,0.007082,0,
2023-06-07T23:00:00Z,703099,0.008302,0,
2023-06-08T00:00:00Z,703105,0.004906,0,
2023-06-08T01:00:00Z,703111,0.008322,0,
2023-06-08T02:00:00Z,703117,0.006598,0,
2023-06-08T03:00:00Z,703123,0.008111,0,
2023-06-08T04:00:00Z,703129,0.004933,0,
2023-06-08T05:00:00Z,703135,0.004777,0,
2023-06-08T06:00:00Z,703141,0.009980,0,
2023-06-08T07:00:00Z,703147,0.007080,0,
2023-06-08T08:00:00Z,703153,0.005225,0,
2023-06-08T09:00:00Z,703159,0.005723,0,
2023-06-08T10:00:00Z,703165,0.006843,0,
2023-06-08T11:00:00Z,703171,0.007542,0,
2023-06-08T12:00:00Z,703177,0.010753,0,
2023-06-08T13:00:00Z,703183,0.014589,0,
2023-06-08T14:00:00Z,703189,0.018013,0,
2023-06-08T15:00:00Z,703195,0.014493,0,
2023-06-08T16:00:00Z,703201,0.007265,0,
2023-06-08T17:00:00Z,703207,0.011900,0,
2023-06-08T18:00:00Z,703213,0.007367,0,
2023-06-08T19:00:00Z,703219,0.007631,0,
2023-06-08T20:00:00Z,703225,0.006309,0,
2023-06-08T21:00:00Z,703231,0.007839,0,
2023-06-08T22:00:00Z,703237,0.007567,0,
2023-06-08T23:00:00Z,703243,0.007181,0,
2023-06-09T00:00:00Z,703249,0.007615,0,
2023-06-09T01:00:00Z,703255,0.008250,0,
2023-06-09T02:00:00Z,703261,0.007897,0,
2023-06-09T03:00:00Z,703267,0.007362,0,
2023-06-09T04:00:00Z,703273,0.007852,0,
2023-06-09T05:00:00Z,703279,0.009606,0,
2023-06-09T06:00:00Z,703285,0.008280,0,
2023-06-09T07:00:00Z,703291,0.007096,0,
2023-06-09T08:00:00Z,703297,0.007852,0,
2023-06-09T09:00:00Z,703303,0.007014,0,
2023-06-09T10:00:00Z,703309,0.007569,0,
2023-06-09T11:00:00Z,703315,0.008592,0,
2023-06-09T12:00:00Z,703321,0.008708,0,
2023-06-09T13:00:00Z,703327,0.009757,0,
2023-06-09T14:00:00Z,703333,0.006756,0,
2023-06-09T15:00:00Z,703339,0.006646,0,
2023-06-09T16:00:00Z,703345,0.009831,0,
2023-06-09T17:00:00Z,703351,0.010031,0,
2023-06-09T18:00:00Z,703357,0.008578,0,
2023-06-09T19:00:00Z,703363,0.009375,0,
2023-06-09T20:00:00Z,703369,0.009453,0,
2023-06-09T21:00:00Z,703375,0.006241,0,
2023-06-09T22:00:00Z,703381,0.005536,0,
2023-06-09T23:00:00Z,703387,0.006987,0,
2023-06-10T00:00:00Z,703393,0.007554,0,
2023-06-10T01:00:00Z,703399,0.005451,0,
2023-06-10T02:00:00Z,703405,0.004863,0,
2023-06-10T03:00:00Z,703411,0.005819,0,
2023-06-10T04:00:00Z,703417,0.004882,0,
2023-06-10T05:00:00Z,703423,0.005579,0,
2023-06-10T06:00:00Z,703429,0.006089,0,
2023-06-10T07:00:00Z,703435,0.007614,0,
2023-06-10T08:00:00Z,703441,0.005501,0,
2023-06-10T09:00:00Z,703447,0.007690,0,
2023-06-10T10:00:00Z,703453,0.007611,0,
2023-06-10T11:00:00Z,703459,0.010403,0,
2023-06-10T12:00:00Z,703465,0.010715,0,
2023-06-10T13:00:00Z,703471,0.006115,0,
2023-06-10T14:00:00Z,703477,0.003743,0,
2023-06-10T15:00:00Z,703483,0.006072,0,
2023-06-10T16:00:00Z,703489,0.005110,0,
2023-06-10T17:00:00Z,703495,0.004991,0,
2023-06-10T18:00:00Z,703501,0.004571,0,
2023-06-10T19:00:00Z,703507,0.004451,0,
2023-06-10T20:00:00Z,703513,0.004409,0,
2023-06-10T21:00:00Z,703519,0.004089,0,
2023-06-10T22:00:00Z,703525,0.007119,0,
2023-06-10T23:00:00Z,703531,0.005017,0,
2023-06-11T00:00:00Z,703537,0.005132,0,
2023-06-11T01:00:00Z,703543,0.004956,0,
2023-06-11T02:00:00Z,703549,0.002859,0,
2023-06-11T03:00:00Z,703555,0.005514,0,
2023-06-11T04:00:00Z,703561,0.004702,0,
2023-06-11T05:00:00Z,703567,0.006927,0,
2023-06-11T06:00:00Z,703573,0.009052,0,
2023-06-11T07:00:00Z,703579,0.012926,0,
2023-06-11T08:00:00Z,703585,0.012230,0,
2023-06-11T09:00:00Z,703591,0.012267,0,
2023-06-11T10:00:00Z,703597,0.011852,0,
2023-06-11T11:00:00Z,703603,0.012237,0,
2023-06-11T12:00:00Z,703609,0.009761,0,
2023-06-11T13:00:00Z,703615,0.018328,0,
2023-06-11T14:00:00Z,703621,0.018620,0,
2023-06-11T15:00:00Z,703627,0.014242,0,
2023-06-11T16:00:00Z,703633,0.009970,0,
2023-06-11T17:00:00Z,703639,0.007529,0,
2023-06-11T18:00:00Z,703645,0.006337,0,
2023-06-11T19:00:00Z,703651,0.008184,0,
2023-06-11T20:00:00Z,703657,0.007847,0,
2023-06-11T21:00:00Z,703663,0.009804,0,
2023-06-11T22:00:00Z,703669,0.005036,0,
2023-06-11T23:00:00Z,703675,0.004229,0,
2023-06-12T00:00:00Z,703681,0.004173,0,
2023-06-12T01:00:00Z,703687,0.004533,0,
2023-06-12T02:00:00Z,703693,0.004123,0,
2023-06-12T03:00:00Z,703699,0.004460,0,
2023-06-12T04:00:00Z,703705,0.005261,0,
2023-06-12T05:00:00Z,703711,0.002935,0,
2023-06-12T06:00:00Z,703717,0.004210,0,
2023-06-12T07:00:00Z,703723,0.006157,0,
2023-06-12T08:00:00Z,703729,0.007389,0,
2023-06-12T09:00:00Z,703735,0.008751,0,
2023-06-12T10:00:00Z,703741,0.009096,0,
2023-06-12T11:00:00Z,703747,0.009336,0,
2023-06-12T12:00:00Z,703753,0.009357,0,
2023-06-12T13:00:00Z,703759,0.009385,0,
2023-06-12T14:00:00Z,703765,0.009615,0,
2023-06-12T15:00:00Z,703771,0.009311,0,
2023-06-12T16:00:00Z,703777,0.006977,0,
2023-06-12T17:00:00Z,703783,0.011107,0,
2023-06-12T18:00:00Z,703789,0.009313,0,
2023-06-12T19:00:00Z,703795,0.011018,0,
2023-06-12T20:00:00Z,703801,0.008386,0,
2023-06-12T21:00:00Z,703807,0.007656,0,
2023-06-12T22:00:00Z,703813,0.006317,0,
2023-06-12T23:00:00Z,703819,0.009531,0,
2023-06-13T00:00:00Z,703825,0.008087,0,
2023-06-13T01:00:00Z,703831,0.005321,0,
2023-06-13T02:00:00Z,703837,0.005197,0,
2023-06-13T03:00:00Z,703843,0.005773,0,
2023-06-13T04:00:00Z,703849,0.005968,0,
2023-06-13T05:00:00Z,703855,0.005497,0,
2023-06-13T06:00:00Z,703861,0.003617,0,
2023-06-13T07:00:00Z,703867,0.006164,0,
2023-06-13T08:00:00Z,703873,0.006889,0,
2023-06-13T09:00:00Z,703879,0.006415,0,
2023-06-13T10:00:00Z,703885,0.007304,0,
2023-06-13T11:00:00Z,703891,0.007032,0,
2023-06-13T12:00:00Z,703897,0.006854,0,
2023-06-13T13:00:00Z,703903,0.007266,0,
2023-06-13T14:00:00Z,703909,0.007232,0,
2023-06-13T15:00:00Z,703915,0.009077,0,
2023-06-13T16:00:00Z,703921,0.008951,0,
2023-06-13T17:00:00Z,703927,0.008925,0,
2023-06-13T18:00:00Z,703933,0.008157,0,
2023-06-13T19:00:00Z,703939,0.007700,0,
2023-06-13T20:00:00Z,703945,0.007893,0,
2023-06-13T21:00:00Z,703951,0.007639,0,
2023-06-13T22:00:00Z,703957,0.005185,0,
2023-06-13T23:00:00Z,703963,0.005624,0,
2023-06-14T00:00:00Z,703969,0.005162,0,
2023-06-14T01:00:00Z,703975,0.005499,0,
2023-06-14T02:00:00Z,703981,0.007756,0,
2023-06-14T03:00:00Z,703987,0.005506,0,
2023-06-14T04:00:00Z,703993,0.006179,0,
2023-06-14T05:00:00Z,703999,0.006615,0,
2023-06-14T06:00:00Z,704005,0.005205,0,
2023-06-14T07:00:00Z,704011,0.006030,0,
2023-06-14T08:00:00Z,704017,0.007199,0,
2023-06-14T09:00:00Z,704023,0.006274,0,
2023-06-14T10:00:00Z,704029,0.005403,0,
2023-06-14T11:00:00Z,704035,0.006625,0,
2023-06-14T12:00:00Z,704041,0.006494,0,
2023-06-14T13:00:00Z,704047,0.009017,0,
2023-06-14T14:00:00Z,704053,0.009578,0,
2023-06-14T15:00:00Z,704059,0.009033,0,
2023-06-14T16:00:00Z,704065,0.008122,0,
2023-06-14T17:00:00Z,704071,0.006266,0,
2023-06-14T18:00:00Z,704077,0.005790,0,
2023-06-14T19:00:00Z,704083,0.005321,0,
2023-06-14T20:00:00Z,704089,0.004757,0,
2023-06-14T21:00:00Z,704095,0.004905,0,
2023-06-14T22:00:00Z,704101,0.004528,0,
2023-06-14T23:00:00Z,704107,0.004117,0,
2023-06-15T00:00:00Z,704113,0.004147,0,
2023-06-15T01:00:00Z,704119,0.004049,0,
2023-06-15T02:00:00Z,704125,0.005267,0,
2023-06-15T03:00:00Z,704131,0.005585,0,
2023-06-15T04:00:00Z,704137,0.005080,0,
2023-06-15T05:00:00Z,704143,0.005468,0,
2023-06-15T06:00:00Z,704149,0.005277,0,
2023-06-15T07:00:00Z,704155,0.006198,0,
2023-06-15T08:00:00Z,704161,0.008229,0,
2023-06-15T09:00:00Z,704167,0.010379,0,
2023-06-15T10:00:00Z,704173,0.010216,0,
2023-06-15T11:00:00Z,704179,0.007500,0,
2023-06-15T12:00:00Z,704185,0.007965,0,
2023-06-15T13:00:00Z,704191,0.011467,0,
2023-06-15T14:00:00Z,704197,0.011853,0,
2023-06-15T15:00:00Z,704203,0.014232,0,
2023-06-15T16:00:00Z,704209,0.012103,0,
2023-06-15T17:00:00Z,704215,0.008493,0,
2023-06-15T18:00:00Z,704221,0.006725,0,
2023-06-15T19:00:00Z,704227,0.004351,0,
2023-06-15T20:00:00Z,704233,0.005525,0,
2023-06-15T21:00:00Z,704239,0.006032,0,
2023-06-15T22:00:00Z,704245,0.004897,0,
2023-06-15T23:00:00Z,704251,0.005069,0,
2023-06-16T00:00:00Z,704257,0.004734,0,
2023-06-16T01:00:00Z,704263,0.004012,0,
2023-06-16T02:00:00Z,704269,0.006887,0,
2023-06-16T03:00:00Z,704275,0.008813,0,
2023-06-16T04:00:00Z,704281,0.007613,0,
2023-06-16T05:00:00Z,704287,0.008508,0,
2023-06-16T06:00:00Z,704293,0.009635,0,
2023-06-16T07:00:00Z,704299,0.014264,0,
2023-06-16T08:00:00Z,704305,0.019039,0,
2023-06-16T09:00:00Z,704311,0.015007,0,
2023-06-16T10:00:00Z,704317,0.012462,0,
2023-06-16T11:00:00Z,704323,0.010884,0,
2023-06-16T12:00:00Z,704329,0.011146,0,
2023-06-16T13:00:00Z,704335,0.010882,0,
2023-06-16T14:00:00Z,704341,0.011476,0,
2023-06-16T15:00:00Z,704347,0.008996,0,
2023-06-16T16:00:00Z,704353,0.007054,0,
2023-06-16T17:00:00Z,704359,0.013822,0,
2023-06-16T18:00:00Z,704365,0.006348,0,
2023-06-16T19:00:00Z,704371,0.004609,0,
2023-06-16T20:00:00Z,704377,0.004303,0,
2023-06-16T21:00:00Z,704383,0.004388,0,
2023-06-16T22:00:00Z,704389,0.002799,0,
2023-06-16T23:00:00Z,704395,0.004696,0,
2023-06-17T00:00:00Z,704401,0.002859,0,
2023-06-17T01:00:00Z,704407,0.004501,0,
2023-06-17T02:00:00Z,704413,0.004819,0,
2023-06-17T03:00:00Z,704419,0.004984,0,
2023-06-17T04:00:00Z,704425,0.005974,0,
2023-06-17T05:00:00Z,704431,0.005291,0,
2023-06-17T06:00:00Z,704437,0.004973,0,
2023-06-17T07:00:00Z,704443,0.010961,0,
2023-06-17T08:00:00Z,704449,0.010627,0,
2023-06-17T09:00:00Z,704455,0.020380,0,
2023-06-17T10:00:00Z,704461,0.019388,0,
2023-06-17T11:00:00Z,704467,0.015378,0,
2023-06-17T12:00:00Z,704473,0.018001,0,
2023-06-17T13:00:00Z,704479,0.008257,0,
2023-06-17T14:00:00Z,704485,0.006746,0,
2023-06-17T15:00:00Z,704491,0.007782,0,
2023-06-17T16:00:00Z,704497,0.007645,0,
2023-06-17T17:00:00Z,704503,0.006083,0,
2023-06-17T18:00:00Z,704509,0.005891,0,
2023-06-17T19:00:00Z,704515,0.006219,0,
2023-06-17T20:00:00Z,704521,0.004180,0,
2023-06-17T21:00:00Z,704527,0.003076,0,
2023-06-17T22:00:00Z,704533,0.004806,0,
2023-06-17T23:00:00Z,704539,0.004887,0,
2023-06-18T00:00:00Z,704545,0.004899,0,
2023-06-18T01:00:00Z,704551,0.005449,0,
2023-06-18T02:00:00Z,704557,0.007564,0,
2023-06-18T03:00:00Z,704563,0.007410,0,
2023-06-18T04:00:00Z,704569,0.009017,0,
2023-06-18T05:00:00Z,704575,0.011235,0,
2023-06-18T06:00:00Z,704581,0.015194,0,
2023-06-18T07:00:00Z,704587,0.010048,0,
2023-06-18T08:00:00Z,704593,0.011019,0,
2023-06-18T09:00:00Z,704599,0.012625,0,
2023-06-18T10:00:00Z,704605,0.013241,0,
2023-06-18T11:00:00Z,704611,0.011299,0,
2023-06-18T12:00:00Z,704617,0.016406,0,
2023-06-18T13:00:00Z,704623,0.013220,0,
2023-06-18T14:00:00Z,704629,0.012885,0,
2023-06-18T15:00:00Z,704635,0.012271,0,
2023-06-18T16:00:00Z,704641,0.012689,0,
2023-06-18T17:00:00Z,704647,0.012435,0,
2023-06-18T18:00:00Z,704653,0.012117,0,
2023-06-18T19:00:00Z,704659,0.009732,0,
2023-06-18T20:00:00Z,704665,0.007673,0,
2023-06-18T21:00:00Z,704671,0.005365,0,
2023-06-18T22:00:00Z,704677,0.007052,0,
2023-06-18T23:00:00Z,704683,0.005369,0,
2023-06-19T00:00:00Z,704689,0.005096,0,
2023-06-19T01:00:00Z,704695,0.006012,0,
2023-06-19T02:00:00Z,704701,0.004509,0,
2023-06-19T03:00:00Z,704707,0.006254,0,
2023-06-19T04:00:00Z,704713,0.005162,0,
2023-06-19T05:00:00Z,704719,0.007211,0,
2023-06-19T06:00:00Z,704725,0.005294,0,
2023-06-19T07:00:00Z,704731,0.006881,0,
2023-06-19T08:00:00Z,704737,0.005755,0,
2023-06-19T09:00:00Z,704743,0.006646,0,
2023-06-19T10:00:00Z,704749,0.005891,0,
2023-06-19T11:00:00Z,704755,0.009860,0,
2023-06-19T12:00:00Z,704761,0.014572,0,
2023-06-19T13:00:00Z,704767,0.015770,0,
2023-06-19T14:00:00Z,704773,0.021427,0,
2023-06-19T15:00:00Z,704779,0.013952,0,
2023-06-19T16:00:00Z,704785,0.016528,0,
2023-06-19T17:00:00Z,704791,0.009132,0,
2023-06-19T18:00:00Z,704797,0.007892,0,
2023-06-19T19:00:00Z,704803,0.008216,0,
2023-06-19T20:00:00Z,704809,0.006731,0,
2023-06-19T21:00:00Z,704815,0.006716,0,
2023-06-19T22:00:00Z,704821,0.006831,0,
2023-06-19T23:00:00Z,704827,0.007252,0,
2023-06-20T00:00:00Z,704833,0.007573,0,
2023-06-20T01:00:00Z,704839,0.009153,0,
2023-06-20T02:00:00Z,704845,0.009753,0,
2023-06-20T03:00:00Z,704851,0.013129,0,
2023-06-20T04:00:00Z,704857,0.024337,0,
2023-06-20T05:00:00Z,704863,0.019964,0,
2023-06-20T06:00:00Z,704869,0.012608,0,
2023-06-20T07:00:00Z,704875,0.007656,0,
2023-06-20T08:00:00Z,704881,0.015165,0,
2023-06-20T09:00:00Z,704887,0.016455,0,
2023-06-20T10:00:00Z,704893,0.018413,0,
2023-06-20T11:00:00Z,704899,0.012005,0,
2023-06-20T12:00:00Z,704905,0.028694,0,
2023-06-20T13:00:00Z,704911,0.013067,0,
2023-06-20T14:00:00Z,704917,0.016933,0,
2023-06-20T15:00:00Z,704923,0.018234,0,
2023-06-20T16:00:00Z,704929,0.016162,0,
2023-06-20T17:00:00Z,704935,0.011129,0,
2023-06-20T18:00:00Z,704941,0.015253,0,
2023-06-20T19:00:00Z,704947,0.014838,0,
2023-06-20T20:00:00Z,704953,0.013032,0,
2023-06-20T21:00:00Z,704959,0.011819,0,
2023-06-20T22:00:00Z,704965,0.013196,0,
2023-06-20T23:00:00Z,704971,0.011018,0,
2023-06-21T00:00:00Z,704977,0.008796,0,
2023-06-21T01:00:00Z,704983,0.012567,0,
2023-06-21T02:00:00Z,704989,0.011404,0,
2023-06-21T03:00:00Z,704995,0.010144,0,
2023-06-21T04:00:00Z,705001,0.008257,0,
2023-06-21T05:00:00Z,705007,0.009805,0,
2023-06-21T06:00:00Z,705013,0.010817,0,
2023-06-21T07:00:00Z,705019,0.010817,0,
2023-06-21T08:00:00Z,705025,0.011435,0,
2023-06-21T09:00:00Z,705031,0.007643,0,
2023-06-21T10:00:00Z,705037,0.007828,0,
2023-06-21T11:00:00Z,705043,0.008492,0,
2023-06-21T12:00:00Z,705049,0.007145,0,
2023-06-21T13:00:00Z,705055,0.005613,0,
2023-06-21T14:00:00Z,705061,0.006034,0,
2023-06-21T15:00:00Z,705067,0.006302,0,
2023-06-21T16:00:00Z,705073,0.008123,0,
2023-06-21T17:00:00Z,705079,0.016741,0,
2023-06-21T18:00:00Z,705085,0.012047,0,
2023-06-21T19:00:00Z,705091,0.014770,0,
2023-06-21T20:00:00Z,705097,0.017402,0,
2023-06-21T21:00:00Z,705103,0.021418,0,
2023-06-21T22:00:00Z,705109,0.019912,0,
2023-06-21T23:00:00Z,705115,0.022026,0,
2023-06-22T00:00:00Z,705121,0.018842,0,
2023-06-22T01:00:00Z,705127,0.018126,0,
2023-06-22T02:00:00Z,705133,0.021008,0,
2023-06-22T03:00:00Z,705139,0.024252,0,
2023-06-22T04:00:00Z,705145,0.024262,0,
2023-06-22T05:00:00Z,705151,0.023461,0,
2023-06-22T06:00:00Z,705157,0.024459,0,
2023-06-22T07:00:00Z,705163,0.023080,0,
2023-06-22T08:00:00Z,705169,0.024207,0,
2023-06-22T09:00:00Z,705175,0.026536,0,
2023-06-22T10:00:00Z,705181,0.024897,0,
2023-06-22T11:00:00Z,705187,0.023731,0,
2023-06-22T12:00:00Z,705193,0.031296,0,
2023-06-22T13:00:00Z,705199,0.024192,0,
2023-06-22T14:00:00Z,705205,0.021875,0,
2023-06-22T15:00:00Z,705211,0.020628,0,
2023-06-22T16:00:00Z,705217,0.009059,0,
2023-06-22T17:00:00Z,705223,0.004835,0,
2023-06-22T18:00:00Z,705229,0.005140,0,
2023-06-22T19:00:00Z,705235,0.008967,0,
2023-06-22T20:00:00Z,705241,0.011361,0,
2023-06-22T21:00:00Z,705247,0.010872,0,
2023-06-22T22:00:00Z,705253,0.012535,0,
2023-06-22T23:00:00Z,705259,0.007441,0,
2023-06-23T00:00:00Z,705265,0.011479,0,
2023-06-23T01:00:00Z,705271,0.010404,0,
2023-06-23T02:00:00Z,705277,0.010494,0,
2023-06-23T03:00:00Z,705283,0.012148,0,
2023-06-23T04:00:00Z,705289,0.014578,0,
2023-06-23T05:00:00Z,705295,0.012575,0,
2023-06-23T06:00:00Z,705301,0.012579,0,
2023-06-23T07:00:00Z,705307,0.013889,0,
2023-06-23T08:00:00Z,705313,0.017465,0,
2023-06-23T09:00:00Z,705319,0.020961,0,
2023-06-23T10:00:00Z,705325,0.019070,0,
2023-06-23T11:00:00Z,705331,0.010304,0,
2023-06-23T12:00:00Z,705337,0.014055,0,
2023-06-23T13:00:00Z,705343,0.007175,0,
2023-06-23T14:00:00Z,705349,0.004812,0,
2023-06-23T15:00:00Z,705355,0.004325,0,
2023-06-23T16:00:00Z,705361,0.005803,0,
2023-06-23T17:00:00Z,705367,0.005662,0,
2023-06-23T18:00:00Z,705373,0.006932,0,
2023-06-23T19:00:00Z,705379,0.008478,0,
2023-06-23T20:00:00Z,705385,0.014658,0,
2023-06-23T21:00:00Z,705391,0.008499,0,
2023-06-23T22:00:00Z,705397,0.008747,0,
2023-06-23T23:00:00Z,705403,0.006380,0,
2023-06-24T00:00:00Z,705409,0.006220,0,
2023-06-24T01:00:00Z,705415,0.005817,0,
2023-06-24T02:00:00Z,705421,0.007466,0,
2023-06-24T03:00:00Z,705427,0.006412,0,
2023-06-24T04:00:00Z,705433,0.008752,0,
2023-06-24T05:00:00Z,705439,0.008207,0,
2023-06-24T06:00:00Z,705445,0.006509,0,
2023-06-24T07:00:00Z,705451,0.008050,0,
2023-06-24T08:00:00Z,705457,0.007420,0,
2023-06-24T09:00:00Z,705463,0.008821,0,
2023-06-24T10:00:00Z,705469,0.010293,0,
2023-06-24T11:00:00Z,705475,0.009482,0,
2023-06-24T12:00:00Z,705481,0.008965,0,
2023-06-24T13:00:00Z,705487,0.009407,0,
2023-06-24T14:00:00Z,705493,0.011955,0,
2023-06-24T15:00:00Z,705499,0.012671,0,
2023-06-24T16:00:00Z,705505,0.014850,0,
2023-06-24T17:00:00Z,705511,0.014035,0,
2023-06-24T18:00:00Z,705517,0.017922,0,
2023-06-24T19:00:00Z,705523,0.022164,0,
2023-06-24T20:00:00Z,705529,0.025403,0,
2023-06-24T21:00:00Z,705535,0.021949,0,
2023-06-24T22:00:00Z,705541,0.011860,0,
2023-06-24T23:00:00Z,705547,0.008841,0,
2023-06-25T00:00:00Z,705553,0.008238,0,
2023-06-25T01:00:00Z,705559,0.006282,0,
2023-06-25T02:00:00Z,705565,0.010177,0,
2023-06-25T03:00:00Z,705571,0.006694,0,
2023-06-25T04:00:00Z,705577,0.007126,0,
2023-06-25T05:00:00Z,705583,0.005427,0,
2023-06-25T06:00:00Z,705589,0.005074,0,
2023-06-25T07:00:00Z,705595,0.005468,0,
2023-06-25T08:00:00Z,705601,0.008226,0,
2023-06-25T09:00:00Z,705607,0.008017,0,
2023-06-25T10:00:00Z,705613,0.005361,0,
2023-06-25T11:00:00Z,705619,0.005504,0,
2023-06-25T12:00:00Z,705625,0.005845,0,
2023-06-25T13:00:00Z,705631,0.008336,0,
2023-06-25T14:00:00Z,705637,0.009427,0,
2023-06-25T15:00:00Z,705643,0.011018,0,
2023-06-25T16:00:00Z,705649,0.012647,0,
2023-06-25T17:00:00Z,705655,0.013907,0,
2023-06-25T18:00:00Z,705661,0.014979,0,
2023-06-25T19:00:00Z,705667,0.014275,0,
2023-06-25T20:00:00Z,705673,0.013096,0,
2023-06-25T21:00:00Z,705679,0.012105,0,
2023-06-25T22:00:00Z,705685,0.011037,0,
2023-06-25T23:00:00Z,705691,0.010348,0,
2023-06-26T00:00:00Z,705697,0.010169,0,
2023-06-26T01:00:00Z,705703,0.007062,0,
2023-06-26T02:00:00Z,705709,0.006951,0,
2023-06-26T03:00:00Z,705715,0.006183,0,
2023-06-26T04:00:00Z,705721,0.006854,0,
2023-06-26T05:00:00Z,705727,0.006616,0,
2023-06-26T06:00:00Z,705733,0.006698,0,
2023-06-26T07:00:00Z,705739,0.003241,0,
2023-06-26T08:00:00Z,705745,0.006864,0,
2023-06-26T09:00:00Z,705751,0.005698,0,
2023-06-26T10:00:00Z,705757,0.003567,0,
2023-06-26T11:00:00Z,705763,0.004175,0,
2023-06-26T12:00:00Z,705769,0.006772,0,
2023-06-26T13:00:00Z,705775,0.006341,0,
2023-06-26T14:00:00Z,705781,0.005807,0,
2023-06-26T15:00:00Z,705787,0.006387,0,
2023-06-26T16:00:00Z,705793,0.006438,0,
2023-06-26T17:00:00Z,705799,0.005423,0,
2023-06-26T18:00:00Z,705805,0.007682,0,
2023-06-26T19:00:00Z,705811,0.004892,0,
2023-06-26T20:00:00Z,705817,0.005568,0,
2023-06-26T21:00:00Z,705823,0.004732,0,
2023-06-26T22:00:00Z,705829,0.003427,0,
2023-06-26T23:00:00Z,705835,0.003532,0,
2023-06-27T00:00:00Z,705841,0.003896,0,
2023-06-27T01:00:00Z,705847,0.004145,0,
2023-06-27T02:00:00Z,705853,0.009508,0,
2023-06-27T03:00:00Z,705859,0.007156,0,
2023-06-27T04:00:00Z,705865,0.005831,0,
2023-06-27T05:00:00Z,705871,0.007282,0,
2023-06-27T06:00:00Z,705877,0.007874,0,
2023-06-27T07:00:00Z,705883,0.008823,0,
2023-06-27T08:00:00Z,705889,0.010338,0,
2023-06-27T09:00:00Z,705895,0.010168,0,
2023-06-27T10:00:00Z,705901,0.011871,0,
2023-06-27T11:00:00Z,705907,0.005788,0,
2023-06-27T12:00:00Z,705913,0.007337,0,
2023-06-27T13:00:00Z,705919,0.005733,0,
2023-06-27T14:00:00Z,705925,0.006247,0,
2023-06-27T15:00:00Z,705931,0.006543,0,
2023-06-27T16:00:00Z,705937,0.007764,0,
2023-06-27T17:00:00Z,705943,0.008604,0,
2023-06-27T18:00:00Z,705949,0.007002,0,
2023-06-27T19:00:00Z,705955,0.006933,0,
2023-06-27T20:00:00Z,705961,0.006796,0,
2023-06-27T21:00:00Z,705967,0.007082,0,
2023-06-27T22:00:00Z,705973,0.007030,0,
2023-06-27T23:00:00Z,705979,0.007704,0,
2023-06-28T00:00:00Z,705985,0.007081,0,
2023-06-28T01:00:00Z,705991,0.005797,0,
2023-06-28T02:00:00Z,705997,0.006505,0,
2023-06-28T03:00:00Z,706003,0.005968,0,
2023-06-28T04:00:00Z,706009,0.005861,0,
2023-06-28T05:00:00Z,706015,0.006174,0,
2023-06-28T06:00:00Z,706021,0.005941,0,
2023-06-28T07:00:00Z,706027,0.010290,0,
2023-06-28T08:00:00Z,706033,0.009941,0,
2023-06-28T09:00:00Z,706039,0.012394,0,
2023-06-28T10:00:00Z,706045,0.009715,0,
2023-06-28T11:00:00Z,706051,0.008781,0,
2023-06-28T12:00:00Z,706057,0.007144,0,
2023-06-28T13:00:00Z,706063,0.007425,0,
2023-06-28T14:00:00Z,706069,0.007932,0,
2023-06-28T15:00:00Z,706075,0.008715,0,
2023-06-28T16:00:00Z,706081,0.007026,0,
2023-06-28T17:00:00Z,706087,0.006653,0,
2023-06-28T18:00:00Z,706093,0.004827,0,
2023-06-28T19:00:00Z,706099,0.006774,0,
2023-06-28T20:00:00Z,706105,0.007809,0,
2023-06-28T21:00:00Z,706111,0.008653,0,
2023-06-28T22:00:00Z,706117,0.009666,0,
2023-06-28T23:00:00Z,706123,0.008661,0,
2023-06-29T00:00:00Z,706129,0.006271,0,
2023-06-29T01:00:00Z,706135,0.005861,0,
2023-06-29T02:00:00Z,706141,0.005082,0,
2023-06-29T03:00:00Z,706147,0.004155,0,
2023-06-29T04:00:00Z,706153,0.003816,0,
2023-06-29T05:00:00Z,706159,0.004281,0,
2023-06-29T06:00:00Z,706165,0.003677,0,
2023-06-29T07:00:00Z,706171,0.002698,0,
2023-06-29T08:00:00Z,706177,0.003141,0,
2023-06-29T09:00:00Z,706183,0.002924,0,
2023-06-29T10:00:00Z,706189,0.003636,0,
2023-06-29T11:00:00Z,706195,0.004587,0,
2023-06-29T12:00:00Z,706201,0.005217,0,
2023-06-29T13:00:00Z,706207,0.004856,0,
2023-06-29T14:00:00Z,706213,0.004186,0,
2023-06-29T15:00:00Z,706219,0.003909,0,
2023-06-29T16:00:00Z,706225,0.004227,0,
2023-06-29T17:00:00Z,706231,0.004203,0,
2023-06-29T18:00:00Z,706237,0.005375,0,
2023-06-29T19:00:00Z,706243,0.003792,0,
2023-06-29T20:00:00Z,706249,0.004021,0,
2023-06-29T21:00:00Z,706255,0.003864,0,
2023-06-29T22:00:00Z,706261,0.004928,0,
2023-06-29T23:00:00Z,706267,0.005987,0,
2023-06-30T00:00:00Z,706273,0.006653,0,
2023-06-30T01:00:00Z,706279,0.008137,0,
2023-06-30T02:00:00Z,706285,0.007614,0,
2023-06-30T03:00:00Z,706291,0.008614,0,
2023-06-30T04:00:00Z,706297,0.007906,0,
2023-06-30T05:00:00Z,706303,0.009743,0,
2023-06-30T06:00:00Z,706309,0.009404,0,
2023-06-30T07:00:00Z,706315,0.009214,0,
2023-06-30T08:00:00Z,706321,0.007483,0,
2023-06-30T09:00:00Z,706327,0.006875,0,
2023-06-30T10:00:00Z,706333,0.006045,0,
2023-06-30T11:00:00Z,706339,0.007810,0,
2023-06-30T12:00:00Z,706345,0.014361,0,
2023-06-30T13:00:00Z,706351,0.015037,0,
2023-06-30T14:00:00Z,706357,0.011379,0,
2023-06-30T15:00:00Z,706363,0.012329,0,
2023-06-30T16:00:00Z,706369,0.012416,0,
2023-06-30T17:00:00Z,706375,0.012008,0,
2023-06-30T18:00:00Z,706381,0.010290,0,
2023-06-30T19:00:00Z,706387,0.012076,0,
2023-06-30T20:00:00Z,706393,0.009705,0,
2023-06-30T21:00:00Z,706399,0.008993,0,
2023-06-30T22:00:00Z,706405,0.008539,0,
2023-06-30T23:00:00Z,706411,0.008654,0,
2023-07-01T00:00:00Z,706417,0.008092,0,
2023-07-01T01:00:00Z,706423,0.008722,0,
2023-07-01T02:00:00Z,706429,0.008465,0,
2023-07-01T03:00:00Z,706435,0.007487,0,
2023-07-01T04:00:00Z,706441,0.005747,0,
2023-07-01T05:00:00Z,706447,0.006312,0,
2023-07-01T06:00:00Z,706453,0.005482,0,
2023-07-01T07:00:00Z,706459,0.006080,0,
2023-07-01T08:00:00Z,706465,0.005203,0,
2023-07-01T09:00:00Z,706471,0.005412,0,
2023-07-01T10:00:00Z,706477,0.005700,0,
2023-07-01T11:00:00Z,706483,0.004525,0,
2023-07-01T12:00:00Z,706489,0.004818,0,
2023-07-01T13:00:00Z,706495,0.004779,0,
2023-07-01T14:00:00Z,706501,0.003462,0,
2023-07-01T15:00:00Z,706507,0.009607,0,
2023-07-01T16:00:00Z,706513,0.009395,0,
2023-07-01T17:00:00Z,706519,0.009837,0,
2023-07-01T18:00:00Z,706525,0.008727,0,
2023-07-01T19:00:00Z,706531,0.007574,0,
2023-07-01T20:00:00Z,706537,0.008641,0,
2023-07-01T21:00:00Z,706543,0.006139,0,
2023-07-01T22:00:00Z,706549,0.005036,0,
2023-07-01T23:00:00Z,706555,0.004594,0,
2023-07-02T00:00:00Z,706561,0.004579,0,
2023-07-02T01:00:00Z,706567,0.004278,0,
2023-07-02T02:00:00Z,706573,0.005098,0,
2023-07-02T03:00:00Z,706579,0.005773,0,
2023-07-02T04:00:00Z,706585,0.004521,0,
2023-07-02T05:00:00Z,706591,0.006618,0,
2023-07-02T06:00:00Z,706597,0.007860,0,
2023-07-02T07:00:00Z,706603,0.006953,0,
2023-07-02T08:00:00Z,706609,0.007187,0,
2023-07-02T09:00:00Z,706615,0.005324,0,
2023-07-02T10:00:00Z,706621,0.006600,0,
2023-07-02T11:00:00Z,706627,0.006175,0,
2023-07-02T12:00:00Z,706633,0.007251,0,
2023-07-02T13:00:00Z,706639,0.006272,0,
2023-07-02T14:00:00Z,706645,0.007781,0,
2023-07-02T15:00:00Z,706651,0.009830,0,
2023-07-02T16:00:00Z,706657,0.010860,0,
2023-07-02T17:00:00Z,706663,0.012610,0,
2023-07-02T18:00:00Z,706669,0.008760,0,
2023-07-02T19:00:00Z,706675,0.009061,0,
2023-07-02T20:00:00Z,706681,0.008697,0,
2023-07-02T21:00:00Z,706687,0.008353,0,
2023-07-02T22:00:00Z,706693,0.006951,0,
2023-07-02T23:00:00Z,706699,0.005897,0,
2023-07-03T00:00:00Z,706705,0.007327,0,
2023-07-03T01:00:00Z,706711,0.009273,0,
2023-07-03T02:00:00Z,706717,0.008792,0,
2023-07-03T03:00:00Z,706723,0.010612,0,
2023-07-03T04:00:00Z,706729,0.006425,0,
2023-07-03T05:00:00Z,706735,0.009591,0,
2023-07-03T06:00:00Z,706741,0.010420,0,
2023-07-03T07:00:00Z,706747,0.009385,0,
2023-07-03T08:00:00Z,706753,0.009074,0,
2023-07-03T09:00:00Z,706759,0.009901,0,
2023-07-03T10:00:00Z,706765,0.011173,0,
2023-07-03T11:00:00Z,706771,0.014507,0,
2023-07-03T12:00:00Z,706777,0.018470,0,
2023-07-03T13:00:00Z,706783,0.022410,0,
2023-07-03T14:00:00Z,706789,0.020093,0,
2023-07-03T15:00:00Z,706795,0.027123,0,
2023-07-03T16:00:00Z,706801,0.023271,0,
2023-07-03T17:00:00Z,706807,0.019681,0,
2023-07-03T18:00:00Z,706813,0.018710,0,
2023-07-03T19:00:00Z,706819,0.013006,0,
2023-07-03T20:00:00Z,706825,0.011922,0,
2023-07-03T21:00:00Z,706831,0.006675,0,
2023-07-03T22:00:00Z,706837,0.008857,0,
2023-07-03T23:00:00Z,706843,0.007042,0,
2023-07-04T00:00:00Z,706849,0.007873,0,
2023-07-04T01:00:00Z,706855,0.006653,0,
2023-07-04T02:00:00Z,706861,0.009256,0,
2023-07-04T03:00:00Z,706867,0.006645,0,
2023-07-04T04:00:00Z,706873,0.007295,0,
2023-07-04T05:00:00Z,706879,0.009385,0,
2023-07-04T06:00:00Z,706885,0.011144,0,
2023-07-04T07:00:00Z,706891,0.007965,0,
2023-07-04T08:00:00Z,706897,0.010503,0,
2023-07-04T09:00:00Z,706903,0.009118,0,
2023-07-04T10:00:00Z,706909,0.014494,0,
2023-07-04T11:00:00Z,706915,0.012985,0,
2023-07-04T12:00:00Z,706921,0.012059,0,
2023-07-04T13:00:00Z,706927,0.014446,0,
2023-07-04T14:00:00Z,706933,0.013012,0,
2023-07-04T15:00:00Z,706939,0.011933,0,
2023-07-04T16:00:00Z,706945,0.009352,0,
2023-07-04T17:00:00Z,706951,0.006604,0,
2023-07-04T18:00:00Z,706957,0.011434,0,
2023-07-04T19:00:00Z,706963,0.014895,0,
2023-07-04T20:00:00Z,706969,0.012796,0,
2023-07-04T21:00:00Z,706975,0.015660,0,
2023-07-04T22:00:00Z,706981,0.017272,0,
2023-07-04T23:00:00Z,706987,0.014015,0,
2023-07-05T00:00:00Z,706993,0.011026,0,
2023-07-05T01:00:00Z,706999,0.008478,0,
2023-07-05T02:00:00Z,707005,0.007825,0,
2023-07-05T03:00:00Z,707011,0.009260,0,
2023-07-05T04:00:00Z,707017,0.004220,0,
2023-07-05T05:00:00Z,707023,0.007614,0,
2023-07-05T06:00:00Z,707029,0.003528,0,
2023-07-05T07:00:00Z,707035,0.002830,0,
2023-07-05T08:00:00Z,707041,0.002916,0,
2023-07-05T09:00:00Z,707047,0.004402,0,
2023-07-05T10:00:00Z,707053,0.005997,0,
2023-07-05T11:00:00Z,707059,0.005540,0,
2023-07-05T12:00:00Z,707065,0.005288,0,
2023-07-05T13:00:00Z,707071,0.005144,0,
2023-07-05T14:00:00Z,707077,0.003472,0,
2023-07-05T15:00:00Z,707083,0.003829,0,
2023-07-05T16:00:00Z,707089,0.003761,0,
2023-07-05T17:00:00Z,707095,0.003281,0,
2023-07-05T18:00:00Z,707101,0.003343,0,
2023-07-05T19:00:00Z,707107,0.003722,0,
2023-07-05T20:00:00Z,707113,0.005520,0,
2023-07-05T21:00:00Z,707119,0.006239,0,
2023-07-05T22:00:00Z,707125,0.005926,0,
2023-07-05T23:00:00Z,707131,0.005570,0,
2023-07-06T00:00:00Z,707137,0.007653,0,
2023-07-06T01:00:00Z,707143,0.007405,0,
2023-07-06T02:00:00Z,707149,0.007350,0,
2023-07-06T03:00:00Z,707155,0.005484,0,
2023-07-06T04:00:00Z,707161,0.007648,0,
2023-07-06T05:00:00Z,707167,0.008497,0,
2023-07-06T06:00:00Z,707173,0.003991,0,
2023-07-06T07:00:00Z,707179,0.004697,0,
2023-07-06T08:00:00Z,707185,0.004290,0,
2023-07-06T09:00:00Z,707191,0.009485,0,
2023-07-06T10:00:00Z,707197,0.007980,0,
2023-07-06T11:00:00Z,707203,0.008329,0,
2023-07-06T12:00:00Z,707209,0.006367,0,
2023-07-06T13:00:00Z,707215,0.007658,0,
2023-07-06T14:00:00Z,707221,0.006979,0,
2023-07-06T15:00:00Z,707227,0.005246,0,
2023-07-06T16:00:00Z,707233,0.009564,0,
2023-07-06T17:00:00Z,707239,0.008775,0,
2023-07-06T18:00:00Z,707245,0.011009,0,
2023-07-06T19:00:00Z,707251,0.010200,0,
2023-07-06T20:00:00Z,707257,0.008661,0,
2023-07-06T21:00:00Z,707263,0.010015,0,
2023-07-06T22:00:00Z,707269,0.008706,0,
2023-07-06T23:00:00Z,707275,0.007552,0,
2023-07-07T00:00:00Z,707281,0.007194,0,
2023-07-07T01:00:00Z,707287,0.014428,0,
2023-07-07T02:00:00Z,707293,0.026798,0,
2023-07-07T03:00:00Z,707299,0.027134,0,
2023-07-07T04:00:00Z,707305,0.030081,0,
2023-07-07T05:00:00Z,707311,0.028776,0,
2023-07-07T06:00:00Z,707317,0.043386,0,
2023-07-07T07:00:00Z,707323,0.041783,0,
2023-07-07T08:00:00Z,707329,0.043138,0,
2023-07-07T09:00:00Z,707335,0.050504,0,
2023-07-07T10:00:00Z,707341,0.053196,0,
2023-07-07T11:00:00Z,707347,0.048463,0,
2023-07-07T12:00:00Z,707353,0.040605,0,
2023-07-07T13:00:00Z,707359,0.032800,0,
2023-07-07T14:00:00Z,707365,0.034832,0,
2023-07-07T15:00:00Z,707371,0.034029,0,
2023-07-07T16:00:00Z,707377,0.028733,0,
2023-07-07T17:00:00Z,707383,0.022660,0,
2023-07-07T18:00:00Z,707389,0.022955,0,
2023-07-07T19:00:00Z,707395,0.019443,0,
2023-07-07T20:00:00Z,707401,0.015782,0,
2023-07-07T21:00:00Z,707407,0.020979,0,
2023-07-07T22:00:00Z,707413,0.019642,0,
2023-07-07T23:00:00Z,707419,0.021806,0,
2023-07-08T00:00:00Z,707425,0.020740,0,
2023-07-08T01:00:00Z,707431,0.020351,0,
2023-07-08T02:00:00Z,707437,0.021472,0,
2023-07-08T03:00:00Z,707443,0.021621,0,
2023-07-08T04:00:00Z,707449,0.027269,0,
2023-07-08T05:00:00Z,707455,0.028173,0,
2023-07-08T06:00:00Z,707461,0.026188,0,
2023-07-08T07:00:00Z,707467,0.027567,0,
2023-07-08T08:00:00Z,707473,0.033915,0,
2023-07-08T09:00:00Z,707479,0.038850,0,
2023-07-08T10:00:00Z,707485,0.043712,0,
2023-07-08T11:00:00Z,707491,0.041559,0,
2023-07-08T12:00:00Z,707497,0.047152,0,
2023-07-08T13:00:00Z,707503,0.052580,0,
2023-07-08T14:00:00Z,707509,0.047811,0,
2023-07-08T15:00:00Z,707515,0.039704,0,
2023-07-08T16:00:00Z,707521,0.044607,0,
2023-07-08T17:00:00Z,707527,0.043440,0,
2023-07-08T18:00:00Z,707533,0.043148,0,
2023-07-08T19:00:00Z,707539,0.042585,0,
2023-07-08T20:00:00Z,707545,0.042454,0,
2023-07-08T21:00:00Z,707551,0.039115,0,
2023-07-08T22:00:00Z,707557,0.039803,0,
2023-07-08T23:00:00Z,707563,0.033218,0,
2023-07-09T00:00:00Z,707569,0.035133,0,
2023-07-09T01:00:00Z,707575,0.035896,0,
2023-07-09T02:00:00Z,707581,0.033375,0,
2023-07-09T03:00:00Z,707587,0.036308,0,
2023-07-09T04:00:00Z,707593,0.032542,0,
2023-07-09T05:00:00Z,707599,0.033549,0,
2023-07-09T06:00:00Z,707605,0.034060,0,
2023-07-09T07:00:00Z,707611,0.031575,0,
2023-07-09T08:00:00Z,707617,0.027802,0,
2023-07-09T09:00:00Z,707623,0.029648,0,
2023-07-09T10:00:00Z,707629,0.025795,0,
2023-07-09T11:00:00Z,707635,0.028873,0,
2023-07-09T12:00:00Z,707641,0.024668,0,
2023-07-09T13:00:00Z,707647,0.023381,0,
2023-07-09T14:00:00Z,707653,0.022852,0,
2023-07-09T15:00:00Z,707659,0.026510,0,
2023-07-09T16:00:00Z,707665,0.024880,0,
2023-07-09T17:00:00Z,707671,0.028697,0,
2023-07-09T18:00:00Z,707677,0.028427,0,
2023-07-09T19:00:00Z,707683,0.029453,0,
2023-07-09T20:00:00Z,707689,0.030022,0,
2023-07-09T21:00:00Z,707695,0.030366,0,
2023-07-09T22:00:00Z,707701,0.031419,0,
2023-07-09T23:00:00Z,707707,0.034068,0,
2023-07-10T00:00:00Z,707713,0.036972,0,
2023-07-10T01:00:00Z,707719,0.032547,0,
2023-07-10T02:00:00Z,707725,0.032358,0,
2023-07-10T03:00:00Z,707731,0.032531,0,
2023-07-10T04:00:00Z,707737,0.031235,0,
2023-07-10T05:00:00Z,707743,0.031347,0,
2023-07-10T06:00:00Z,707749,0.031515,0,
2023-07-10T07:00:00Z,707755,0.031319,0,
2023-07-10T08:00:00Z,707761,0.030111,0,
2023-07-10T09:00:00Z,707767,0.028063,0,
2023-07-10T10:00:00Z,707773,0.027746,0,
2023-07-10T11:00:00Z,707779,0.026313,0,
2023-07-10T12:00:00Z,707785,0.026255,0,
2023-07-10T13:00:00Z,707791,0.026995,0,
2023-07-10T14:00:00Z,707797,0.025795,0,
2023-07-10T15:00:00Z,707803,0.024249,0,
2023-07-10T16:00:00Z,707809,0.026170,0,
2023-07-10T17:00:00Z,707815,0.025932,0,
2023-07-10T18:00:00Z,707821,0.025006,0,
2023-07-10T19:00:00Z,707827,0.022750,0,
2023-07-10T20:00:00Z,707833,0.024279,0,
2023-07-10T21:00:00Z,707839,0.021633,0,
2023-07-10T22:00:00Z,707845,0.023195,0,
2023-07-10T23:00:00Z,707851,0.022657,0,
2023-07-11T00:00:00Z,707857,0.021297,0,
2023-07-11T01:00:00Z,707863,0.021914,0,
2023-07-11T02:00:00Z,707869,0.017647,0,
2023-07-11T03:00:00Z,707875,0.023135,0,
2023-07-11T04:00:00Z,707881,0.022502,0,
2023-07-11T05:00:00Z,707887,0.023321,0,
2023-07-11T06:00:00Z,707893,0.026629,0,
2023-07-11T07:00:00Z,707899,0.027074,0,
2023-07-11T08:00:00Z,707905,0.022767,0,
2023-07-11T09:00:00Z,707911,0.025693,0,
2023-07-11T10:00:00Z,707917,0.027929,0,
2023-07-11T11:00:00Z,707923,0.030498,0,
2023-07-11T12:00:00Z,707929,0.029082,0,
2023-07-11T13:00:00Z,707935,0.030135,0,
2023-07-11T14:00:00Z,707941,0.030143,0,
2023-07-11T15:00:00Z,707947,0.029770,0,
2023-07-11T16:00:00Z,707953,0.026797,0,
2023-07-11T17:00:00Z,707959,0.026012,0,
2023-07-11T18:00:00Z,707965,0.025020,0,
2023-07-11T19:00:00Z,707971,0.024831,0,
2023-07-11T20:00:00Z,707977,0.024666,0,
2023-07-11T21:00:00Z,707983,0.025637,0,
2023-07-11T22:00:00Z,707989,0.027547,0,
2023-07-11T23:00:00Z,707995,0.033085,0,
2023-07-12T00:00:00Z,708001,0.030737,0,
2023-07-12T01:00:00Z,708007,0.029360,0,
2023-07-12T02:00:00Z,708013,0.032878,0,
2023-07-12T03:00:00Z,708019,0.032545,0,
2023-07-12T04:00:00Z,708025,0.032897,0,
2023-07-12T05:00:00Z,708031,0.038109,0,
2023-07-12T06:00:00Z,708037,0.033205,0,
2023-07-12T07:00:00Z,708043,0.033813,0,
2023-07-12T08:00:00Z,708049,0.034232,0,
2023-07-12T09:00:00Z,708055,0.032852,0,
2023-07-12T10:00:00Z,708061,0.034451,0,
2023-07-12T11:00:00Z,708067,0.031172,0,
2023-07-12T12:00:00Z,708073,0.031003,0,
2023-07-12T13:00:00Z,708079,0.026833,0,
2023-07-12T14:00:00Z,708085,0.027099,0,
2023-07-12T15:00:00Z,708091,0.030622,0,
2023-07-12T16:00:00Z,708097,0.024920,0,
2023-07-12T17:00:00Z,708103,0.027170,0,
2023-07-12T18:00:00Z,708109,0.025541,0,
2023-07-12T19:00:00Z,708115,0.025138,0,
2023-07-12T20:00:00Z,708121,0.025973,0,
2023-07-12T21:00:00Z,708127,0.025392,0,
2023-07-12T22:00:00Z,708133,0.028781,0,
2023-07-12T23:00:00Z,708139,0.030628,0,
2023-07-13T00:00:00Z,708145,0.032142,0,
2023-07-13T01:00:00Z,708151,0.028469,0,
2023-07-13T02:00:00Z,708157,0.029347,0,
2023-07-13T03:00:00Z,708163,0.032636,0,
2023-07-13T04:00:00Z,708169,0.033695,0,
2023-07-13T05:00:00Z,708175,0.033376,0,
2023-07-13T06:00:00Z,708181,0.033227,0,
2023-07-13T07:00:00Z,708187,0.033596,0,
2023-07-13T08:00:00Z,708193,0.034013,0,
2023-07-13T09:00:00Z,708199,0.033593,0,
2023-07-13T10:00:00Z,708205,0.032812,0,
2023-07-13T11:00:00Z,708211,0.032220,0,
2023-07-13T12:00:00Z,708217,0.026852,0,
2023-07-13T13:00:00Z,708223,0.026690,0,
2023-07-13T14:00:00Z,708229,0.027212,0,
2023-07-13T15:00:00Z,708235,0.026548,0,
2023-07-13T16:00:00Z,708241,0.028860,0,
2023-07-13T17:00:00Z,708247,0.029289,0,
2023-07-13T18:00:00Z,708253,0.029495,0,
2023-07-13T19:00:00Z,708259,0.027022,0,
2023-07-13T20:00:00Z,708265,0.027496,0,
2023-07-13T21:00:00Z,708271,0.027560,0,
2023-07-13T22:00:00Z,708277,0.030136,0,
2023-07-13T23:00:00Z,708283,0.030294,0,
2023-07-14T00:00:00Z,708289,0.030220,0,
2023-07-14T01:00:00Z,708295,0.029177,0,
2023-07-14T02:00:00Z,708301,0.029054,0,
2023-07-14T03:00:00Z,708307,0.033963,0,
2023-07-14T04:00:00Z,708313,0.032648,0,
2023-07-14T05:00:00Z,708319,0.030928,0,
2023-07-14T06:00:00Z,708325,0.030940,0,
2023-07-14T07:00:00Z,708331,0.030446,0,
2023-07-14T08:00:00Z,708337,0.030833,0,
2023-07-14T09:00:00Z,708343,0.031672,0,
2023-07-14T10:00:00Z,708349,0.030864,0,
2023-07-14T11:00:00Z,708355,0.030592,0,
2023-07-14T12:00:00Z,708361,0.029377,0,
2023-07-14T13:00:00Z,708367,0.028403,0,
2023-07-14T14:00:00Z,708373,0.031174,0,
2023-07-14T15:00:00Z,708379,0.032530,0,
2023-07-14T16:00:00Z,708385,0.031097,0,
2023-07-14T17:00:00Z,708391,0.031042,0,
2023-07-14T18:00:00Z,708397,0.031274,0,
2023-07-14T19:00:00Z,708403,0.028933,0,
2023-07-14T20:00:00Z,708409,0.025899,0,
2023-07-14T21:00:00Z,708415,0.027404,0,
2023-07-14T22:00:00Z,708421,0.027742,0,
2023-07-14T23:00:00Z,708427,0.027823,0,
2023-07-15T00:00:00Z,708433,0.028217,0,
2023-07-15T01:00:00Z,708439,0.028414,0,
2023-07-15T02:00:00Z,708445,0.031225,0,
2023-07-15T03:00:00Z,708451,0.030900,0,
2023-07-15T04:00:00Z,708457,0.030443,0,
2023-07-15T05:00:00Z,708463,0.031288,0,
2023-07-15T06:00:00Z,708469,0.033816,0,
2023-07-15T07:00:00Z,708475,0.036086,0,
2023-07-15T08:00:00Z,708481,0.034820,0,
2023-07-15T09:00:00Z,708487,0.034117,0,
2023-07-15T10:00:00Z,708493,0.035099,0,
2023-07-15T11:00:00Z,708499,0.032834,0,
2023-07-15T12:00:00Z,708505,0.033823,0,
2023-07-15T13:00:00Z,708511,0.035736,0,
2023-07-15T14:00:00Z,708517,0.034346,0,
2023-07-15T15:00:00Z,708523,0.033785,0,
2023-07-15T16:00:00Z,708529,0.032509,0,
2023-07-15T17:00:00Z,708535,0.032287,0,
2023-07-15T18:00:00Z,708541,0.031593,0,
2023-07-15T19:00:00Z,708547,0.032153,0,
2023-07-15T20:00:00Z,708553,0.034497,0,
2023-07-15T21:00:00Z,708559,0.032926,0,
2023-07-15T22:00:00Z,708565,0.034016,0,
2023-07-15T23:00:00Z,708571,0.036060,0,
2023-07-16T00:00:00Z,708577,0.036962,0,
2023-07-16T01:00:00Z,708583,0.037971,0,
2023-07-16T02:00:00Z,708589,0.035752,0,
2023-07-16T03:00:00Z,708595,0.039795,0,
2023-07-16T04:00:00Z,708601,0.037603,0,
2023-07-16T05:00:00Z,708607,0.040413,0,
2023-07-16T06:00:00Z,708613,0.038873,0,
2023-07-16T07:00:00Z,708619,0.039798,0,
2023-07-16T08:00:00Z,708625,0.041644,0,
2023-07-16T09:00:00Z,708631,0.043600,0,
2023-07-16T10:00:00Z,708637,0.042681,0,
2023-07-16T11:00:00Z,708643,0.041724,0,
2023-07-16T12:00:00Z,708649,0.043055,0,
2023-07-16T13:00:00Z,708655,0.038525,0,
2023-07-16T14:00:00Z,708661,0.041848,0,
2023-07-16T15:00:00Z,708667,0.040786,0,
2023-07-16T16:00:00Z,708673,0.042163,0,
2023-07-16T17:00:00Z,708679,0.041617,0,
2023-07-16T18:00:00Z,708685,0.035484,0,
2023-07-16T19:00:00Z,708691,0.039288,0,
2023-07-16T20:00:00Z,708697,0.037869,0,
2023-07-16T21:00:00Z,708703,0.036815,0,
2023-07-16T22:00:00Z,708709,0.040950,0,
2023-07-16T23:00:00Z,708715,0.038958,0,
2023-07-17T00:00:00Z,708721,0.041527,0,
2023-07-17T01:00:00Z,708727,0.042900,0,
2023-07-17T02:00:00Z,708733,0.042989,0,
2023-07-17T03:00:00Z,708739,0.042216,0,
2023-07-17T04:00:00Z,708745,0.044463,0,
2023-07-17T05:00:00Z,708751,0.045818,0,
2023-07-17T06:00:00Z,708757,0.045186,0,
2023-07-17T07:00:00Z,708763,0.045392,0,
2023-07-17T08:00:00Z,708769,0.046789,0,
2023-07-17T09:00:00Z,708775,0.046063,0,
2023-07-17T10:00:00Z,708781,0.044803,0,
2023-07-17T11:00:00Z,708787,0.043379,0,
2023-07-17T12:00:00Z,708793,0.040064,0,
2023-07-17T13:00:00Z,708799,0.040318,0,
2023-07-17T14:00:00Z,708805,0.042034,0,
2023-07-17T15:00:00Z,708811,0.036446,0,
2023-07-17T16:00:00Z,708817,0.034937,0,
2023-07-17T17:00:00Z,708823,0.035509,0,
2023-07-17T18:00:00Z,708829,0.028452,0,
2023-07-17T19:00:00Z,708835,0.026627,0,
2023-07-17T20:00:00Z,708841,0.027609,0,
2023-07-17T21:00:00Z,708847,0.028056,0,
2023-07-17T22:00:00Z,708853,0.028425,0,
2023-07-17T23:00:00Z,708859,0.028961,0,
2023-07-18T00:00:00Z,708865,0.030424,0,
2023-07-18T01:00:00Z,708871,0.032908,0,
2023-07-18T02:00:00Z,708877,0.032920,0,
2023-07-18T03:00:00Z,708883,0.032517,0,
2023-07-18T04:00:00Z,708889,0.032528,0,
2023-07-18T05:00:00Z,708895,0.031277,0,
2023-07-18T06:00:00Z,708901,0.030000,0,
2023-07-18T07:00:00Z,708907,0.028951,0,
2023-07-18T08:00:00Z,708913,0.029188,0,
2023-07-18T09:00:00Z,708919,0.028776,0,
2023-07-18T10:00:00Z,708925,0.027866,0,
2023-07-18T11:00:00Z,708931,0.024538,0,
2023-07-18T12:00:00Z,708937,0.025066,0,
2023-07-18T13:00:00Z,708943,0.024336,0,
2023-07-18T14:00:00Z,708949,0.021280,0,
2023-07-18T15:00:00Z,708955,0.019094,0,
2023-07-18T16:00:00Z,708961,0.020393,0,
2023-07-18T17:00:00Z,708967,0.019198,0,
2023-07-18T18:00:00Z,708973,0.019889,0,
2023-07-18T19:00:00Z,708979,0.020920,0,
2023-07-18T20:00:00Z,708985,0.023046,0,
2023-07-18T21:00:00Z,708991,0.021869,0,
2023-07-18T22:00:00Z,708997,0.019408,0,
2023-07-18T23:00:00Z,709003,0.017327,0,
2023-07-19T00:00:00Z,709009,0.020865,0,
2023-07-19T01:00:00Z,709015,0.020544,0,
2023-07-19T02:00:00Z,709021,0.021389,0,
2023-07-19T03:00:00Z,709027,0.022070,0,
2023-07-19T04:00:00Z,709033,0.022819,0,
2023-07-19T05:00:00Z,709039,0.023567,0,
2023-07-19T06:00:00Z,709045,0.024888,0,
2023-07-19T07:00:00Z,709051,0.025921,0,
2023-07-19T08:00:00Z,709057,0.026746,0,
2023-07-19T09:00:00Z,709063,0.028298,0,
2023-07-19T10:00:00Z,709069,0.027267,0,
2023-07-19T11:00:00Z,709075,0.029447,0,
2023-07-19T12:00:00Z,709081,0.028746,0,
2023-07-19T13:00:00Z,709087,0.028251,0,
2023-07-19T14:00:00Z,709093,0.028820,0,
2023-07-19T15:00:00Z,709099,0.028279,0,
2023-07-19T16:00:00Z,709105,0.024454,0,
2023-07-19T17:00:00Z,709111,0.024078,0,
2023-07-19T18:00:00Z,709117,0.020800,0,
2023-07-19T19:00:00Z,709123,0.016990,0,
2023-07-19T20:00:00Z,709129,0.016664,0,
2023-07-19T21:00:00Z,709135,0.016762,0,
2023-07-19T22:00:00Z,709141,0.017449,0,
2023-07-19T23:00:00Z,709147,0.021735,0,
2023-07-20T00:00:00Z,709153,0.023734,0,
2023-07-20T01:00:00Z,709159,0.025004,0,
2023-07-20T02:00:00Z,709165,0.025320,0,
2023-07-20T03:00:00Z,709171,0.024626,0,
2023-07-20T04:00:00Z,709177,0.024174,0,
2023-07-20T05:00:00Z,709183,0.028093,0,
2023-07-20T06:00:00Z,709189,0.027949,0,
2023-07-20T07:00:00Z,709195,0.028553,0,
2023-07-20T08:00:00Z,709201,0.027716,0,
2023-07-20T09:00:00Z,709207,0.027829,0,
2023-07-20T10:00:00Z,709213,0.027663,0,
2023-07-20T11:00:00Z,709219,0.027599,0,
2023-07-20T12:00:00Z,709225,0.022328,0,
2023-07-20T13:00:00Z,709231,0.023021,0,
2023-07-20T14:00:00Z,709237,0.022663,0,
2023-07-20T15:00:00Z,709243,0.022279,0,
2023-07-20T16:00:00Z,709249,0.020614,0,
2023-07-20T17:00:00Z,709255,0.020860,0,
2023-07-20T18:00:00Z,709261,0.020146,0,
2023-07-20T19:00:00Z,709267,0.019753,0,
2023-07-20T20:00:00Z,709273,0.021483,0,
2023-07-20T21:00:00Z,709279,0.020909,0,
2023-07-20T22:00:00Z,709285,0.021116,0,
2023-07-20T23:00:00Z,709291,0.020897,0,
2023-07-21T00:00:00Z,709297,0.020976,0,
2023-07-21T01:00:00Z,709303,0.020836,0,
2023-07-21T02:00:00Z,709309,0.024487,0,
2023-07-21T03:00:00Z,709315,0.023940,0,
2023-07-21T04:00:00Z,709321,0.024607,0,
2023-07-21T05:00:00Z,709327,0.028112,0,
2023-07-21T06:00:00Z,709333,0.028004,0,
2023-07-21T07:00:00Z,709339,0.035428,0,
2023-07-21T08:00:00Z,709345,0.034522,0,
2023-07-21T09:00:00Z,709351,0.033992,0,
2023-07-21T10:00:00Z,709357,0.034810,0,
2023-07-21T11:00:00Z,709363,0.035370,0,
2023-07-21T12:00:00Z,709369,0.036562,0,
2023-07-21T13:00:00Z,709375,0.036641,0,
2023-07-21T14:00:00Z,709381,0.037378,0,
2023-07-21T15:00:00Z,709387,0.032558,0,
2023-07-21T16:00:00Z,709393,0.032428,0,
2023-07-21T17:00:00Z,709399,0.031500,0,
2023-07-21T18:00:00Z,709405,0.032651,0,
2023-07-21T19:00:00Z,709411,0.031725,0,
2023-07-21T20:00:00Z,709417,0.032054,0,
2023-07-21T21:00:00Z,709423,0.031435,0,
2023-07-21T22:00:00Z,709429,0.032204,0,
2023-07-21T23:00:00Z,709435,0.031386,0,
2023-07-22T00:00:00Z,709441,0.030188,0,
2023-07-22T01:00:00Z,709447,0.033821,0,
2023-07-22T02:00:00Z,709453,0.033191,0,
2023-07-22T03:00:00Z,709459,0.034054,0,
2023-07-22T04:00:00Z,709465,0.034019,0,
2023-07-22T05:00:00Z,709471,0.035948,0,
2023-07-22T06:00:00Z,709477,0.035024,0,
2023-07-22T07:00:00Z,709483,0.036187,0,
2023-07-22T08:00:00Z,709489,0.037251,0,
2023-07-22T09:00:00Z,709495,0.038235,0,
2023-07-22T10:00:00Z,709501,0.042944,0,
2023-07-22T11:00:00Z,709507,0.022001,0,
2023-07-22T12:00:00Z,709513,0.040160,0,
2023-07-22T13:00:00Z,709519,0.038916,0,
2023-07-22T14:00:00Z,709525,0.034214,0,
2023-07-22T15:00:00Z,709531,0.033321,0,
2023-07-22T16:00:00Z,709537,0.025218,0,
2023-07-22T17:00:00Z,709543,0.029119,0,
2023-07-22T18:00:00Z,709549,0.035021,0,
2023-07-22T19:00:00Z,709555,0.030039,0,
2023-07-22T20:00:00Z,709561,0.026775,0,
2023-07-22T21:00:00Z,709567,0.020194,0,
2023-07-22T22:00:00Z,709573,0.019107,0,
2023-07-22T23:00:00Z,709579,0.014686,0,
2023-07-23T00:00:00Z,709585,0.017823,0,
2023-07-23T01:00:00Z,709591,0.019324,0,
2023-07-23T02:00:00Z,709597,0.015415,0,
2023-07-23T03:00:00Z,709603,0.012712,0,
2023-07-23T04:00:00Z,709609,0.011562,0,
2023-07-23T05:00:00Z,709615,0.010386,0,
2023-07-23T06:00:00Z,709621,0.011136,0,
2023-07-23T07:00:00Z,709627,0.010891,0,
2023-07-23T08:00:00Z,709633,0.010019,0,
2023-07-23T09:00:00Z,709639,0.009385,0,
2023-07-23T10:00:00Z,709645,0.009403,0,
2023-07-23T11:00:00Z,709651,0.009498,0,
2023-07-23T12:00:00Z,709657,0.010472,0,
2023-07-23T13:00:00Z,709663,0.006135,0,
2023-07-23T14:00:00Z,709669,0.012202,0,
2023-07-23T15:00:00Z,709675,0.013558,0,
2023-07-23T16:00:00Z,709681,0.013848,0,
2023-07-23T17:00:00Z,709687,0.010716,0,
2023-07-23T18:00:00Z,709693,0.008436,0,
2023-07-23T19:00:00Z,709699,0.011167,0,
2023-07-23T20:00:00Z,709705,0.013917,0,
2023-07-23T21:00:00Z,709711,0.010836,0,
2023-07-23T22:00:00Z,709717,0.012747,0,
2023-07-23T23:00:00Z,709723,0.010399,0,
2023-07-24T00:00:00Z,709729,0.004748,0,
2023-07-24T01:00:00Z,709735,0.005639,0,
2023-07-24T02:00:00Z,709741,0.004629,0,
2023-07-24T03:00:00Z,709747,0.004043,0,
2023-07-24T04:00:00Z,709753,0.004417,0,
2023-07-24T05:00:00Z,709759,0.004707,0,
2023-07-24T06:00:00Z,709765,0.004460,0,
2023-07-24T07:00:00Z,709771,0.004542,0,
2023-07-24T08:00:00Z,709777,0.004979,0,
2023-07-24T09:00:00Z,709783,0.003917,0,
2023-07-24T10:00:00Z,709789,0.004899,0,
2023-07-24T11:00:00Z,709795,0.004147,0,
2023-07-24T12:00:00Z,709801,0.003990,0,
2023-07-24T13:00:00Z,709807,0.004797,0,
2023-07-24T14:00:00Z,709813,0.007916,0,
2023-07-24T15:00:00Z,709819,0.005205,0,
2023-07-24T16:00:00Z,709825,0.006825,0,
2023-07-24T17:00:00Z,709831,0.007977,0,
2023-07-24T18:00:00Z,709837,0.007718,0,
2023-07-24T19:00:00Z,709843,0.009011,0,
2023-07-24T20:00:00Z,709849,0.006815,0,
2023-07-24T21:00:00Z,709855,0.009959,0,
2023-07-24T22:00:00Z,709861,0.008842,0,
2023-07-24T23:00:00Z,709867,0.008560,0,
2023-07-25T00:00:00Z,709873,0.013059,0,
2023-07-25T01:00:00Z,709879,0.010600,0,
2023-07-25T02:00:00Z,709885,0.018615,0,
2023-07-25T03:00:00Z,709891,0.012794,0,
2023-07-25T04:00:00Z,709897,0.011898,0,
2023-07-25T05:00:00Z,709903,0.010093,0,
2023-07-25T06:00:00Z,709909,0.007838,0,
2023-07-25T07:00:00Z,709915,0.008205,0,
2023-07-25T08:00:00Z,709921,0.010090,0,
2023-07-25T09:00:00Z,709927,0.007575,0,
2023-07-25T10:00:00Z,709933,0.006216,0,
2023-07-25T11:00:00Z,709939,0.004977,0,
2023-07-25T12:00:00Z,709945,0.006027,0,
2023-07-25T13:00:00Z,709951,0.004937,0,
2023-07-25T14:00:00Z,709957,0.005088,0,
2023-07-25T15:00:00Z,709963,0.006900,0,
2023-07-25T16:00:00Z,709969,0.003846,0,
2023-07-25T17:00:00Z,709975,0.003917,0,
2023-07-25T18:00:00Z,709981,0.004868,0,
2023-07-25T19:00:00Z,709987,0.004430,0,
2023-07-25T20:00:00Z,709993,0.004865,0,
2023-07-25T21:00:00Z,709999,0.004263,0,
2023-07-25T22:00:00Z,710005,0.006807,0,
2023-07-25T23:00:00Z,710011,0.004669,0,
2023-07-26T00:00:00Z,710017,0.004770,0,
2023-07-26T01:00:00Z,710023,0.003500,0,
2023-07-26T02:00:00Z,710029,0.003687,0,
2023-07-26T03:00:00Z,710035,0.004648,0,
2023-07-26T04:00:00Z,710041,0.004775,0,
2023-07-26T05:00:00Z,710047,0.002987,0,
2023-07-26T06:00:00Z,710053,0.004219,0,
2023-07-26T07:00:00Z,710059,0.006780,0,
2023-07-26T08:00:00Z,710065,0.007887,0,
2023-07-28T11:40:00Z,710214,0.032749,0,
2023-07-28T12:40:00Z,710220,0.032760,0,
2023-07-28T13:40:00Z,710226,0.032869,0,
2023-07-28T14:40:00Z,710232,0.035546,0,
2023-07-28T15:40:00Z,710238,0.032103,0,
2023-07-28T16:40:00Z,710244,0.042531,0,
2023-07-28T17:40:00Z,710250,0.032880,0,
2023-07-28T18:40:00Z,710256,0.029995,0,
2023-07-28T19:40:00Z,710262,0.020537,0,
2023-07-28T20:40:00Z,710268,0.023600,0,
2023-07-28T21:40:00Z,710274,0.024368,0,
2023-07-28T22:40:00Z,710280,0.021303,0,
2023-07-28T23:40:00Z,710286,0.018858,0,
2023-07-29T00:40:00Z,710292,0.018088,0,
2023-07-29T01:40:00Z,710298,0.015774,0,
2023-07-29T02:40:00Z,710304,0.013055,0,
2023-07-29T03:40:00Z,710310,0.013907,0,
2023-07-29T04:40:00Z,710316,0.012259,0,
2023-07-29T05:40:00Z,710322,0.012315,0,
2023-07-29T06:40:00Z,710328,0.013692,0,
2023-07-29T07:40:00Z,710334,0.011022,0,
2023-07-29T08:40:00Z,710340,0.009708,0,
2023-07-29T09:40:00Z,710346,0.010580,0,
2023-07-29T10:40:00Z,710352,0.010816,0,
2023-07-29T11:40:00Z,710358,0.009553,0,
2023-07-29T12:40:00Z,710364,0.008496,0,
2023-07-29T13:40:00Z,710370,0.014640,0,
2023-07-29T14:40:00Z,710376,0.009685,0,
2023-07-29T15:40:00Z,710382,0.014943,0,
2023-07-29T16:40:00Z,710388,0.012684,0,
2023-07-29T17:40:00Z,710394,0.014066,0,
2023-07-29T18:40:00Z,710400,0.013699,0,
2023-07-29T19:40:00Z,710406,0.010769,0,
2023-07-29T20:40:00Z,710412,0.009607,0,
2023-07-29T21:40:00Z,710418,0.008894,0,
2023-07-29T22:40:00Z,710424,0.010288,0,
2023-07-29T23:40:00Z,710430,0.010028,0,
2023-07-30T00:40:00Z,710436,0.007889,0,
2023-07-30T01:40:00Z,710442,0.009339,0,
2023-07-30T02:40:00Z,710448,0.009438,0,
2023-07-30T03:40:00Z,710454,0.010251,0,
2023-07-30T04:40:00Z,710460,0.010600,0,
2023-07-30T05:40:00Z,710466,0.010667,0,
2023-07-30T06:40:00Z,710472,0.010841,0,
2023-07-30T07:40:00Z,710478,0.012003,0,
2023-07-30T08:40:00Z,710484,0.018058,0,
2023-07-30T09:40:00Z,710490,0.017990,0,
2023-07-30T10:40:00Z,710496,0.012341,0,
2023-07-30T11:40:00Z,710502,0.014207,0,
2023-07-30T12:40:00Z,710508,0.009803,0,
2023-07-30T13:40:00Z,710514,0.008449,0,
2023-07-30T14:40:00Z,710520,0.013870,0,
2023-07-30T15:40:00Z,710526,0.013076,0,
2023-07-30T16:40:00Z,710532,0.010574,0,
2023-07-30T17:40:00Z,710538,0.008724,0,
2023-07-30T18:40:00Z,710544,0.010003,0,
2023-07-30T19:40:00Z,710550,0.011800,0,
2023-07-30T20:40:00Z,710556,0.013046,0,
2023-07-30T21:40:00Z,710562,0.014391,0,
2023-07-30T22:40:00Z,710568,0.013308,0,
2023-07-30T23:40:00Z,710574,0.015999,0,
2023-07-31T00:40:00Z,710580,0.016093,0,
2023-07-31T01:40:00Z,710586,0.020320,0,
2023-07-31T02:40:00Z,710592,0.008851,0,
2023-07-31T03:40:00Z,710598,0.007652,0,
2023-07-31T04:40:00Z,710604,0.007913,0,
2023-07-31T05:40:00Z,710610,0.008249,0,
2023-07-31T06:40:00Z,710616,0.011191,0,
2023-07-31T07:40:00Z,710622,0.014704,0,
2023-07-31T08:40:00Z,710628,0.017922,0,
2023-07-31T09:40:00Z,710634,0.017339,0,
2023-07-31T10:40:00Z,710640,0.019508,0,
2023-07-31T11:40:00Z,710646,0.019370,0,
2023-07-31T12:40:00Z,710652,0.016452,0,
2023-07-31T13:40:00Z,710658,0.015258,0,
2023-07-31T14:40:00Z,710664,0.014464,0,
2023-07-31T15:40:00Z,710670,0.013007,0,
2023-07-31T16:40:00Z,710676,0.011002,0,
2023-07-31T17:40:00Z,710682,0.010984,0,
2023-07-31T18:40:00Z,710688,0.009981,0,
2023-07-31T19:40:00Z,710694,0.008001,0,
2023-07-31T20:40:00Z,710700,0.008155,0,
2023-07-31T21:40:00Z,710706,0.008268,0,
2023-07-31T22:40:00Z,710712,0.007533,0,
2023-07-31T23:40:00Z,710718,0.008338,0,
2023-08-01T00:40:00Z,710724,0.008624,0,
2023-08-01T01:40:00Z,710730,0.008189,0,
2023-08-01T02:40:00Z,710736,0.009367,0,
2023-08-01T03:40:00Z,710742,0.007635,0,
2023-08-01T04:40:00Z,710748,0.008943,0,
2023-08-01T05:40:00Z,710754,0.007906,0,
2023-08-01T06:40:00Z,710760,0.008856,0,
2023-08-01T07:40:00Z,710766,0.008106,0,
2023-08-01T08:40:00Z,710772,0.007824,0,
2023-08-01T09:40:00Z,710778,0.009501,0,
2023-08-01T10:40:00Z,710784,0.006444,0,
2023-08-01T11:40:00Z,710790,0.006981,0,
2023-08-01T12:40:00Z,710796,0.005600,0,
2023-08-01T13:40:00Z,710802,0.006202,0,
2023-08-01T14:40:00Z,710808,0.005566,0,
2023-08-01T15:40:00Z,710814,0.005768,0,
2023-08-01T16:40:00Z,710820,0.007105,0,
2023-08-01T17:40:00Z,710826,0.012480,0,
2023-08-01T18:40:00Z,710832,0.008634,0,
2023-08-01T19:40:00Z,710838,0.014252,0,
2023-08-01T20:40:00Z,710844,0.015452,0,
2023-08-01T21:40:00Z,710850,0.008996,0,
2023-08-01T22:40:00Z,710856,0.009973,0,
2023-08-01T23:40:00Z,710862,0.009308,0,
2023-08-02T00:40:00Z,710868,0.007165,0,
2023-08-02T01:40:00Z,710874,0.005732,0,
2023-08-02T02:40:00Z,710880,0.006220,0,
2023-08-02T03:40:00Z,710886,0.005975,0,
2023-08-02T04:40:00Z,710892,0.005699,0,
2023-08-02T05:40:00Z,710898,0.005644,0,
2023-08-02T06:40:00Z,710904,0.006403,0,
2023-08-02T07:40:00Z,710910,0.006710,0,
2023-08-02T08:40:00Z,710916,0.007490,0,
2023-08-02T09:40:00Z,710922,0.008537,0,
2023-08-02T10:40:00Z,710928,0.007862,0,
2023-08-02T11:40:00Z,710934,0.005419,0,
2023-08-02T12:40:00Z,710940,0.007350,0,
2023-08-02T13:40:00Z,710946,0.009202,0,
2023-08-02T14:40:00Z,710952,0.011672,0,
2023-08-02T15:40:00Z,710958,0.016695,0,
2023-08-02T16:40:00Z,710964,0.011498,0,
2023-08-02T17:40:00Z,710970,0.007232,0,
2023-08-02T18:40:00Z,710976,0.008460,0,
2023-08-02T19:40:00Z,710982,0.006480,0,
2023-08-02T20:40:00Z,710988,0.006509,0,
2023-08-02T21:40:00Z,710994,0.006677,0,
2023-08-02T22:40:00Z,711000,0.003738,0,
2023-08-02T23:40:00Z,711006,0.003457,0,
2023-08-03T00:40:00Z,711012,0.004500,0,
2023-08-03T01:40:00Z,711018,0.004459,0,
2023-08-03T02:40:00Z,711024,0.004427,0,
2023-08-03T03:40:00Z,711030,0.003239,0,
2023-08-03T04:40:00Z,711036,0.003401,0,
2023-08-03T05:40:00Z,711042,0.003309,0,
2023-08-03T06:40:00Z,711048,0.005991,0,
2023-08-03T07:40:00Z,711054,0.005842,0,
2023-08-03T08:40:00Z,711060,0.004722,0,
2023-08-03T09:40:00Z,711066,0.005391,0,
2023-08-03T10:40:00Z,711072,0.003243,0,
2023-08-03T11:40:00Z,711078,0.003549,0,
2023-08-03T12:40:00Z,711084,0.003079,0,
2023-08-03T13:40:00Z,711090,0.004065,0,
2023-08-03T14:40:00Z,711096,0.004028,0,
2023-08-03T15:40:00Z,711102,0.005707,0,
2023-08-03T16:40:00Z,711108,0.007931,0,
2023-08-03T17:40:00Z,711114,0.008589,0,
2023-08-03T18:40:00Z,711120,0.004521,0,
2023-08-03T19:40:00Z,711126,0.007123,0,
2023-08-03T20:40:00Z,711132,0.007323,0,
2023-08-03T21:40:00Z,711138,0.005782,0,
2023-08-03T22:40:00Z,711144,0.005425,0,
2023-08-03T23:40:00Z,711150,0.005666,0,
2023-08-04T00:40:00Z,711156,0.005658,0,
2023-08-04T01:40:00Z,711162,0.004538,0,
2023-08-04T02:40:00Z,711168,0.004897,0,
2023-08-04T03:40:00Z,711174,0.004794,0,
2023-08-04T04:40:00Z,711180,0.005637,0,
2023-08-04T05:40:00Z,711186,0.007458,0,
2023-08-04T06:40:00Z,711192,0.006579,0,
2023-08-04T07:40:00Z,711198,0.006735,0,
2023-08-04T08:40:00Z,711204,0.006294,0,
2023-08-04T09:40:00Z,711210,0.003444,0,
2023-08-04T10:40:00Z,711216,0.004116,0,
2023-08-04T11:40:00Z,711222,0.003532,0,
2023-08-04T12:40:00Z,711228,0.003477,0,
2023-08-04T13:40:00Z,711234,0.003259,0,
2023-08-04T14:40:00Z,711240,0.003202,0,
2023-08-04T15:40:00Z,711246,0.003755,0,
2023-08-04T16:40:00Z,711252,0.004178,0,
2023-08-04T17:40:00Z,711258,0.004384,0,
2023-08-04T18:40:00Z,711264,0.006597,0,
2023-08-04T19:40:00Z,711270,0.007731,0,
2023-08-04T20:40:00Z,711276,0.009785,0,
2023-08-04T21:40:00Z,711282,0.009775,0,
2023-08-04T22:40:00Z,711288,0.008293,0,
2023-08-04T23:40:00Z,711294,0.008413,0,
2023-08-05T00:40:00Z,711300,0.006706,0,
2023-08-05T01:40:00Z,711306,0.011782,0,
2023-08-05T02:40:00Z,711312,0.015636,0,
2023-08-05T03:40:00Z,711318,0.012847,0,
2023-08-05T04:40:00Z,711324,0.013091,0,
2023-08-05T05:40:00Z,711330,0.005970,0,
2023-08-05T06:40:00Z,711336,0.008461,0,
2023-08-05T07:40:00Z,711342,0.006876,0,
2023-08-05T08:40:00Z,711348,0.005529,0,
2023-08-05T09:40:00Z,711354,0.008421,0,
2023-08-05T10:40:00Z,711360,0.006739,0,
2023-08-05T11:40:00Z,711366,0.007067,0,
2023-08-05T12:40:00Z,711372,0.006168,0,
2023-08-05T13:40:00Z,711378,0.006764,0,
2023-08-05T14:40:00Z,711384,0.005609,0,
2023-08-05T15:40:00Z,711390,0.007188,0,
2023-08-05T16:40:00Z,711396,0.007297,0,
2023-08-05T17:40:00Z,711402,0.005850,0,
2023-08-05T18:40:00Z,711408,0.004841,0,
2023-08-05T19:40:00Z,711414,0.004477,0,
2023-08-05T20:40:00Z,711420,0.003351,0,
2023-08-05T21:40:00Z,711426,0.004674,0,
2023-08-05T22:40:00Z,711432,0.003364,0,
2023-08-05T23:40:00Z,711438,0.002943,0,
2023-08-06T00:40:00Z,711444,0.003436,0,
2023-08-06T01:40:00Z,711450,0.003942,0,
2023-08-06T02:40:00Z,711456,0.004745,0,
2023-08-06T03:40:00Z,711462,0.002786,0,
2023-08-06T04:40:00Z,711468,0.002715,0,
2023-08-06T05:40:00Z,711474,0.002859,0,
2023-08-06T06:40:00Z,711480,0.004877,0,
2023-08-06T07:40:00Z,711486,0.004517,0,
2023-08-06T08:40:00Z,711492,0.006667,0,
2023-08-06T09:40:00Z,711498,0.005532,0,
2023-08-06T10:40:00Z,711504,0.003251,0,
2023-08-06T11:40:00Z,711510,0.004277,0,
2023-08-06T12:40:00Z,711516,0.006766,0,
2023-08-06T13:40:00Z,711522,0.005373,0,
2023-08-06T14:40:00Z,711528,0.007651,0,
2023-08-06T15:40:00Z,711534,0.005881,0,
2023-08-06T16:40:00Z,711540,0.005608,0,
2023-08-06T17:40:00Z,711546,0.004147,0,
2023-08-06T18:40:00Z,711552,0.004897,0,
2023-08-06T19:40:00Z,711558,0.003977,0,
2023-08-06T20:40:00Z,711564,0.006380,0,
2023-08-06T21:40:00Z,711570,0.004006,0,
2023-08-06T22:40:00Z,711576,0.004215,0,
2023-08-06T23:40:00Z,711582,0.003624,0,
2023-08-07T00:40:00Z,711588,0.005614,0,
2023-08-07T01:40:00Z,711594,0.005687,0,
2023-08-07T02:40:00Z,711600,0.004491,0,
2023-08-07T03:40:00Z,711606,0.004472,0,
2023-08-07T04:40:00Z,711612,0.004143,0,
2023-08-07T05:40:00Z,711618,0.004254,0,
2023-08-07T06:40:00Z,711624,0.005243,0,
2023-08-07T07:40:00Z,711630,0.004869,0,
2023-08-07T08:40:00Z,711636,0.004366,0,
2023-08-07T09:40:00Z,711642,0.004324,0,
2023-08-07T10:40:00Z,711648,0.003302,0,
2023-08-07T11:40:00Z,711654,0.003912,0,
2023-08-07T12:40:00Z,711660,0.003972,0,
2023-08-07T13:40:00Z,711666,0.005116,0,
2023-08-07T14:40:00Z,711672,0.004108,0,
2023-08-07T15:40:00Z,711678,0.003533,0,
2023-08-07T16:40:00Z,711684,0.003617,0,
2023-08-07T17:40:00Z,711690,0.003554,0,
2023-08-07T18:40:00Z,711696,0.003513,0,
2023-08-07T19:40:00Z,711702,0.003698,0,
2023-08-07T20:40:00Z,711708,0.005613,0,
2023-08-07T21:40:00Z,711714,0.005635,0,
2023-08-07T22:40:00Z,711720,0.005295,0,
2023-08-07T23:40:00Z,711726,0.004534,0,
2023-08-08T00:40:00Z,711732,0.004963,0,
2023-08-08T01:40:00Z,711738,0.005445,0,
2023-08-08T02:40:00Z,711744,0.005416,0,
2023-08-08T03:40:00Z,711750,0.004138,0,
2023-08-08T04:40:00Z,711756,0.005960,0,
2023-08-08T05:40:00Z,711762,0.007012,0,
2023-08-08T06:40:00Z,711768,0.007472,0,
2023-08-08T07:40:00Z,711774,0.004667,0,
2023-08-08T08:40:00Z,711780,0.006792,0,
2023-08-08T09:40:00Z,711786,0.009290,0,
2023-08-08T10:40:00Z,711792,0.011366,0,
2023-08-08T11:40:00Z,711798,0.016068,0,
2023-08-08T12:40:00Z,711804,0.021221,0,
2023-08-08T13:40:00Z,711810,0.029886,0,
2023-08-08T14:40:00Z,711816,0.032688,0,
2023-08-08T15:40:00Z,711822,0.020045,0,
2023-08-08T16:40:00Z,711828,0.025338,0,
2023-08-08T17:40:00Z,711834,0.029852,0,
2023-08-08T18:40:00Z,711840,0.015022,0,
2023-08-08T19:40:00Z,711846,0.015943,0,
2023-08-08T20:40:00Z,711852,0.009601,0,
2023-08-08T21:40:00Z,711858,0.007723,0,
2023-08-08T22:40:00Z,711864,0.006149,0,
2023-08-08T23:40:00Z,711870,0.006635,0,
2023-08-09T00:40:00Z,711876,0.006012,0,
2023-08-09T01:40:00Z,711882,0.005751,0,
2023-08-09T02:40:00Z,711888,0.005724,0,
2023-08-09T03:40:00Z,711894,0.004675,0,
2023-08-09T04:40:00Z,711900,0.004861,0,
2023-08-09T05:40:00Z,711906,0.006244,0,
2023-08-09T06:40:00Z,711912,0.005330,0,
2023-08-09T07:40:00Z,711918,0.006262,0,
2023-08-09T08:40:00Z,711924,0.006887,0,
2023-08-09T09:40:00Z,711930,0.005127,0,
2023-08-09T10:40:00Z,711936,0.004253,0,
2023-08-09T11:40:00Z,711942,0.006664,0,
2023-08-09T12:40:00Z,711948,0.007590,0,
2023-08-09T13:40:00Z,711954,0.008157,0,
2023-08-09T14:40:00Z,711960,0.006829,0,
2023-08-09T15:40:00Z,711966,0.006583,0,
2023-08-09T16:40:00Z,711972,0.006788,0,
2023-08-09T17:40:00Z,711978,0.011098,0,
2023-08-09T18:40:00Z,711984,0.007515,0,
2023-08-09T19:40:00Z,711990,0.009483,0,
2023-08-09T20:40:00Z,711996,0.013134,0,
2023-08-09T21:40:00Z,712002,0.015624,0,
2023-08-09T22:40:00Z,712008,0.013189,0,
2023-08-09T23:40:00Z,712014,0.014010,0,
2023-08-10T00:40:00Z,712020,0.012401,0,
2023-08-10T01:40:00Z,712026,0.009889,0,
2023-08-10T02:40:00Z,712032,0.007386,0,
2023-08-10T03:40:00Z,712038,0.016446,0,
2023-08-10T04:40:00Z,712044,0.014444,0,
2023-08-10T05:40:00Z,712050,0.014842,0,
2023-08-10T06:40:00Z,712056,0.008107,0,
2023-08-10T07:40:00Z,712062,0.008918,0,
2023-08-10T08:40:00Z,712068,0.012547,0,
2023-08-10T09:40:00Z,712074,0.010885,0,
2023-08-10T10:40:00Z,712080,0.008614,0,
2023-08-10T11:40:00Z,712086,0.008587,0,
2023-08-10T12:40:00Z,712092,0.008132,0,
2023-08-10T13:40:00Z,712098,0.006947,0,
2023-08-10T14:40:00Z,712104,0.007229,0,
2023-08-10T15:40:00Z,712110,0.006173,0,
2023-08-10T16:40:00Z,712116,0.011033,0,
2023-08-10T17:40:00Z,712122,0.007319,0,
2023-08-10T18:40:00Z,712128,0.006868,0,
2023-08-10T19:40:00Z,712134,0.006688,0,
2023-08-10T20:40:00Z,712140,0.006373,0,
2023-08-10T21:40:00Z,712146,0.006150,0,
2023-08-10T22:40:00Z,712152,0.006971,0,
2023-08-10T23:40:00Z,712158,0.006651,0,
2023-08-11T00:40:00Z,712164,0.005896,0,
2023-08-11T01:40:00Z,712170,0.006423,0,
2023-08-11T02:40:00Z,712176,0.006304,0,
2023-08-11T03:40:00Z,712182,0.006890,0,
2023-08-11T04:40:00Z,712188,0.007429,0,
2023-08-11T05:40:00Z,712194,0.008153,0,
2023-08-11T06:40:00Z,712200,0.007520,0,
2023-08-11T07:40:00Z,712206,0.014006,0,
2023-08-11T08:40:00Z,712212,0.008196,0,
2023-08-11T09:40:00Z,712218,0.008610,0,
2023-08-11T10:40:00Z,712224,0.009206,0,
2023-08-11T11:40:00Z,712230,0.012012,0,
2023-08-11T12:40:00Z,712236,0.011289,0,
2023-08-11T13:40:00Z,712242,0.010031,0,
2023-08-11T14:40:00Z,712248,0.009399,0,
2023-08-11T15:40:00Z,712254,0.009007,0,
2023-08-11T16:40:00Z,712260,0.007579,0,
2023-08-11T17:40:00Z,712266,0.007657,0,
2023-08-11T18:40:00Z,712272,0.007320,0,
2023-08-11T19:40:00Z,712278,0.007896,0,
2023-08-11T20:40:00Z,712284,0.006304,0,
2023-08-11T21:40:00Z,712290,0.011032,0,
2023-08-11T22:40:00Z,712296,0.008113,0,
2023-08-11T23:40:00Z,712302,0.005697,0,
2023-08-12T00:40:00Z,712308,0.006402,0,
2023-08-12T01:40:00Z,712314,0.007298,0,
2023-08-12T02:40:00Z,712320,0.006965,0,
2023-08-12T03:40:00Z,712326,0.007259,0,
2023-08-12T04:40:00Z,712332,0.004420,0,
2023-08-12T05:40:00Z,712338,0.007005,0,
2023-08-12T06:40:00Z,712344,0.004814,0,
2023-08-12T07:40:00Z,712350,0.009475,0,
2023-08-12T08:40:00Z,712356,0.008174,0,
2023-08-12T09:40:00Z,712362,0.010426,0,
2023-08-12T10:40:00Z,712368,0.012612,0,
2023-08-12T11:40:00Z,712374,0.014565,0,
2023-08-12T12:40:00Z,712380,0.013989,0,
2023-08-12T13:40:00Z,712386,0.015075,0,
2023-08-12T14:40:00Z,712392,0.018786,0,
2023-08-12T15:40:00Z,712398,0.018498,0,
2023-08-12T16:40:00Z,712404,0.019445,0,
2023-08-12T17:40:00Z,712410,0.019478,0,
2023-08-12T18:40:00Z,712416,0.018117,0,
2023-08-12T19:40:00Z,712422,0.013462,0,
2023-08-12T20:40:00Z,712428,0.011599,0,
2023-08-12T21:40:00Z,712434,0.008811,0,
2023-08-12T22:40:00Z,712440,0.008403,0,
2023-08-12T23:40:00Z,712446,0.015230,0,
2023-08-13T00:40:00Z,712452,0.009284,0,
2023-08-13T01:40:00Z,712458,0.008762,0,
2023-08-13T02:40:00Z,712464,0.008476,0,
2023-08-13T03:40:00Z,712470,0.009353,0,
2023-08-13T04:40:00Z,712476,0.008349,0,
2023-08-13T05:40:00Z,712482,0.008703,0,
2023-08-13T06:40:00Z,712488,0.008796,0,
2023-08-13T07:40:00Z,712494,0.009155,0,
2023-08-13T08:40:00Z,712500,0.009390,0,
2023-08-13T09:40:00Z,712506,0.006889,0,
2023-08-13T10:40:00Z,712512,0.010372,0,
2023-08-13T11:40:00Z,712518,0.012857,0,
2023-08-13T12:40:00Z,712524,0.016676,0,
2023-08-13T13:40:00Z,712530,0.015769,0,
2023-08-13T14:40:00Z,712536,0.016856,0,
2023-08-13T15:40:00Z,712542,0.016686,0,
2023-08-13T16:40:00Z,712548,0.016045,0,
2023-08-13T17:40:00Z,712554,0.015684,0,
2023-08-13T18:40:00Z,712560,0.017397,0,
2023-08-13T19:40:00Z,712566,0.007486,0,
2023-08-13T20:40:00Z,712572,0.011813,0,
2023-08-13T21:40:00Z,712578,0.009261,0,
2023-08-13T22:40:00Z,712584,0.008391,0,
2023-08-13T23:40:00Z,712590,0.008420,0,
2023-08-14T00:40:00Z,712596,0.009267,0,
2023-08-14T01:40:00Z,712602,0.009194,0,
2023-08-14T02:40:00Z,712608,0.008527,0,
2023-08-14T03:40:00Z,712614,0.006725,0,
2023-08-14T04:40:00Z,712620,0.007803,0,
2023-08-14T05:40:00Z,712626,0.006509,0,
2023-08-14T06:40:00Z,712632,0.007947,0,
2023-08-14T07:40:00Z,712638,0.006840,0,
2023-08-14T08:40:00Z,712644,0.006982,0,
2023-08-14T09:40:00Z,712650,0.006141,0,
2023-08-14T10:40:00Z,712656,0.006179,0,
2023-08-14T11:40:00Z,712662,0.006568,0,
2023-08-14T12:40:00Z,712668,0.010285,0,
2023-08-14T13:40:00Z,712674,0.015202,0,
2023-08-14T14:40:00Z,712680,0.014114,0,
2023-08-14T15:40:00Z,712686,0.015039,0,
2023-08-14T16:40:00Z,712692,0.015279,0,
2023-08-14T17:40:00Z,712698,0.015917,0,
2023-08-14T18:40:00Z,712704,0.016584,0,
2023-08-14T19:40:00Z,712710,0.014265,0,
2023-08-14T20:40:00Z,712716,0.011369,0,
2023-08-14T21:40:00Z,712722,0.006755,0,
2023-08-14T22:40:00Z,712728,0.008228,0,
2023-08-14T23:40:00Z,712734,0.008786,0,
2023-08-15T00:40:00Z,712740,0.008000,0,
2023-08-15T01:40:00Z,712746,0.007561,0,
2023-08-15T02:40:00Z,712752,0.007032,0,
2023-08-15T03:40:00Z,712758,0.007276,0,
2023-08-15T04:40:00Z,712764,0.006970,0,
2023-08-15T05:40:00Z,712770,0.005570,0,
2023-08-15T06:40:00Z,712776,0.008299,0,
2023-08-15T07:40:00Z,712782,0.009684,0,
2023-08-15T08:40:00Z,712788,0.010620,0,
2023-08-15T09:40:00Z,712794,0.008900,0,
2023-08-15T10:40:00Z,712800,0.010434,0,
2023-08-15T11:40:00Z,712806,0.008876,0,
2023-08-15T12:40:00Z,712812,0.007726,0,
2023-08-15T13:40:00Z,712818,0.006449,0,
2023-08-15T14:40:00Z,712824,0.008185,0,
2023-08-15T15:40:00Z,712830,0.008607,0,
2023-08-15T16:40:00Z,712836,0.010706,0,
2023-08-15T17:40:00Z,712842,0.009142,0,
2023-08-15T18:40:00Z,712848,0.010443,0,
2023-08-15T19:40:00Z,712854,0.011649,0,
2023-08-15T20:40:00Z,712860,0.012463,0,
2023-08-15T21:40:00Z,712866,0.010837,0,
2023-08-15T22:40:00Z,712872,0.007424,0,
2023-08-15T23:40:00Z,712878,0.009948,0,
2023-08-16T00:40:00Z,712884,0.009824,0,
2023-08-16T01:40:00Z,712890,0.010172,0,
2023-08-16T02:40:00Z,712896,0.009029,0,
2023-08-16T03:40:00Z,712902,0.012797,0,
2023-08-16T04:40:00Z,712908,0.012880,0,
2023-08-16T05:40:00Z,712914,0.018459,0,
2023-08-16T06:40:00Z,712920,0.018555,0,
2023-08-16T07:40:00Z,712926,0.020619,0,
2023-08-16T08:40:00Z,712932,0.019712,0,
2023-08-16T09:40:00Z,712938,0.021607,0,
2023-08-16T10:40:00Z,712944,0.022098,0,
2023-08-16T11:40:00Z,712950,0.029536,0,
2023-08-16T12:40:00Z,712956,0.027759,0,
2023-08-16T13:40:00Z,712962,0.023386,0,
2023-08-16T14:40:00Z,712968,0.019618,0,
2023-08-16T15:40:00Z,712974,0.021287,0,
2023-08-16T16:40:00Z,712980,0.020577,0,
2023-08-16T17:40:00Z,712986,0.011695,0,
2023-08-16T18:40:00Z,712992,0.006762,0,
2023-08-16T19:40:00Z,712998,0.007627,0,
2023-08-16T20:40:00Z,713004,0.008676,0,
2023-08-16T21:40:00Z,713010,0.006486,0,
2023-08-16T22:40:00Z,713016,0.007449,0,
2023-08-16T23:40:00Z,713022,0.006249,0,
2023-08-17T00:40:00Z,713028,0.006346,0,
2023-08-17T01:40:00Z,713034,0.005950,0,
2023-08-17T02:40:00Z,713040,0.003932,0,
2023-08-17T03:40:00Z,713046,0.006123,0,
2023-08-17T04:40:00Z,713052,0.006028,0,
2023-08-17T05:40:00Z,713058,0.005058,0,
2023-08-17T06:40:00Z,713064,0.004010,0,
2023-08-17T07:40:00Z,713070,0.005020,0,
2023-08-17T08:40:00Z,713076,0.003643,0,
2023-08-17T09:40:00Z,713082,0.004582,0,
2023-08-17T10:40:00Z,713088,0.004392,0,
2023-08-17T11:40:00Z,713094,0.004476,0,
2023-08-17T12:40:00Z,713100,0.004532,0,
2023-08-17T13:40:00Z,713106,0.005902,0,
2023-08-17T14:40:00Z,713112,0.004910,0,
2023-08-17T15:40:00Z,713118,0.004812,0,
2023-08-17T16:40:00Z,713124,0.004136,0,
2023-08-17T17:40:00Z,713130,0.005167,0,
2023-08-17T18:40:00Z,713136,0.005283,0,
2023-08-17T19:40:00Z,713142,0.005161,0,
2023-08-17T20:40:00Z,713148,0.005399,0,
2023-08-17T21:40:00Z,713154,0.008684,0,
2023-08-17T22:40:00Z,713160,0.005324,0,
2023-08-17T23:40:00Z,713166,0.005331,0,
2023-08-18T00:40:00Z,713172,0.005247,0,
2023-08-18T01:40:00Z,713178,0.005395,0,
2023-08-18T02:40:00Z,713184,0.005320,0,
2023-08-18T03:40:00Z,713190,0.005459,0,
2023-08-18T04:40:00Z,713196,0.005942,0,
2023-08-18T05:40:00Z,713202,0.006204,0,
2023-08-18T06:40:00Z,713208,0.006608,0,
2023-08-18T07:40:00Z,713214,0.006003,0,
2023-08-18T08:40:00Z,713220,0.007052,0,
2023-08-18T09:40:00Z,713226,0.005274,0,
2023-08-18T10:40:00Z,713232,0.006467,0,
2023-08-18T11:40:00Z,713238,0.005649,0,
2023-08-18T12:40:00Z,713244,0.005982,0,
2023-08-18T13:40:00Z,713250,0.005191,0,
2023-08-18T14:40:00Z,713256,0.006208,0,
2023-08-18T15:40:00Z,713262,0.006208,0,
2023-08-18T16:40:00Z,713268,0.004963,0,
2023-08-18T17:40:00Z,713274,0.007835,0,
2023-08-18T18:40:00Z,713280,0.007836,0,
2023-08-18T19:40:00Z,713286,0.008565,0,
2023-08-18T20:40:00Z,713292,0.005164,0,
2023-08-18T21:40:00Z,713298,0.004606,0,
2023-08-18T22:40:00Z,713304,0.006089,0,
2023-08-18T23:40:00Z,713310,0.005877,0,
2023-08-19T00:40:00Z,713316,0.006273,0,
2023-08-19T01:40:00Z,713322,0.004823,0,
2023-08-19T02:40:00Z,713328,0.006630,0,
2023-08-19T03:40:00Z,713334,0.005508,0,
2023-08-19T04:40:00Z,713340,0.006856,0,
2023-08-19T05:40:00Z,713346,0.007527,0,
2023-08-19T06:40:00Z,713352,0.009024,0,
2023-08-19T07:40:00Z,713358,0.007128,0,
2023-08-19T08:40:00Z,713364,0.007097,0,
2023-08-19T09:40:00Z,713370,0.009022,0,
2023-08-19T10:40:00Z,713376,0.014645,0,
2023-08-19T11:40:00Z,713382,0.016958,0,
2023-08-19T12:40:00Z,713388,0.016796,0,
2023-08-19T13:40:00Z,713394,0.013954,0,
2023-08-19T14:40:00Z,713400,0.012313,0,
2023-08-19T15:40:00Z,713406,0.010267,0,
2023-08-19T16:40:00Z,713412,0.011504,0,
2023-08-19T17:40:00Z,713418,0.010545,0,
2023-08-19T18:40:00Z,713424,0.008081,0,
2023-08-19T19:40:00Z,713430,0.014508,0,
2023-08-19T20:40:00Z,713436,0.007218,0,
2023-08-19T21:40:00Z,713442,0.004405,0,
2023-08-19T22:40:00Z,713448,0.008649,0,
2023-08-19T23:40:00Z,713454,0.008860,0,
2023-08-20T00:40:00Z,713460,0.007362,0,
2023-08-20T01:40:00Z,713466,0.007840,0,
2023-08-20T02:40:00Z,713472,0.008070,0,
2023-08-20T03:40:00Z,713478,0.008480,0,
2023-08-20T04:40:00Z,713484,0.008428,0,
2023-08-20T05:40:00Z,713490,0.008566,0,
2023-08-20T06:40:00Z,713496,0.007576,0,
2023-08-20T07:40:00Z,713502,0.008568,0,
2023-08-20T08:40:00Z,713508,0.008073,0,
2023-08-20T09:40:00Z,713514,0.008090,0,
2023-08-20T10:40:00Z,713520,0.007763,0,
2023-08-20T11:40:00Z,713526,0.009494,0,
2023-08-20T12:40:00Z,713532,0.010563,0,
2023-08-20T13:40:00Z,713538,0.008939,0,
2023-08-20T14:40:00Z,713544,0.009919,0,
2023-08-20T15:40:00Z,713550,0.008293,0,
2023-08-20T16:40:00Z,713556,0.008181,0,
2023-08-20T17:40:00Z,713562,0.009222,0,
2023-08-20T18:40:00Z,713568,0.008973,0,
2023-08-20T19:40:00Z,713574,0.007094,0,
2023-08-20T20:40:00Z,713580,0.007367,0,
2023-08-20T21:40:00Z,713586,0.005690,0,
2023-08-20T22:40:00Z,713592,0.007533,0,
2023-08-20T23:40:00Z,713598,0.007906,0,
2023-08-21T00:40:00Z,713604,0.007402,0,
2023-08-21T01:40:00Z,713610,0.006026,0,
2023-08-21T02:40:00Z,713616,0.007422,0,
2023-08-21T03:40:00Z,713622,0.005989,0,
2023-08-21T04:40:00Z,713628,0.009018,0,
2023-08-21T05:40:00Z,713634,0.009664,0,
2023-08-21T06:40:00Z,713640,0.012044,0,
2023-08-21T07:40:00Z,713646,0.009684,0,
2023-08-21T08:40:00Z,713652,0.010352,0,
2023-08-21T09:40:00Z,713658,0.008216,0,
2023-08-21T10:40:00Z,713664,0.009133,0,
2023-08-21T11:40:00Z,713670,0.008303,0,
2023-08-21T12:40:00Z,713676,0.007645,0,
2023-08-21T13:40:00Z,713682,0.005558,0,
2023-08-21T14:40:00Z,713688,0.008409,0,
2023-08-21T15:40:00Z,713694,0.006688,0,
2023-08-21T16:40:00Z,713700,0.006417,0,
2023-08-21T17:40:00Z,713706,0.007859,0,
2023-08-21T18:40:00Z,713712,0.006460,0,
2023-08-21T19:40:00Z,713718,0.007500,0,
2023-08-21T20:40:00Z,713724,0.007457,0,
2023-08-21T21:40:00Z,713730,0.004642,0,
2023-08-21T22:40:00Z,713736,0.008482,0,
2023-08-21T23:40:00Z,713742,0.004909,0,
2023-08-22T00:40:00Z,713748,0.007134,0,
2023-08-22T01:40:00Z,713754,0.009460,0,
2023-08-22T02:40:00Z,713760,0.007485,0,
2023-08-22T03:40:00Z,713766,0.008216,0,
2023-08-22T04:40:00Z,713772,0.008333,0,
2023-08-22T05:40:00Z,713778,0.009441,0,
2023-08-22T06:40:00Z,713784,0.010182,0,
2023-08-22T07:40:00Z,713790,0.023385,0,
2023-08-22T08:40:00Z,713796,0.015287,0,
2023-08-22T09:40:00Z,713802,0.009641,0,
2023-08-22T10:40:00Z,713808,0.008078,0,
2023-08-22T11:40:00Z,713814,0.010822,0,
2023-08-22T12:40:00Z,713820,0.008263,0,
2023-08-22T13:40:00Z,713826,0.006972,0,
2023-08-22T14:40:00Z,713832,0.006811,0,
2023-08-22T15:40:00Z,713838,0.007106,0,
2023-08-22T16:40:00Z,713844,0.006027,0,
2023-08-22T17:40:00Z,713850,0.005397,0,
2023-08-22T18:40:00Z,713856,0.010194,0,
2023-08-22T19:40:00Z,713862,0.006374,0,
2023-08-22T20:40:00Z,713868,0.007276,0,
2023-08-22T21:40:00Z,713874,0.006358,0,
2023-08-22T22:40:00Z,713880,0.006821,0,
2023-08-22T23:40:00Z,713886,0.005812,0,
2023-08-23T00:40:00Z,713892,0.005678,0,
2023-08-23T01:40:00Z,713898,0.011904,0,
2023-08-23T02:40:00Z,713904,0.012362,0,
2023-08-23T03:40:00Z,713910,0.013169,0,
2023-08-23T04:40:00Z,713916,0.012079,0,
2023-08-23T05:40:00Z,713922,0.010578,0,
2023-08-23T06:40:00Z,713928,0.011306,0,
2023-08-23T07:40:00Z,713934,0.013939,0,
2023-08-23T08:40:00Z,713940,0.016430,0,
2023-08-23T09:40:00Z,713946,0.014168,0,
2023-08-23T10:40:00Z,713952,0.013106,0,
2023-08-23T11:40:00Z,713958,0.012063,0,
2023-08-23T12:40:00Z,713964,0.015961,0,
2023-08-23T13:40:00Z,713970,0.016992,0,
2023-08-23T14:40:00Z,713976,0.011855,0,
2023-08-23T15:40:00Z,713982,0.009222,0,
2023-08-23T16:40:00Z,713988,0.018997,0,
2023-08-23T17:40:00Z,713994,0.018626,0,
2023-08-23T18:40:00Z,714000,0.011019,0,
2023-08-23T19:40:00Z,714006,0.012613,0,
2023-08-23T20:40:00Z,714012,0.013132,0,
2023-08-23T21:40:00Z,714018,0.017856,0,
2023-08-23T22:40:00Z,714024,0.017423,0,
2023-08-23T23:40:00Z,714030,0.016346,0,
2023-08-24T00:40:00Z,714036,0.014613,0,
2023-08-24T01:40:00Z,714042,0.009584,0,
2023-08-24T02:40:00Z,714048,0.010902,0,
2023-08-24T03:40:00Z,714054,0.010695,0,
2023-08-24T04:40:00Z,714060,0.012751,0,
2023-08-24T05:40:00Z,714066,0.014901,0,
2023-08-24T06:40:00Z,714072,0.015850,0,
2023-08-24T07:40:00Z,714078,0.013515,0,
2023-08-24T08:40:00Z,714084,0.011427,0,
2023-08-24T09:40:00Z,714090,0.013989,0,
2023-08-24T10:40:00Z,714096,0.016918,0,
2023-08-24T11:40:00Z,714102,0.010779,0,
2023-08-24T12:40:00Z,714108,0.015485,0,
2023-08-24T13:40:00Z,714114,0.006806,0,
2023-08-24T14:40:00Z,714120,0.005995,0,
2023-08-24T15:40:00Z,714126,0.005700,0,
2023-08-24T16:40:00Z,714132,0.006074,0,
2023-08-24T17:40:00Z,714138,0.005723,0,
2023-08-24T18:40:00Z,714144,0.005213,0,
2023-08-24T19:40:00Z,714150,0.005119,0,
2023-08-24T20:40:00Z,714156,0.005039,0,
2023-08-24T21:40:00Z,714162,0.002966,0,
2023-08-24T22:40:00Z,714168,0.003961,0,
2023-08-24T23:40:00Z,714174,0.003449,0,
2023-08-25T00:40:00Z,714180,0.004020,0,
2023-08-25T01:40:00Z,714186,0.004903,0,
2023-08-25T02:40:00Z,714192,0.006653,0,
2023-08-25T03:40:00Z,714198,0.004932,0,
2023-08-25T04:40:00Z,714204,0.004690,0,
2023-08-25T05:40:00Z,714210,0.003603,0,
2023-08-25T06:40:00Z,714216,0.005536,0,
2023-08-25T07:40:00Z,714222,0.009086,0,
2023-08-25T08:40:00Z,714228,0.006387,0,
2023-08-25T09:40:00Z,714234,0.007777,0,
2023-08-25T10:40:00Z,714240,0.008065,0,
2023-08-25T11:40:00Z,714246,0.011156,0,
2023-08-25T12:40:00Z,714252,0.009995,0,
2023-08-25T13:40:00Z,714258,0.007868,0,
2023-08-25T14:40:00Z,714264,0.007016,0,
2023-08-25T15:40:00Z,714270,0.005236,0,
2023-08-25T16:40:00Z,714276,0.005765,0,
2023-08-25T17:40:00Z,714282,0.005822,0,
2023-08-25T18:40:00Z,714288,0.006081,0,
2023-08-25T19:40:00Z,714294,0.005788,0,
2023-08-25T20:40:00Z,714300,0.005702,0,
2023-08-25T21:40:00Z,714306,0.007043,0,
2023-08-25T22:40:00Z,714312,0.009101,0,
2023-08-25T23:40:00Z,714318,0.009033,0,
2023-08-26T00:40:00Z,714324,0.008265,0,
2023-08-26T01:40:00Z,714330,0.009627,0,
2023-08-26T02:40:00Z,714336,0.007854,0,
2023-08-26T03:40:00Z,714342,0.009323,0,
2023-08-26T04:40:00Z,714348,0.006204,0,
2023-08-26T05:40:00Z,714354,0.007300,0,
2023-08-26T06:40:00Z,714360,0.009073,0,
2023-08-26T07:40:00Z,714366,0.009523,0,
2023-08-26T08:40:00Z,714372,0.009986,0,
2023-08-26T09:40:00Z,714378,0.008102,0,
2023-08-26T10:40:00Z,714384,0.009212,0,
2023-08-26T11:40:00Z,714390,0.007501,0,
2023-08-26T12:40:00Z,714396,0.007596,0,
2023-08-26T13:40:00Z,714402,0.012307,0,
2023-08-26T14:40:00Z,714408,0.007245,0,
2023-08-26T15:40:00Z,714414,0.009530,0,
2023-08-26T16:40:00Z,714420,0.010334,0,
2023-08-26T17:40:00Z,714426,0.010039,0,
2023-08-26T18:40:00Z,714432,0.010972,0,
2023-08-26T19:40:00Z,714438,0.011602,0,
2023-08-26T20:40:00Z,714444,0.009937,0,
2023-08-26T21:40:00Z,714450,0.004386,0,
2023-08-26T22:40:00Z,714456,0.003240,0,
2023-08-26T23:40:00Z,714462,0.003051,0,
2023-08-27T00:40:00Z,714468,0.003304,0,
2023-08-27T01:40:00Z,714474,0.004769,0,
2023-08-27T02:40:00Z,714480,0.002707,0,
2023-08-27T03:40:00Z,714486,0.004630,0,
2023-08-27T04:40:00Z,714492,0.003562,0,
2023-08-27T05:40:00Z,714498,0.004778,0,
2023-08-27T06:40:00Z,714504,0.004591,0,
2023-08-27T07:40:00Z,714510,0.005134,0,
2023-08-27T08:40:00Z,714516,0.004258,0,
2023-08-27T09:40:00Z,714522,0.004394,0,
2023-08-27T10:40:00Z,714528,0.004626,0,
2023-08-27T11:40:00Z,714534,0.004339,0,
2023-08-27T12:40:00Z,714540,0.004549,0,
2023-08-27T13:40:00Z,714546,0.004768,0,
2023-08-27T14:40:00Z,714552,0.004418,0,
2023-08-27T15:40:00Z,714558,0.004459,0,
2023-08-27T16:40:00Z,714564,0.004817,0,
2023-08-27T17:40:00Z,714570,0.005642,0,
2023-08-27T18:40:00Z,714576,0.008181,0,
2023-08-27T19:40:00Z,714582,0.009864,0,
2023-08-27T20:40:00Z,714588,0.008618,0,
2023-08-27T21:40:00Z,714594,0.007728,0,
2023-08-27T22:40:00Z,714600,0.004480,0,
2023-08-27T23:40:00Z,714606,0.003794,0,
2023-08-28T00:40:00Z,714612,0.003331,0,
2023-08-28T01:40:00Z,714618,0.003449,0,
2023-08-28T02:40:00Z,714624,0.003249,0,
2023-08-28T03:40:00Z,714630,0.003240,0,
2023-08-28T04:40:00Z,714636,0.005928,0,
2023-08-28T05:40:00Z,714642,0.004782,0,
2023-08-28T06:40:00Z,714648,0.005088,0,
2023-08-28T07:40:00Z,714654,0.004166,0,
2023-08-28T08:40:00Z,714660,0.004155,0,
2023-08-28T09:40:00Z,714666,0.006427,0,
2023-08-28T10:40:00Z,714672,0.004278,0,
2023-08-28T11:40:00Z,714678,0.005276,0,
2023-08-28T12:40:00Z,714684,0.004821,0,
2023-08-28T13:40:00Z,714690,0.005001,0,
2023-08-28T14:40:00Z,714696,0.005024,0,
2023-08-28T15:40:00Z,714702,0.004469,0,
2023-08-28T16:40:00Z,714708,0.005771,0,
2023-08-28T17:40:00Z,714714,0.004529,0,
2023-08-28T18:40:00Z,714720,0.004815,0,
2023-08-28T19:40:00Z,714726,0.005191,0,
2023-08-28T20:40:00Z,714732,0.008741,0,
2023-08-28T21:40:00Z,714738,0.010009,0,
2023-08-28T22:40:00Z,714744,0.013255,0,
2023-08-28T23:40:00Z,714750,0.014913,0,
2023-08-29T00:40:00Z,714756,0.009924,0,
2023-08-29T01:40:00Z,714762,0.011723,0,
2023-08-29T02:40:00Z,714768,0.009974,0,
2023-08-29T03:40:00Z,714774,0.008712,0,
2023-08-29T04:40:00Z,714780,0.009815,0,
2023-08-29T05:40:00Z,714786,0.008277,0,
2023-08-29T06:40:00Z,714792,0.009304,0,
2023-08-29T07:40:00Z,714798,0.011173,0,
2023-08-29T08:40:00Z,714804,0.012068,0,
2023-08-29T09:40:00Z,714810,0.009258,0,
2023-08-29T10:40:00Z,714816,0.007236,0,
2023-08-29T11:40:00Z,714822,0.004534,0,
2023-08-29T12:40:00Z,714828,0.004343,0,
2023-08-29T13:40:00Z,714834,0.008512,0,
2023-08-29T14:40:00Z,714840,0.009080,0,
2023-08-29T15:40:00Z,714846,0.008397,0,
2023-08-29T16:40:00Z,714852,0.006541,0,
2023-08-29T17:40:00Z,714858,0.008023,0,
2023-08-29T18:40:00Z,714864,0.006558,0,
2023-08-29T19:40:00Z,714870,0.013856,0,
2023-08-29T20:40:00Z,714876,0.010967,0,
2023-08-29T21:40:00Z,714882,0.010400,0,
2023-08-29T22:40:00Z,714888,0.008431,0,
2023-08-29T23:40:00Z,714894,0.008033,0,
2023-08-30T00:40:00Z,714900,0.004314,0,
2023-08-30T01:40:00Z,714906,0.006609,0,
2023-08-30T02:40:00Z,714912,0.005093,0,
2023-08-30T03:40:00Z,714918,0.004036,0,
2023-08-30T04:40:00Z,714924,0.004018,0,
2023-08-30T05:40:00Z,714930,0.003633,0,
2023-08-30T06:40:00Z,714936,0.004441,0,
2023-08-30T07:40:00Z,714942,0.003366,0,
2023-08-30T08:40:00Z,714948,0.003379,0,
2023-08-30T09:40:00Z,714954,0.002949,0,
2023-08-30T10:40:00Z,714960,0.003502,0,
2023-08-30T11:40:00Z,714966,0.006062,0,
2023-08-30T12:40:00Z,714972,0.006775,0,
2023-08-30T13:40:00Z,714978,0.006870,0,
2023-08-30T14:40:00Z,714984,0.004619,0,
2023-08-30T15:40:00Z,714990,0.003504,0,
2023-08-30T16:40:00Z,714996,0.003526,0,
2023-08-30T17:40:00Z,715002,0.003006,0,
2023-08-30T18:40:00Z,715008,0.005618,0,
2023-08-30T19:40:00Z,715014,0.006602,0,
2023-08-30T20:40:00Z,715020,0.006486,0,
2023-08-30T21:40:00Z,715026,0.005912,0,
2023-08-30T22:40:00Z,715032,0.006242,0,
2023-08-30T23:40:00Z,715038,0.004614,0,
2023-08-31T00:40:00Z,715044,0.003885,0,
2023-08-31T01:40:00Z,715050,0.003399,0,
2023-08-31T02:40:00Z,715056,0.005363,0,
2023-08-31T03:40:00Z,715062,0.005776,0,
2023-08-31T04:40:00Z,715068,0.007485,0,
2023-08-31T05:40:00Z,715074,0.010807,0,
2023-08-31T06:40:00Z,715080,0.015025,0,
2023-08-31T07:40:00Z,715086,0.017990,0,
2023-08-31T08:40:00Z,715092,0.022184,0,
2023-08-31T09:40:00Z,715098,0.020559,0,
2023-08-31T10:40:00Z,715104,0.014501,0,
2023-08-31T11:40:00Z,715110,0.013819,0,
2023-08-31T12:40:00Z,715116,0.012722,0,
2023-08-31T13:40:00Z,715122,0.013191,0,
2023-08-31T14:40:00Z,715128,0.011341,0,
2023-08-31T15:40:00Z,715134,0.013652,0,
2023-08-31T16:40:00Z,715140,0.011690,0,
2023-08-31T17:40:00Z,715146,0.012582,0,
2023-08-31T18:40:00Z,715152,0.013469,0,
2023-08-31T19:40:00Z,715158,0.013675,0,
2023-08-31T20:40:00Z,715164,0.009428,0,
2023-08-31T21:40:00Z,715170,0.009096,0,
2023-08-31T22:40:00Z,715176,0.009241,0,
2023-08-31T23:40:00Z,715182,0.008987,0,
2023-09-01T00:40:00Z,715188,0.011368,0,
2023-09-01T01:40:00Z,715194,0.013974,0,
2023-09-01T02:40:00Z,715200,0.016823,0,
2023-09-01T03:40:00Z,715206,0.018337,0,
2023-09-01T04:40:00Z,715212,0.016723,0,
2023-09-01T05:40:00Z,715218,0.020013,0,
2023-09-01T06:40:00Z,715224,0.013082,0,
2023-09-01T07:40:00Z,715230,0.023188,0,
2023-09-01T08:40:00Z,715236,0.021701,0,
2023-09-01T09:40:00Z,715242,0.020899,0,
2023-09-01T10:40:00Z,715248,0.017280,0,
2023-09-01T11:40:00Z,715254,0.015132,0,
2023-09-01T12:40:00Z,715260,0.014198,0,
2023-09-01T13:40:00Z,715266,0.013248,0,
2023-09-01T14:40:00Z,715272,0.012951,0,
2023-09-01T15:40:00Z,715278,0.012660,0,
2023-09-01T16:40:00Z,715284,0.012135,0,
2023-09-01T17:40:00Z,715290,0.011867,0,
2023-09-01T18:40:00Z,715296,0.014558,0,
2023-09-01T19:40:00Z,715302,0.011376,0,
2023-09-01T20:40:00Z,715308,0.013226,0,
2023-09-01T21:40:00Z,715314,0.009155,0,
2023-09-01T22:40:00Z,715320,0.008816,0,
2023-09-01T23:40:00Z,715326,0.008640,0,
2023-09-02T00:40:00Z,715332,0.008945,0,
2023-09-02T01:40:00Z,715338,0.008510,0,
2023-09-02T02:40:00Z,715344,0.008513,0,
2023-09-02T03:40:00Z,715350,0.008332,0,
2023-09-02T04:40:00Z,715356,0.007494,0,
2023-09-02T05:40:00Z,715362,0.007707,0,
2023-09-02T06:40:00Z,715368,0.010026,0,
2023-09-02T07:40:00Z,715374,0.010518,0,
2023-09-02T08:40:00Z,715380,0.010179,0,
2023-09-02T09:40:00Z,715386,0.007332,0,
2023-09-02T10:40:00Z,715392,0.007078,0,
2023-09-02T11:40:00Z,715398,0.005657,0,
2023-09-02T12:40:00Z,715404,0.006796,0,
2023-09-02T13:40:00Z,715410,0.008276,0,
2023-09-02T14:40:00Z,715416,0.010579,0,
2023-09-02T15:40:00Z,715422,0.009312,0,
2023-09-02T16:40:00Z,715428,0.009437,0,
2023-09-02T17:40:00Z,715434,0.009911,0,
2023-09-02T18:40:00Z,715440,0.008146,0,
2023-09-02T19:40:00Z,715446,0.010393,0,
2023-09-02T20:40:00Z,715452,0.006353,0,
2023-09-02T21:40:00Z,715458,0.008238,0,
2023-09-02T22:40:00Z,715464,0.010201,0,
2023-09-02T23:40:00Z,715470,0.010062,0,
2023-09-03T00:40:00Z,715476,0.008840,0,
2023-09-03T01:40:00Z,715482,0.012606,0,
2023-09-03T02:40:00Z,715488,0.009257,0,
2023-09-03T03:40:00Z,715494,0.011493,0,
2023-09-03T04:40:00Z,715500,0.011143,0,
2023-09-03T05:40:00Z,715506,0.008152,0,
2023-09-03T06:40:00Z,715512,0.006138,0,
2023-09-03T07:40:00Z,715518,0.008218,0,
2023-09-03T08:40:00Z,715524,0.015169,0,
2023-09-03T09:40:00Z,715530,0.010941,0,
2023-09-03T10:40:00Z,715536,0.018465,0,
2023-09-03T11:40:00Z,715542,0.017723,0,
2023-09-03T12:40:00Z,715548,0.015345,0,
2023-09-03T13:40:00Z,715554,0.018339,0,
2023-09-03T14:40:00Z,715560,0.015544,0,
2023-09-03T15:40:00Z,715566,0.018410,0,
2023-09-03T16:40:00Z,715572,0.018804,0,
2023-09-03T17:40:00Z,715578,0.016634,0,
2023-09-03T18:40:00Z,715584,0.009230,0,
2023-09-03T19:40:00Z,715590,0.014527,0,
2023-09-03T20:40:00Z,715596,0.010250,0,
2023-09-03T21:40:00Z,715602,0.010422,0,
2023-09-03T22:40:00Z,715608,0.009181,0,
2023-09-03T23:40:00Z,715614,0.007623,0,
2023-09-04T00:40:00Z,715620,0.006111,0,
2023-09-04T01:40:00Z,715626,0.006648,0,
2023-09-04T02:40:00Z,715632,0.007156,0,
2023-09-04T03:40:00Z,715638,0.008643,0,
2023-09-04T04:40:00Z,715644,0.009636,0,
2023-09-04T05:40:00Z,715650,0.007508,0,
2023-09-04T06:40:00Z,715656,0.007348,0,
2023-09-04T07:40:00Z,715662,0.010010,0,
2023-09-04T08:40:00Z,715668,0.013947,0,
2023-09-04T09:40:00Z,715674,0.011067,0,
2023-09-04T10:40:00Z,715680,0.012991,0,
2023-09-04T11:40:00Z,715686,0.011971,0,
2023-09-04T12:40:00Z,715692,0.014130,0,
2023-09-04T13:40:00Z,715698,0.010267,0,
2023-09-04T14:40:00Z,715704,0.010838,0,
2023-09-04T15:40:00Z,715710,0.010697,0,
2023-09-04T16:40:00Z,715716,0.008109,0,
2023-09-04T17:40:00Z,715722,0.006734,0,
2023-09-04T18:40:00Z,715728,0.006231,0,
2023-09-04T19:40:00Z,715734,0.005656,0,
2023-09-04T20:40:00Z,715740,0.004906,0,
2023-09-04T21:40:00Z,715746,0.004857,0,
2023-09-04T22:40:00Z,715752,0.004396,0,
2023-09-04T23:40:00Z,715758,0.004257,0,
2023-09-05T00:40:00Z,715764,0.003896,0,
2023-09-05T01:40:00Z,715770,0.003954,0,
2023-09-05T02:40:00Z,715776,0.005269,0,
2023-09-05T03:40:00Z,715782,0.004349,0,
2023-09-05T04:40:00Z,715788,0.005607,0,
2023-09-05T05:40:00Z,715794,0.006215,0,
2023-09-05T06:40:00Z,715800,0.005493,0,
2023-09-05T07:40:00Z,715806,0.005630,0,
2023-09-05T08:40:00Z,715812,0.007842,0,
2023-09-05T09:40:00Z,715818,0.007149,0,
2023-09-05T10:40:00Z,715824,0.004569,0,
2023-09-05T11:40:00Z,715830,0.007795,0,
2023-09-05T12:40:00Z,715836,0.012009,0,
2023-09-05T13:40:00Z,715842,0.007225,0,
2023-09-05T14:40:00Z,715848,0.006363,0,
2023-09-05T15:40:00Z,715854,0.005843,0,
2023-09-05T16:40:00Z,715860,0.006599,0,
2023-09-05T17:40:00Z,715866,0.006192,0,
2023-09-05T18:40:00Z,715872,0.006058,0,
2023-09-05T19:40:00Z,715878,0.006109,0,
2023-09-05T20:40:00Z,715884,0.004937,0,
2023-09-05T21:40:00Z,715890,0.005432,0,
2023-09-05T22:40:00Z,715896,0.008504,0,
2023-09-05T23:40:00Z,715902,0.006951,0,
2023-09-06T00:40:00Z,715908,0.006673,0,
2023-09-06T01:40:00Z,715914,0.007806,0,
2023-09-06T02:40:00Z,715920,0.008987,0,
2023-09-06T03:40:00Z,715926,0.011115,0,
2023-09-06T04:40:00Z,715932,0.009234,0,
2023-09-06T05:40:00Z,715938,0.013572,0,
2023-09-06T06:40:00Z,715944,0.011769,0,
2023-09-06T07:40:00Z,715950,0.008416,0,
2023-09-06T08:40:00Z,715956,0.011167,0,
2023-09-06T09:40:00Z,715962,0.012190,0,
2023-09-06T10:40:00Z,715968,0.008833,0,
2023-09-06T11:40:00Z,715974,0.008966,0,
2023-09-06T12:40:00Z,715980,0.010488,0,
2023-09-06T13:40:00Z,715986,0.009114,0,
2023-09-06T14:40:00Z,715992,0.008527,0,
2023-09-06T15:40:00Z,715998,0.007228,0,
2023-09-06T16:40:00Z,716004,0.007217,0,
2023-09-06T17:40:00Z,716010,0.007367,0,
2023-09-06T18:40:00Z,716016,0.011576,0,
2023-09-06T19:40:00Z,716022,0.005750,0,
2023-09-06T20:40:00Z,716028,0.004004,0,
2023-09-06T21:40:00Z,716034,0.004167,0,
2023-09-06T22:40:00Z,716040,0.004017,0,
2023-09-06T23:40:00Z,716046,0.004822,0,
2023-09-07T00:40:00Z,716052,0.005116,0,
2023-09-07T01:40:00Z,716058,0.006529,0,
2023-09-07T02:40:00Z,716064,0.007331,0,
2023-09-07T03:40:00Z,716070,0.007746,0,
2023-09-07T04:40:00Z,716076,0.006360,0,
2023-09-07T05:40:00Z,716082,0.006540,0,
2023-09-07T06:40:00Z,716088,0.007731,0,
2023-09-07T07:40:00Z,716094,0.005911,0,
2023-09-07T08:40:00Z,716100,0.007483,0,
2023-09-07T09:40:00Z,716106,0.008137,0,
2023-09-07T10:40:00Z,716112,0.009575,0,
2023-09-07T11:40:00Z,716118,0.008706,0,
2023-09-07T12:40:00Z,716124,0.008701,0,
2023-09-07T13:40:00Z,716130,0.010198,0,
2023-09-07T14:40:00Z,716136,0.010586,0,
2023-09-07T15:40:00Z,716142,0.008304,0,
2023-09-07T16:40:00Z,716148,0.009637,0,
2023-09-07T17:40:00Z,716154,0.009120,0,
2023-09-07T18:40:00Z,716160,0.008854,0,
2023-09-07T19:40:00Z,716166,0.008563,0,
2023-09-07T20:40:00Z,716172,0.009276,0,
2023-09-07T21:40:00Z,716178,0.008988,0,
2023-09-07T22:40:00Z,716184,0.008587,0,
2023-09-07T23:40:00Z,716190,0.008383,0,
2023-09-08T00:40:00Z,716196,0.005957,0,
2023-09-08T01:40:00Z,716202,0.006408,0,
2023-09-08T02:40:00Z,716208,0.008153,0,
2023-09-08T03:40:00Z,716214,0.007725,0,
2023-09-08T04:40:00Z,716220,0.006256,0,
2023-09-08T05:40:00Z,716226,0.005689,0,
2023-09-08T06:40:00Z,716232,0.009010,0,
2023-09-08T07:40:00Z,716238,0.007228,0,
2023-09-08T08:40:00Z,716244,0.013440,0,
2023-09-08T09:40:00Z,716250,0.013681,0,
2023-09-08T10:40:00Z,716256,0.006028,0,
2023-09-08T11:40:00Z,716262,0.005449,0,
2023-09-08T12:40:00Z,716268,0.006651,0,
2023-09-08T13:40:00Z,716274,0.013590,0,
2023-09-08T14:40:00Z,716280,0.011002,0,
2023-09-08T15:40:00Z,716286,0.007911,0,
2023-09-08T16:40:00Z,716292,0.007985,0,
2023-09-08T17:40:00Z,716298,0.008109,0,
2023-09-08T18:40:00Z,716304,0.009894,0,
2023-09-08T19:40:00Z,716310,0.010259,0,
2023-09-08T20:40:00Z,716316,0.008770,0,
2023-09-08T21:40:00Z,716322,0.008829,0,
2023-09-08T22:40:00Z,716328,0.008984,0,
2023-09-08T23:40:00Z,716334,0.008498,0,
2023-09-09T00:40:00Z,716340,0.010647,0,
2023-09-09T01:40:00Z,716346,0.010629,0,
2023-09-09T02:40:00Z,716352,0.007347,0,
2023-09-09T03:40:00Z,716358,0.007565,0,
2023-09-09T04:40:00Z,716364,0.007437,0,
2023-09-09T05:40:00Z,716370,0.007802,0,
2023-09-09T06:40:00Z,716376,0.008611,0,
2023-09-09T07:40:00Z,716382,0.010896,0,
2023-09-09T08:40:00Z,716388,0.009855,0,
2023-09-09T09:40:00Z,716394,0.015078,0,
2023-09-09T10:40:00Z,716400,0.011280,0,
2023-09-09T11:40:00Z,716406,0.011615,0,
2023-09-09T12:40:00Z,716412,0.013082,0,
2023-09-09T13:40:00Z,716418,0.014824,0,
2023-09-09T14:40:00Z,716424,0.018710,0,
2023-09-09T15:40:00Z,716430,0.019956,0,
2023-09-09T16:40:00Z,716436,0.013230,0,
2023-09-09T17:40:00Z,716442,0.012615,0,
2023-09-09T18:40:00Z,716448,0.011687,0,
2023-09-09T19:40:00Z,716454,0.011800,0,
2023-09-09T20:40:00Z,716460,0.011023,0,
2023-09-09T21:40:00Z,716466,0.010634,0,
2023-09-09T22:40:00Z,716472,0.010257,0,
2023-09-09T23:40:00Z,716478,0.009668,0,
2023-09-10T00:40:00Z,716484,0.009246,0,
2023-09-10T01:40:00Z,716490,0.009033,0,
2023-09-10T02:40:00Z,716496,0.007925,0,
2023-09-10T03:40:00Z,716502,0.006356,0,
2023-09-10T04:40:00Z,716508,0.005691,0,
2023-09-10T05:40:00Z,716514,0.004584,0,
2023-09-10T06:40:00Z,716520,0.007824,0,
2023-09-10T07:40:00Z,716526,0.007325,0,
2023-09-10T08:40:00Z,716532,0.008031,0,
2023-09-10T09:40:00Z,716538,0.008327,0,
2023-09-10T10:40:00Z,716544,0.006679,0,
2023-09-10T11:40:00Z,716550,0.007195,0,
2023-09-10T12:40:00Z,716556,0.008140,0,
2023-09-10T13:40:00Z,716562,0.008808,0,
2023-09-10T14:40:00Z,716568,0.012573,0,
2023-09-10T15:40:00Z,716574,0.013370,0,
2023-09-10T16:40:00Z,716580,0.011372,0,
2023-09-10T17:40:00Z,716586,0.009636,0,
2023-09-10T18:40:00Z,716592,0.008651,0,
2023-09-10T19:40:00Z,716598,0.009486,0,
2023-09-10T20:40:00Z,716604,0.008889,0,
2023-09-10T21:40:00Z,716610,0.008140,0,
2023-09-10T22:40:00Z,716616,0.007472,0,
2023-09-10T23:40:00Z,716622,0.007779,0,
2023-09-11T00:40:00Z,716628,0.007317,0,
2023-09-11T01:40:00Z,716634,0.006689,0,
2023-09-11T02:40:00Z,716640,0.006286,0,
2023-09-11T03:40:00Z,716646,0.011315,0,
2023-09-11T04:40:00Z,716652,0.005976,0,
2023-09-11T05:40:00Z,716658,0.006714,0,
2023-09-11T06:40:00Z,716664,0.006231,0,
2023-09-11T07:40:00Z,716670,0.007955,0,
2023-09-11T08:40:00Z,716676,0.007484,1,23.50
2023-09-11T09:40:00Z,716682,0.008931,1,22.50
2023-09-11T10:40:00Z,716688,0.007777,1,21.50
2023-09-11T11:40:00Z,716694,0.007427,1,20.50
2023-09-11T12:40:00Z,716700,0.007936,1,19.50
2023-09-11T13:40:00Z,716706,0.007527,1,18.50
2023-09-11T14:40:00Z,716712,0.007140,1,17.50
2023-09-11T15:40:00Z,716718,0.006651,1,16.50
2023-09-11T16:40:00Z,716724,0.006765,1,15.50
2023-09-11T17:40:00Z,716730,0.012286,1,14.50
2023-09-11T18:40:00Z,716736,0.011352,1,13.50
2023-09-11T19:40:00Z,716742,0.007280,1,12.50
2023-09-11T20:40:00Z,716748,0.009708,1,11.50
2023-09-11T21:40:00Z,716754,0.008941,1,10.50
2023-09-11T22:40:00Z,716760,0.007413,1,9.50
2023-09-11T23:40:00Z,716766,0.014552,1,8.50
2023-09-12T00:40:00Z,716772,0.016378,1,7.50
2023-09-12T01:40:00Z,716778,0.007847,1,6.50
2023-09-12T02:40:00Z,716784,0.008925,1,5.50
2023-09-12T03:40:00Z,716790,0.011588,1,4.50
2023-09-12T04:40:00Z,716796,0.012131,1,3.50
2023-09-12T05:40:00Z,716802,0.013341,1,2.50
2023-09-12T06:40:00Z,716808,0.013842,1,1.50
2023-09-12T07:40:00Z,716814,0.019333,1,0.50
2023-09-12T08:40:00Z,716820,0.020010,1,22.83
2023-09-12T09:40:00Z,716826,0.023215,1,21.83
2023-09-12T10:40:00Z,716832,0.015917,1,20.83
2023-09-12T11:40:00Z,716838,0.012408,1,19.83
2023-09-12T12:40:00Z,716844,0.012486,1,18.83
2023-09-12T13:40:00Z,716850,0.016502,1,17.83
2023-09-12T14:40:00Z,716856,0.008861,1,16.83
2023-09-12T15:40:00Z,716862,0.006071,1,15.83
2023-09-12T16:40:00Z,716868,0.004744,1,14.83
2023-09-12T17:40:00Z,716874,0.005350,1,13.83
2023-09-12T18:40:00Z,716880,0.004865,1,12.83
2023-09-12T19:40:00Z,716886,0.004148,1,11.83
2023-09-12T20:40:00Z,716892,0.004608,1,10.83
2023-09-12T21:40:00Z,716898,0.003393,1,9.83
2023-09-12T22:40:00Z,716904,0.003342,1,8.83
2023-09-12T23:40:00Z,716910,0.004208,1,7.83
2023-09-13T00:40:00Z,716916,0.003271,1,6.83
2023-09-13T01:40:00Z,716922,0.002924,1,5.83
2023-09-13T02:40:00Z,716928,0.004109,1,4.83
2023-09-13T03:40:00Z,716934,0.004706,1,3.83
2023-09-13T04:40:00Z,716940,0.004595,1,2.83
2023-09-13T05:40:00Z,716946,0.004738,1,1.83
2023-09-13T06:40:00Z,716952,0.002372,1,0.83
2023-09-13T07:40:00Z,716958,0.004754,1,23.00
2023-09-13T08:40:00Z,716964,0.006395,1,22.00
2023-09-13T09:40:00Z,716970,0.006670,1,21.00
2023-09-13T10:40:00Z,716976,0.005935,1,20.00
2023-09-13T11:40:00Z,716982,0.007803,1,19.00
2023-09-13T12:40:00Z,716988,0.008816,1,18.00
2023-09-13T13:40:00Z,716994,0.009164,1,17.00
2023-09-13T14:40:00Z,717000,0.011202,1,16.00
2023-09-13T15:40:00Z,717006,0.013103,1,15.00
2023-09-13T16:40:00Z,717012,0.012247,1,14.00
2023-09-13T17:40:00Z,717018,0.010123,1,13.00
2023-09-13T18:40:00Z,717024,0.010711,1,12.00
2023-09-13T19:40:00Z,717030,0.010965,1,11.00
2023-09-13T20:40:00Z,717036,0.010047,1,10.00
2023-09-13T21:40:00Z,717042,0.009607,1,9.00
2023-09-13T22:40:00Z,717048,0.006316,1,8.00
2023-09-13T23:40:00Z,717054,0.005900,1,7.00
2023-09-14T00:40:00Z,717060,0.005138,1,6.00
2023-09-14T01:40:00Z,717066,0.003512,1,5.00
2023-09-14T02:40:00Z,717072,0.004065,1,4.00
2023-09-14T03:40:00Z,717078,0.006238,1,3.00
2023-09-14T04:40:00Z,717084,0.009098,1,2.00
2023-09-14T05:40:00Z,717090,0.008504,1,1.00
2023-09-14T06:40:00Z,717096,0.009581,1,23.50
2023-09-14T07:40:00Z,717102,0.007682,1,22.50
2023-09-14T08:40:00Z,717108,0.006999,1,21.50
2023-09-14T09:40:00Z,717114,0.005831,1,20.50
2023-09-14T10:40:00Z,717120,0.005291,1,19.50
2023-09-14T11:40:00Z,717126,0.006935,1,18.50
2023-09-14T12:40:00Z,717132,0.006119,1,17.50
2023-09-14T13:40:00Z,717138,0.007737,1,16.50
2023-09-14T14:40:00Z,717144,0.006259,1,15.50
2023-09-14T15:40:00Z,717150,0.009311,1,14.50
2023-09-14T16:40:00Z,717156,0.006790,1,13.50
2023-09-14T17:40:00Z,717162,0.007507,1,12.50
2023-09-14T18:40:00Z,717168,0.009026,1,11.50
2023-09-14T19:40:00Z,717174,0.008923,1,10.50
2023-09-14T20:40:00Z,717180,0.013440,1,9.50
2023-09-14T21:40:00Z,717186,0.017340,1,8.50
2023-09-14T22:40:00Z,717192,0.020515,1,7.50
2023-09-14T23:40:00Z,717198,0.013377,1,6.50
2023-09-15T00:40:00Z,717204,0.008480,1,5.50
2023-09-15T01:40:00Z,717210,0.010621,1,4.50
2023-09-15T02:40:00Z,717216,0.010575,1,3.50
2023-09-15T03:40:00Z,717222,0.010269,1,2.50
2023-09-15T04:40:00Z,717228,0.010718,1,1.50
2023-09-15T05:40:00Z,717234,0.009248,1,0.50
2023-09-15T06:40:00Z,717240,0.013995,1,23.00
2023-09-15T07:40:00Z,717246,0.010794,1,22.00
2023-09-15T08:40:00Z,717252,0.015336,1,21.00
2023-09-15T09:40:00Z,717258,0.019605,1,20.00
2023-09-15T10:40:00Z,717264,0.022434,1,19.00
2023-09-15T11:40:00Z,717270,0.020603,1,18.00
2023-09-15T12:40:00Z,717276,0.020650,1,17.00
2023-09-15T13:40:00Z,717282,0.019225,1,16.00
2023-09-15T14:40:00Z,717288,0.013725,1,15.00
2023-09-15T15:40:00Z,717294,0.019214,1,14.00
2023-09-15T16:40:00Z,717300,0.015955,1,13.00
2023-09-15T17:40:00Z,717306,0.018710,1,12.00
2023-09-15T18:40:00Z,717312,0.019018,1,11.00
2023-09-15T19:40:00Z,717318,0.016565,1,10.00
2023-09-15T20:40:00Z,717324,0.011455,1,9.00
2023-09-15T21:40:00Z,717330,0.012643,1,8.00
2023-09-15T22:40:00Z,717336,0.008927,1,7.00
2023-09-15T23:40:00Z,717342,0.007669,1,6.00
2023-09-16T00:40:00Z,717348,0.010206,1,5.00
2023-09-16T01:40:00Z,717354,0.010696,1,4.00
2023-09-16T02:40:00Z,717360,0.013676,1,3.00
2023-09-16T03:40:00Z,717366,0.012339,1,2.00
2023-09-16T04:40:00Z,717372,0.010049,1,1.00
2023-09-16T05:40:00Z,717378,0.010183,0,
2023-09-16T06:40:00Z,717384,0.005658,0,
2023-09-16T07:40:00Z,717390,0.009393,0,
2023-09-16T08:40:00Z,717396,0.005916,0,
2023-09-16T09:40:00Z,717402,0.010511,0,
2023-09-16T10:40:00Z,717408,0.007437,0,
2023-09-16T11:40:00Z,717414,0.009878,0,
2023-09-16T12:40:00Z,717420,0.005374,0,
2023-09-16T13:40:00Z,717426,0.004495,0,
2023-09-16T14:40:00Z,717432,0.004785,0,
2023-09-16T15:40:00Z,717438,0.003112,0,
2023-09-16T16:40:00Z,717444,0.005736,0,
2023-09-16T17:40:00Z,717450,0.004521,0,
2023-09-16T18:40:00Z,717456,0.004579,0,
2023-09-16T19:40:00Z,717462,0.005830,0,
2023-09-16T20:40:00Z,717468,0.006415,0,
2023-09-16T21:40:00Z,717474,0.004883,0,
2023-09-16T22:40:00Z,717480,0.004732,0,
2023-09-16T23:40:00Z,717486,0.004623,0,
2023-09-17T00:40:00Z,717492,0.005086,0,
2023-09-17T01:40:00Z,717498,0.005736,0,
2023-09-17T02:40:00Z,717504,0.004782,0,
2023-09-17T03:40:00Z,717510,0.005128,0,
2023-09-17T04:40:00Z,717516,0.005654,0,
2023-09-17T05:40:00Z,717522,0.004867,0,
2023-09-17T06:40:00Z,717528,0.006312,0,
2023-09-17T07:40:00Z,717534,0.005560,0,
2023-09-17T08:40:00Z,717540,0.005833,0,
2023-09-17T09:40:00Z,717546,0.005172,0,
2023-09-17T10:40:00Z,717552,0.005694,0,
2023-09-17T11:40:00Z,717558,0.006059,0,
2023-09-17T12:40:00Z,717564,0.005836,0,
2023-09-17T13:40:00Z,717570,0.005626,0,
2023-09-17T14:40:00Z,717576,0.005277,0,
2023-09-17T15:40:00Z,717582,0.005416,0,
2023-09-17T16:40:00Z,717588,0.004726,0,
2023-09-17T17:40:00Z,717594,0.006496,0,
2023-09-17T18:40:00Z,717600,0.008720,0,
2023-09-17T19:40:00Z,717606,0.006455,0,
2023-09-17T20:40:00Z,717612,0.007943,0,
2023-09-17T21:40:00Z,717618,0.006941,0,
2023-09-17T22:40:00Z,717624,0.005609,0,
2023-09-17T23:40:00Z,717630,0.007415,0,
2023-09-18T00:40:00Z,717636,0.006189,0,
2023-09-18T01:40:00Z,717642,0.014026,0,
2023-09-18T02:40:00Z,717648,0.009937,0,
2023-09-18T03:40:00Z,717654,0.011540,0,
2023-09-18T04:40:00Z,717660,0.006862,0,
2023-09-18T05:40:00Z,717666,0.007737,0,
2023-09-18T06:40:00Z,717672,0.007186,0,
2023-09-18T07:40:00Z,717678,0.007081,0,
2023-09-18T08:40:00Z,717684,0.006592,0,
2023-09-18T09:40:00Z,717690,0.007556,0,
2023-09-18T10:40:00Z,717696,0.006878,0,
2023-09-18T11:40:00Z,717702,0.006913,1,23.50
2023-09-18T12:40:00Z,717708,0.006433,1,22.50
2023-09-18T13:40:00Z,717714,0.010798,1,21.50
2023-09-18T14:40:00Z,717720,0.006633,1,20.50
2023-09-18T15:40:00Z,717726,0.010158,1,19.50
2023-09-18T16:40:00Z,717732,0.007445,1,18.50
2023-09-18T17:40:00Z,717738,0.012062,1,17.50
2023-09-18T18:40:00Z,717744,0.011444,1,16.50
2023-09-18T19:40:00Z,717750,0.009822,1,15.50
2023-09-18T20:40:00Z,717756,0.008621,1,14.50
2023-09-18T21:40:00Z,717762,0.007100,1,13.50
2023-09-18T22:40:00Z,717768,0.007151,1,12.50
2023-09-18T23:40:00Z,717774,0.011005,1,11.50
2023-09-19T00:40:00Z,717780,0.011105,1,10.50
2023-09-19T01:40:00Z,717786,0.010644,1,9.50
2023-09-19T02:40:00Z,717792,0.012142,1,8.50
2023-09-19T03:40:00Z,717798,0.011112,1,7.50
2023-09-19T04:40:00Z,717804,0.013797,1,6.50
2023-09-19T05:40:00Z,717810,0.012612,1,5.50
2023-09-19T06:40:00Z,717816,0.023607,1,4.50
2023-09-19T07:40:00Z,717822,0.024245,1,3.50
2023-09-19T08:40:00Z,717828,0.027906,1,2.50
2023-09-19T09:40:00Z,717834,0.034472,1,1.50
2023-09-19T10:40:00Z,717840,0.030910,1,0.50
2023-09-19T11:40:00Z,717846,0.040947,1,23.00
2023-09-19T12:40:00Z,717852,0.034064,1,22.00
2023-09-19T13:40:00Z,717858,0.036581,1,21.00
2023-09-19T14:40:00Z,717864,0.039838,1,20.00
2023-09-19T15:40:00Z,717870,0.040802,1,19.00
2023-09-19T16:40:00Z,717876,0.036841,1,18.00
2023-09-19T17:40:00Z,717882,0.037222,1,17.00
2023-09-19T18:40:00Z,717888,0.036467,1,16.00
2023-09-19T19:40:00Z,717894,0.038681,1,15.00
2023-09-19T20:40:00Z,717900,0.046478,1,14.00
2023-09-19T21:40:00Z,717906,0.048097,1,13.00
2023-09-19T22:40:00Z,717912,0.035167,1,12.00
2023-09-19T23:40:00Z,717918,0.037076,1,11.00
2023-09-20T00:40:00Z,717924,0.037890,1,10.00
2023-09-20T01:40:00Z,717930,0.039553,1,9.00
2023-09-20T02:40:00Z,717936,0.042153,1,8.00
2023-09-20T03:40:00Z,717942,0.041355,1,7.00
2023-09-20T04:40:00Z,717948,0.043326,1,6.00
2023-09-20T05:40:00Z,717954,0.044098,1,5.00
2023-09-20T06:40:00Z,717960,0.044579,1,4.00
2023-09-20T07:40:00Z,717966,0.046687,1,3.00
2023-09-20T08:40:00Z,717972,0.047775,1,2.00
2023-09-20T09:40:00Z,717978,0.045884,1,1.00
2023-09-20T10:40:00Z,717984,0.042842,1,23.83
2023-09-20T11:40:00Z,717990,0.044962,1,22.83
2023-09-20T12:40:00Z,717996,0.037735,1,21.83
2023-09-20T13:40:00Z,718002,0.042336,1,20.83
2023-09-20T14:40:00Z,718008,0.039266,1,19.83
2023-09-20T15:40:00Z,718014,0.039769,1,18.83
2023-09-20T16:40:00Z,718020,0.034475,1,17.83
2023-09-20T17:40:00Z,718026,0.026646,1,16.83
2023-09-20T18:40:00Z,718032,0.020967,1,15.83
2023-09-20T19:40:00Z,718038,0.018018,1,14.83
2023-09-20T20:40:00Z,718044,0.021721,1,13.83
2023-09-20T21:40:00Z,718050,0.019233,1,12.83
2023-09-20T22:40:00Z,718056,0.020325,1,11.83
2023-09-20T23:40:00Z,718062,0.018132,1,10.83
2023-09-21T00:40:00Z,718068,0.015934,1,9.83
2023-09-21T01:40:00Z,718074,0.016046,1,8.83
2023-09-21T02:40:00Z,718080,0.015011,1,7.83
2023-09-21T03:40:00Z,718086,0.016405,1,6.83
2023-09-21T04:40:00Z,718092,0.013477,1,5.83
2023-09-21T05:40:00Z,718098,0.006974,1,4.83
2023-09-21T06:40:00Z,718104,0.006582,1,3.83
2023-09-21T07:40:00Z,718110,0.007798,1,2.83
2023-09-21T08:40:00Z,718116,0.008669,1,1.83
2023-09-21T09:40:00Z,718122,0.014449,1,0.83
2023-09-21T10:40:00Z,718128,0.017807,0,
2023-09-21T11:40:00Z,718134,0.011964,1,23.33
2023-09-21T12:40:00Z,718140,0.015318,1,22.33
2023-09-21T13:40:00Z,718146,0.012914,1,21.33
2023-09-21T14:40:00Z,718152,0.012311,1,20.33
2023-09-21T15:40:00Z,718158,0.011798,1,19.33
2023-09-21T16:40:00Z,718164,0.015651,1,18.33
2023-09-21T17:40:00Z,718170,0.015019,1,17.33
2023-09-21T18:40:00Z,718176,0.017465,1,16.33
2023-09-21T19:40:00Z,718182,0.014875,1,15.33
2023-09-21T20:40:00Z,718188,0.021624,1,14.33
2023-09-21T21:40:00Z,718194,0.018229,1,13.33
2023-09-21T22:40:00Z,718200,0.013652,1,12.33
2023-09-21T23:40:00Z,718206,0.013527,1,11.33
2023-09-22T00:40:00Z,718212,0.009378,1,10.33
2023-09-22T01:40:00Z,718218,0.010696,1,9.33
2023-09-22T02:40:00Z,718224,0.009364,1,8.33
2023-09-22T03:40:00Z,718230,0.007165,1,7.33
2023-09-22T04:40:00Z,718236,0.006614,1,6.33
2023-09-22T05:40:00Z,718242,0.005807,1,5.33
2023-09-22T06:40:00Z,718248,0.004029,1,4.33
2023-09-22T07:40:00Z,718254,0.003894,1,3.33
2023-09-22T08:40:00Z,718260,0.006954,1,2.33
2023-09-22T09:40:00Z,718266,0.007614,1,1.33
2023-09-22T10:40:00Z,718272,0.007254,1,0.33
2023-09-22T11:40:00Z,718278,0.009652,1,6.50
2023-09-22T12:40:00Z,718284,0.010148,1,5.50
2023-09-22T13:40:00Z,718290,0.008740,1,4.50
2023-09-22T14:40:00Z,718296,0.008024,1,3.50
2023-09-22T15:40:00Z,718302,0.007931,1,2.50
2023-09-22T16:40:00Z,718308,0.003661,1,1.50
2023-09-22T17:40:00Z,718314,0.003590,1,0.50
2023-09-22T18:40:00Z,718320,0.003921,0,
2023-09-22T19:40:00Z,718326,0.002768,0,
2023-09-22T20:40:00Z,718332,0.005261,0,
2023-09-22T21:40:00Z,718338,0.003870,0,
2023-09-22T22:40:00Z,718344,0.004844,0,
2023-09-22T23:40:00Z,718350,0.002540,0,
2023-09-23T00:40:00Z,718356,0.003267,0,
2023-09-23T01:40:00Z,718362,0.003669,0,
2023-09-23T02:40:00Z,718368,0.003523,0,
2023-09-23T03:40:00Z,718374,0.002777,0,
2023-09-23T04:40:00Z,718380,0.003174,0,
2023-09-23T05:40:00Z,718386,0.003169,0,
2023-09-23T06:40:00Z,718392,0.005007,0,
2023-09-23T07:40:00Z,718398,0.004839,0,
2023-09-23T08:40:00Z,718404,0.003960,0,
2023-09-23T09:40:00Z,718410,0.005069,0,
2023-09-23T10:40:00Z,718416,0.005810,0,
2023-09-23T11:40:00Z,718422,0.011253,0,
2023-09-23T12:40:00Z,718428,0.013470,0,
2023-09-23T13:40:00Z,718434,0.009341,0,
2023-09-23T14:40:00Z,718440,0.009470,0,
2023-09-23T15:40:00Z,718446,0.006686,0,
2023-09-23T16:40:00Z,718452,0.004878,0,
2023-09-23T17:40:00Z,718458,0.005257,0,
2023-09-23T18:40:00Z,718464,0.005768,0,
2023-09-23T19:40:00Z,718470,0.004803,0,
2023-09-23T20:40:00Z,718476,0.004906,0,
2023-09-23T21:40:00Z,718482,0.007855,0,
2023-09-23T22:40:00Z,718488,0.005647,0,
2023-09-23T23:40:00Z,718494,0.006498,0,
2023-09-24T00:40:00Z,718500,0.009972,1,23.67
2023-09-24T01:40:00Z,718506,0.011957,1,22.67
2023-09-24T02:40:00Z,718512,0.012579,1,21.67
2023-09-24T03:40:00Z,718518,0.011511,1,20.67
2023-09-24T04:40:00Z,718524,0.010648,1,19.67
2023-09-24T05:40:00Z,718530,0.007818,1,18.67
2023-09-24T06:40:00Z,718536,0.008244,1,17.67
2023-09-24T07:40:00Z,718542,0.006410,1,16.67
2023-09-24T08:40:00Z,718548,0.008288,1,15.67
2023-09-24T09:40:00Z,718554,0.007684,1,14.67
2023-09-24T10:40:00Z,718560,0.006585,1,13.67
2023-09-24T11:40:00Z,718566,0.009693,1,12.67
2023-09-24T12:40:00Z,718572,0.010695,1,11.67
2023-09-24T13:40:00Z,718578,0.013853,1,10.67
2023-09-24T14:40:00Z,718584,0.009886,1,9.67
2023-09-24T15:40:00Z,718590,0.018182,1,8.67
2023-09-24T16:40:00Z,718596,0.018373,1,7.67
2023-09-24T17:40:00Z,718602,0.020917,1,6.67
2023-09-24T18:40:00Z,718608,0.019932,1,5.67
2023-09-24T19:40:00Z,718614,0.020185,1,4.67
2023-09-24T20:40:00Z,718620,0.020833,1,3.67
2023-09-24T21:40:00Z,718626,0.020684,1,2.67
2023-09-24T22:40:00Z,718632,0.021241,1,1.67
2023-09-24T23:40:00Z,718638,0.014857,1,0.67
2023-09-25T00:40:00Z,718644,0.019303,0,
2023-09-25T01:40:00Z,718650,0.018656,0,
2023-09-25T02:40:00Z,718656,0.011311,0,
2023-09-25T03:40:00Z,718662,0.010236,0,
2023-09-25T04:40:00Z,718668,0.014825,0,
2023-09-25T05:40:00Z,718674,0.013658,0,
2023-09-25T06:40:00Z,718680,0.011704,0,
2023-09-25T07:40:00Z,718686,0.013149,0,
2023-09-25T08:40:00Z,718692,0.012464,0,
2023-09-25T09:40:00Z,718698,0.009570,0,
2023-09-25T10:40:00Z,718704,0.010150,0,
2023-09-25T11:40:00Z,718710,0.009940,0,
2023-09-25T12:40:00Z,718716,0.011014,0,
2023-09-25T13:40:00Z,718722,0.014139,0,
2023-09-25T14:40:00Z,718728,0.014008,0,
2023-09-25T15:40:00Z,718734,0.015660,0,
2023-09-25T16:40:00Z,718740,0.011788,0,
2023-09-25T17:40:00Z,718746,0.012618,0,
2023-09-25T18:40:00Z,718752,0.011028,0,
2023-09-25T19:40:00Z,718758,0.011636,0,
2023-09-25T20:40:00Z,718764,0.014778,0,
2023-09-25T21:40:00Z,718770,0.009072,0,
2023-09-25T22:40:00Z,718776,0.007405,0,
2023-09-25T23:40:00Z,718782,0.006535,0,
2023-09-26T00:40:00Z,718788,0.006312,0,
2023-09-26T01:40:00Z,718794,0.010677,0,
2023-09-26T02:40:00Z,718800,0.008029,1,23.33
2023-09-26T03:40:00Z,718806,0.009837,1,22.33
2023-09-26T04:40:00Z,718812,0.008588,1,21.33
2023-09-26T05:40:00Z,718818,0.011928,1,20.33
2023-09-26T06:40:00Z,718824,0.011720,1,19.33
2023-09-26T07:40:00Z,718830,0.012282,1,18.33
2023-09-26T08:40:00Z,718836,0.009220,1,17.33
2023-09-26T09:40:00Z,718842,0.009217,1,16.33
2023-09-26T10:40:00Z,718848,0.007974,1,15.33
2023-09-26T11:40:00Z,718854,0.006937,1,14.33
2023-09-26T12:40:00Z,718860,0.007744,1,13.33
2023-09-26T13:40:00Z,718866,0.009795,1,12.33
2023-09-26T14:40:00Z,718872,0.009118,1,11.33
2023-09-26T15:40:00Z,718878,0.010597,1,10.33
2023-09-26T16:40:00Z,718884,0.009518,1,9.33
2023-09-26T17:40:00Z,718890,0.012098,1,8.33
2023-09-26T18:40:00Z,718896,0.012802,1,7.33
2023-09-26T19:40:00Z,718902,0.009622,1,6.33
2023-09-26T20:40:00Z,718908,0.010860,1,5.33
2023-09-26T21:40:00Z,718914,0.011644,1,4.33
2023-09-26T22:40:00Z,718920,0.009893,1,3.33
2023-09-26T23:40:00Z,718926,0.007361,1,2.33
2023-09-27T00:40:00Z,718932,0.013325,1,1.33
2023-09-27T01:40:00Z,718938,0.019995,1,0.33
2023-09-27T02:40:00Z,718944,0.020785,1,22.83
2023-09-27T03:40:00Z,718950,0.015048,1,21.83
2023-09-27T04:40:00Z,718956,0.015535,1,20.83
2023-09-27T05:40:00Z,718962,0.011592,1,19.83
2023-09-27T06:40:00Z,718968,0.014306,1,18.83
2023-09-27T07:40:00Z,718974,0.010890,1,17.83
2023-09-27T08:40:00Z,718980,0.011379,1,16.83
2023-09-27T09:40:00Z,718986,0.010871,1,15.83
2023-09-27T10:40:00Z,718992,0.007686,1,14.83
2023-09-27T11:40:00Z,718998,0.007983,1,13.83
2023-09-27T12:40:00Z,719004,0.007058,1,12.83
2023-09-27T13:40:00Z,719010,0.005789,1,11.83
2023-09-27T14:40:00Z,719016,0.008852,1,10.83
2023-09-27T15:40:00Z,719022,0.008356,1,9.83
2023-09-27T16:40:00Z,719028,0.011386,1,8.83
2023-09-27T17:40:00Z,719034,0.013222,1,7.83
2023-09-27T18:40:00Z,719040,0.018177,1,6.83
2023-09-27T19:40:00Z,719046,0.018759,1,5.83
2023-09-27T20:40:00Z,719052,0.018666,1,4.83
2023-09-27T21:40:00Z,719058,0.026456,1,3.83
2023-09-27T22:40:00Z,719064,0.026008,1,2.83
2023-09-27T23:40:00Z,719070,0.025426,1,1.83
2023-09-28T00:40:00Z,719076,0.029575,1,0.83
2023-09-28T01:40:00Z,719082,0.027285,1,23.17
2023-09-28T02:40:00Z,719088,0.029797,1,22.17
2023-09-28T03:40:00Z,719094,0.025760,1,21.17
2023-09-28T04:40:00Z,719100,0.028940,1,20.17
2023-09-28T05:40:00Z,719106,0.025392,1,19.17
2023-09-28T06:40:00Z,719112,0.020083,1,18.17
2023-09-28T07:40:00Z,719118,0.016123,1,17.17
2023-09-28T08:40:00Z,719124,0.017991,1,16.17
2023-09-28T09:40:00Z,719130,0.016822,1,15.17
2023-09-28T10:40:00Z,719136,0.014078,1,14.17
2023-09-28T11:40:00Z,719142,0.014532,1,13.17
2023-09-28T12:40:00Z,719148,0.015141,1,12.17
2023-09-28T13:40:00Z,719154,0.012530,1,11.17
2023-09-28T14:40:00Z,719160,0.013060,1,10.17
2023-09-28T15:40:00Z,719166,0.014016,1,9.17
2023-09-28T16:40:00Z,719172,0.010578,1,8.17
2023-09-28T17:40:00Z,719178,0.009199,1,7.17
2023-09-28T18:40:00Z,719184,0.012450,1,6.17
2023-09-28T19:40:00Z,719190,0.012786,1,5.17
2023-09-28T20:40:00Z,719196,0.011249,1,4.17
2023-09-28T21:40:00Z,719202,0.015206,1,3.17
2023-09-28T22:40:00Z,719208,0.013581,1,2.17
2023-09-28T23:40:00Z,719214,0.015136,1,1.17
2023-09-29T00:40:00Z,719220,0.012225,1,0.17
2023-09-29T01:40:00Z,719226,0.007455,1,22.83
2023-09-29T02:40:00Z,719232,0.015062,1,21.83
2023-09-29T03:40:00Z,719238,0.009742,1,20.83
2023-09-29T04:40:00Z,719244,0.009752,1,19.83
2023-09-29T05:40:00Z,719250,0.007430,1,18.83
2023-09-29T06:40:00Z,719256,0.008510,1,17.83
2023-09-29T07:40:00Z,719262,0.008013,1,16.83
2023-09-29T08:40:00Z,719268,0.004537,1,15.83
2023-09-29T09:40:00Z,719274,0.003920,1,14.83
2023-09-29T10:40:00Z,719280,0.004382,1,13.83
2023-09-29T11:40:00Z,719286,0.003854,1,12.83
2023-09-29T12:40:00Z,719292,0.004502,1,11.83
2023-09-29T13:40:00Z,719298,0.004144,1,10.83
2023-09-29T14:40:00Z,719304,0.004219,1,9.83
2023-09-29T15:40:00Z,719310,0.004691,1,8.83
2023-09-29T16:40:00Z,719316,0.005048,1,7.83
2023-09-29T17:40:00Z,719322,0.004648,1,6.83
2023-09-29T18:40:00Z,719328,0.006372,1,5.83
2023-09-29T19:40:00Z,719334,0.007244,1,4.83
2023-09-29T20:40:00Z,719340,0.007977,1,3.83
2023-09-29T21:40:00Z,719346,0.009621,1,2.83
2023-09-29T22:40:00Z,719352,0.006826,1,1.83
2023-09-29T23:40:00Z,719358,0.006967,1,0.83
2023-09-30T00:40:00Z,719364,0.008188,1,23.00
2023-09-30T01:40:00Z,719370,0.005161,1,22.00
2023-09-30T02:40:00Z,719376,0.006280,1,21.00
2023-09-30T03:40:00Z,719382,0.006291,1,20.00
2023-09-30T04:40:00Z,719388,0.007958,1,19.00
2023-09-30T05:40:00Z,719394,0.007907,1,18.00
2023-09-30T06:40:00Z,719400,0.008652,1,17.00
2023-09-30T07:40:00Z,719406,0.012014,1,16.00
2023-09-30T08:40:00Z,719412,0.013317,1,15.00
2023-09-30T09:40:00Z,719418,0.017141,1,14.00
2023-09-30T10:40:00Z,719424,0.016943,1,13.00
2023-09-30T11:40:00Z,719430,0.011870,1,12.00
2023-09-30T12:40:00Z,719436,0.010263,1,11.00
2023-09-30T13:40:00Z,719442,0.009848,1,10.00
2023-09-30T14:40:00Z,719448,0.010535,1,9.00
2023-09-30T15:40:00Z,719454,0.010229,1,8.00
2023-09-30T16:40:00Z,719460,0.010182,1,7.00
2023-09-30T17:40:00Z,719466,0.007820,1,6.00
2023-09-30T18:40:00Z,719472,0.005930,1,5.00
2023-09-30T19:40:00Z,719478,0.004669,1,4.00
2023-09-30T20:40:00Z,719484,0.005727,1,3.00
2023-09-30T21:40:00Z,719490,0.006406,1,2.00
2023-09-30T22:40:00Z,719496,0.007354,1,1.00
2023-09-30T23:40:00Z,719502,0.009153,1,23.33
2023-10-01T00:40:00Z,719508,0.008176,1,22.33
2023-10-01T01:40:00Z,719514,0.006942,1,21.33
2023-10-01T02:40:00Z,719520,0.007926,1,20.33
2023-10-01T03:40:00Z,719526,0.011745,1,19.33
2023-10-01T04:40:00Z,719532,0.012103,1,18.33
2023-10-01T05:40:00Z,719538,0.010592,1,17.33
2023-10-01T06:40:00Z,719544,0.009536,1,16.33
2023-10-01T07:40:00Z,719550,0.009514,1,15.33
2023-10-01T08:40:00Z,719556,0.008244,1,14.33
2023-10-01T09:40:00Z,719562,0.009733,1,13.33
2023-10-01T10:40:00Z,719568,0.010659,1,12.33
2023-10-01T11:40:00Z,719574,0.009879,1,11.33
2023-10-01T12:40:00Z,719580,0.009418,1,10.33
2023-10-01T13:40:00Z,719586,0.010019,1,9.33
2023-10-01T14:40:00Z,719592,0.010887,1,8.33
2023-10-01T15:40:00Z,719598,0.010206,1,7.33
2023-10-01T16:40:00Z,719604,0.010935,1,6.33
2023-10-01T17:40:00Z,719610,0.009120,1,5.33
2023-10-01T18:40:00Z,719616,0.012430,1,4.33
2023-10-01T19:40:00Z,719622,0.014255,1,3.33
2023-10-01T20:40:00Z,719628,0.013945,1,2.33
2023-10-01T21:40:00Z,719634,0.009139,1,1.33
2023-10-01T22:40:00Z,719640,0.011607,1,0.33
2023-10-01T23:40:00Z,719646,0.017359,1,22.67
2023-10-02T00:40:00Z,719652,0.019310,1,21.67
2023-10-02T01:40:00Z,719658,0.017785,1,20.67
2023-10-02T02:40:00Z,719664,0.017176,1,19.67
2023-10-02T03:40:00Z,719670,0.018884,1,18.67
2023-10-02T04:40:00Z,719676,0.019743,1,17.67
2023-10-02T05:40:00Z,719682,0.018854,1,16.67
2023-10-02T06:40:00Z,719688,0.013016,1,15.67
2023-10-02T07:40:00Z,719694,0.014098,1,14.67
2023-10-02T08:40:00Z,719700,0.016633,1,13.67
2023-10-02T09:40:00Z,719706,0.019107,1,12.67
2023-10-02T10:40:00Z,719712,0.025506,1,11.67
2023-10-02T11:40:00Z,719718,0.023394,1,10.67
2023-10-02T12:40:00Z,719724,0.020918,1,9.67
2023-10-02T13:40:00Z,719730,0.019083,1,8.67
2023-10-02T14:40:00Z,719736,0.020500,1,7.67
2023-10-02T15:40:00Z,719742,0.019672,1,6.67
2023-10-02T16:40:00Z,719748,0.015651,1,5.67
2023-10-02T17:40:00Z,719754,0.010098,1,4.67
2023-10-02T18:40:00Z,719760,0.008846,1,3.67
2023-10-02T19:40:00Z,719766,0.008010,1,2.67
2023-10-02T20:40:00Z,719772,0.008987,1,1.67
2023-10-02T21:40:00Z,719778,0.007231,1,0.67
2023-10-02T22:40:00Z,719784,0.006414,0,
2023-10-02T23:40:00Z,719790,0.010318,0,
2023-10-03T00:40:00Z,719796,0.009268,0,
2023-10-03T01:40:00Z,719802,0.009324,0,
2023-10-03T02:40:00Z,719808,0.004466,0,
2023-10-03T03:40:00Z,719814,0.005377,0,
2023-10-03T04:40:00Z,719820,0.003858,0,
2023-10-03T05:40:00Z,719826,0.004513,0,
2023-10-03T06:40:00Z,719832,0.004367,0,
2023-10-03T07:40:00Z,719838,0.004126,0,
2023-10-03T08:40:00Z,719844,0.004313,0,
2023-10-03T09:40:00Z,719850,0.003689,0,
2023-10-03T10:40:00Z,719856,0.007734,0,
2023-10-03T11:40:00Z,719862,0.007446,0,
2023-10-03T12:40:00Z,719868,0.008064,0,
2023-10-03T13:40:00Z,719874,0.007921,0,
2023-10-03T14:40:00Z,719880,0.010143,0,
2023-10-03T15:40:00Z,719886,0.010305,0,
2023-10-03T16:40:00Z,719892,0.010874,0,
2023-10-03T17:40:00Z,719898,0.011415,0,
2023-10-03T18:40:00Z,719904,0.011203,0,
2023-10-03T19:40:00Z,719910,0.013252,0,
2023-10-03T20:40:00Z,719916,0.013929,0,
2023-10-03T21:40:00Z,719922,0.012333,0,
2023-10-03T22:40:00Z,719928,0.011557,0,
2023-10-03T23:40:00Z,719934,0.007428,0,
2023-10-04T00:40:00Z,719940,0.010922,0,
2023-10-04T01:40:00Z,719946,0.010322,0,
2023-10-04T02:40:00Z,719952,0.007057,0,
2023-10-04T03:40:00Z,719958,0.011151,0,
2023-10-04T04:40:00Z,719964,0.011878,0,
2023-10-04T05:40:00Z,719970,0.010731,0,
2023-10-04T06:40:00Z,719976,0.011993,0,
2023-10-04T07:40:00Z,719982,0.015097,0,
2023-10-04T08:40:00Z,719988,0.014051,0,
2023-10-04T09:40:00Z,719994,0.013361,0,
2023-10-04T10:40:00Z,720000,0.013419,0,
2023-10-04T11:40:00Z,720006,0.015600,0,
2023-10-04T12:40:00Z,720012,0.016361,0,
2023-10-04T13:40:00Z,720018,0.015261,0,
2023-10-04T14:40:00Z,720024,0.015537,0,
2023-10-04T15:40:00Z,720030,0.012782,0,
2023-10-04T16:40:00Z,720036,0.012937,0,
2023-10-04T17:40:00Z,720042,0.012184,0,
2023-10-04T18:40:00Z,720048,0.010998,0,
2023-10-04T19:40:00Z,720054,0.011940,0,
2023-10-04T20:40:00Z,720060,0.014434,0,
2023-10-04T21:40:00Z,720066,0.011513,0,
2023-10-04T22:40:00Z,720072,0.010723,0,
2023-10-04T23:40:00Z,720078,0.013696,0,
2023-10-05T00:40:00Z,720084,0.016922,0,
2023-10-05T01:40:00Z,720090,0.013446,0,
2023-10-05T02:40:00Z,720096,0.016415,0,
2023-10-05T03:40:00Z,720102,0.018626,0,
2023-10-05T04:40:00Z,720108,0.018188,0,
2023-10-05T05:40:00Z,720114,0.019558,0,
2023-10-05T06:40:00Z,720120,0.011711,0,
2023-10-05T07:40:00Z,720126,0.008074,0,
2023-10-05T08:40:00Z,720132,0.007053,0,
2023-10-05T09:40:00Z,720138,0.015462,0,
2023-10-05T10:40:00Z,720144,0.014807,0,
2023-10-05T11:40:00Z,720150,0.015750,0,
2023-10-05T12:40:00Z,720156,0.012257,1,24.00
2023-10-05T13:40:00Z,720162,0.010035,1,23.00
2023-10-05T14:40:00Z,720168,0.010462,1,22.00
2023-10-05T15:40:00Z,720174,0.013579,1,21.00
2023-10-05T16:40:00Z,720180,0.013658,1,20.00
2023-10-05T17:40:00Z,720186,0.015939,1,19.00
2023-10-05T18:40:00Z,720192,0.013328,1,18.00
2023-10-05T19:40:00Z,720198,0.014227,1,17.00
2023-10-05T20:40:00Z,720204,0.015810,1,16.00
2023-10-05T21:40:00Z,720210,0.016219,1,15.00
2023-10-05T22:40:00Z,720216,0.015775,1,14.00
2023-10-05T23:40:00Z,720222,0.014847,1,13.00
2023-10-06T00:40:00Z,720228,0.020271,1,12.00
2023-10-06T01:40:00Z,720234,0.023037,1,11.00
2023-10-06T02:40:00Z,720240,0.024132,1,10.00
2023-10-06T03:40:00Z,720246,0.027617,1,9.00
2023-10-06T04:40:00Z,720252,0.022337,1,8.00
2023-10-06T05:40:00Z,720258,0.019056,1,7.00
2023-10-06T06:40:00Z,720264,0.022169,1,6.00
2023-10-06T07:40:00Z,720270,0.025464,1,5.00
2023-10-06T08:40:00Z,720276,0.028752,1,4.00
2023-10-06T09:40:00Z,720282,0.033308,1,3.00
2023-10-06T10:40:00Z,720288,0.029756,1,2.00
2023-10-06T11:40:00Z,720294,0.030051,1,1.00
2023-10-06T12:40:00Z,720300,0.028745,0,
2023-10-06T13:40:00Z,720306,0.036947,0,
2023-10-06T14:40:00Z,720312,0.030952,0,
2023-10-06T15:40:00Z,720318,0.028490,0,
2023-10-06T16:40:00Z,720324,0.021375,0,
2023-10-06T17:40:00Z,720330,0.015925,0,
2023-10-06T18:40:00Z,720336,0.014913,0,
2023-10-06T19:40:00Z,720342,0.013564,0,
2023-10-06T20:40:00Z,720348,0.013536,0,
2023-10-06T21:40:00Z,720354,0.012043,0,
2023-10-06T22:40:00Z,720360,0.011730,0,
2023-10-06T23:40:00Z,720366,0.014885,0,
2023-10-07T00:40:00Z,720372,0.023452,0,
2023-10-07T01:40:00Z,720378,0.017495,0,
2023-10-07T02:40:00Z,720384,0.014136,0,
2023-10-07T03:40:00Z,720390,0.012953,0,
2023-10-07T04:40:00Z,720396,0.010248,0,
2023-10-07T05:40:00Z,720402,0.007686,0,
2023-10-07T06:40:00Z,720408,0.009450,0,
2023-10-07T07:40:00Z,720414,0.008401,0,
2023-10-07T08:40:00Z,720420,0.009121,0,
2023-10-07T09:40:00Z,720426,0.008797,0,
2023-10-07T10:40:00Z,720432,0.009139,0,
2023-10-07T11:40:00Z,720438,0.012027,0,
2023-10-07T12:40:00Z,720444,0.011894,0,
2023-10-07T13:40:00Z,720450,0.013095,0,
2023-10-07T14:40:00Z,720456,0.024296,0,
2023-10-07T15:40:00Z,720462,0.010832,0,
2023-10-07T16:40:00Z,720468,0.009119,0,
2023-10-07T17:40:00Z,720474,0.006421,0,
2023-10-07T18:40:00Z,720480,0.009294,0,
2023-10-07T19:40:00Z,720486,0.010544,0,
2023-10-07T20:40:00Z,720492,0.013961,0,
2023-10-07T21:40:00Z,720498,0.015938,0,
2023-10-07T22:40:00Z,720504,0.018243,0,
2023-10-07T23:40:00Z,720510,0.014984,0,
2023-10-08T00:40:00Z,720516,0.015581,0,
2023-10-08T01:40:00Z,720522,0.012732,0,
2023-10-08T02:40:00Z,720528,0.008375,0,
2023-10-08T03:40:00Z,720534,0.007864,0,
2023-10-08T04:40:00Z,720540,0.006267,0,
2023-10-08T05:40:00Z,720546,0.006683,0,
2023-10-08T06:40:00Z,720552,0.007148,0,
2023-10-08T07:40:00Z,720558,0.005806,0,
2023-10-08T08:40:00Z,720564,0.012861,0,
2023-10-08T09:40:00Z,720570,0.013504,0,
2023-10-08T10:40:00Z,720576,0.015191,0,
2023-10-08T11:40:00Z,720582,0.011199,0,
2023-10-08T12:40:00Z,720588,0.019048,0,
2023-10-08T13:40:00Z,720594,0.009623,0,
2023-10-08T14:40:00Z,720600,0.006135,0,
2023-10-08T15:40:00Z,720606,0.009375,0,
2023-10-08T16:40:00Z,720612,0.008186,0,
2023-10-08T17:40:00Z,720618,0.006471,0,
2023-10-08T18:40:00Z,720624,0.007460,0,
2023-10-08T19:40:00Z,720630,0.007485,0,
2023-10-08T20:40:00Z,720636,0.006759,0,
2023-10-08T21:40:00Z,720642,0.007671,0,
2023-10-08T22:40:00Z,720648,0.006829,0,
2023-10-08T23:40:00Z,720654,0.006808,0,
2023-10-09T00:40:00Z,720660,0.005965,0,
2023-10-09T01:40:00Z,720666,0.005392,0,
2023-10-09T02:40:00Z,720672,0.004727,0,
2023-10-09T03:40:00Z,720678,0.005504,0,
2023-10-09T04:40:00Z,720684,0.005469,0,
2023-10-09T05:40:00Z,720690,0.004036,0,
2023-10-09T06:40:00Z,720696,0.002886,0,
2023-10-09T07:40:00Z,720702,0.002829,0,
2023-10-09T08:40:00Z,720708,0.003963,0,
2023-10-09T09:40:00Z,720714,0.003464,0,
2023-10-09T10:40:00Z,720720,0.003435,0,
2023-10-09T11:40:00Z,720726,0.004897,0,
2023-10-09T12:40:00Z,720732,0.009739,0,
2023-10-09T13:40:00Z,720738,0.006803,0,
2023-10-09T14:40:00Z,720744,0.009712,0,
2023-10-09T15:40:00Z,720750,0.010100,0,
2023-10-09T16:40:00Z,720756,0.008625,0,
2023-10-09T17:40:00Z,720762,0.011817,0,
2023-10-09T18:40:00Z,720768,0.007899,0,
2023-10-09T19:40:00Z,720774,0.007308,0,
2023-10-09T20:40:00Z,720780,0.005754,0,
2023-10-09T21:40:00Z,720786,0.006545,0,
2023-10-09T22:40:00Z,720792,0.006464,0,
2023-10-09T23:40:00Z,720798,0.006068,0,
2023-10-10T00:40:00Z,720804,0.006241,0,
2023-10-10T01:40:00Z,720810,0.009805,0,
2023-10-10T02:40:00Z,720816,0.009194,0,
2023-10-10T03:40:00Z,720822,0.006092,0,
2023-10-10T04:40:00Z,720828,0.005841,0,
2023-10-10T05:40:00Z,720834,0.006460,0,
2023-10-10T06:40:00Z,720840,0.005200,0,
2023-10-10T07:40:00Z,720846,0.006122,0,
2023-10-10T08:40:00Z,720852,0.008133,0,
2023-10-10T09:40:00Z,720858,0.011365,0,
2023-10-10T10:40:00Z,720864,0.007086,0,
2023-10-10T11:40:00Z,720870,0.005627,0,
2023-10-10T12:40:00Z,720876,0.006609,0,
2023-10-10T13:40:00Z,720882,0.007186,0,
2023-10-10T14:40:00Z,720888,0.007070,0,
2023-10-10T15:40:00Z,720894,0.006551,0,
2023-10-10T16:40:00Z,720900,0.007004,0,
2023-10-10T17:40:00Z,720906,0.007615,0,
2023-10-10T18:40:00Z,720912,0.006232,0,
2023-10-10T19:40:00Z,720918,0.014390,0,
2023-10-10T20:40:00Z,720924,0.011667,0,
2023-10-10T21:40:00Z,720930,0.014238,0,
2023-10-10T22:40:00Z,720936,0.015089,0,
2023-10-10T23:40:00Z,720942,0.020601,0,
2023-10-11T00:40:00Z,720948,0.021377,0,
2023-10-11T01:40:00Z,720954,0.022919,0,
2023-10-11T02:40:00Z,720960,0.025503,0,
2023-10-11T03:40:00Z,720966,0.029283,0,
2023-10-11T04:40:00Z,720972,0.020356,0,
2023-10-11T05:40:00Z,720978,0.019372,0,
2023-10-11T06:40:00Z,720984,0.018248,0,
2023-10-11T07:40:00Z,720990,0.014157,0,
2023-10-11T08:40:00Z,720996,0.016107,0,
2023-10-11T09:40:00Z,721002,0.018820,0,
2023-10-11T10:40:00Z,721008,0.025008,0,
2023-10-11T11:40:00Z,721014,0.026734,0,
2023-10-11T12:40:00Z,721020,0.027254,0,
2023-10-11T13:40:00Z,721026,0.018717,0,
2023-10-11T14:40:00Z,721032,0.019753,0,
2023-10-11T15:40:00Z,721038,0.016316,0,
2023-10-11T16:40:00Z,721044,0.015453,0,
2023-10-11T17:40:00Z,721050,0.007626,0,
2023-10-11T18:40:00Z,721056,0.012861,0,
2023-10-11T19:40:00Z,721062,0.010647,0,
2023-10-11T20:40:00Z,721068,0.009474,0,
2023-10-11T21:40:00Z,721074,0.009372,0,
2023-10-11T22:40:00Z,721080,0.007309,0,
2023-10-11T23:40:00Z,721086,0.013673,0,
2023-10-12T00:40:00Z,721092,0.010468,0,
2023-10-12T01:40:00Z,721098,0.020174,0,
2023-10-12T02:40:00Z,721104,0.022060,0,
2023-10-12T03:40:00Z,721110,0.019694,0,
2023-10-12T04:40:00Z,721116,0.015468,0,
2023-10-12T05:40:00Z,721122,0.012572,0,
2023-10-12T06:40:00Z,721128,0.013112,0,
2023-10-12T07:40:00Z,721134,0.010033,0,
2023-10-12T08:40:00Z,721140,0.010505,0,
2023-10-12T09:40:00Z,721146,0.015620,0,
2023-10-12T10:40:00Z,721152,0.014775,0,
2023-10-12T11:40:00Z,721158,0.014059,0,
2023-10-12T12:40:00Z,721164,0.007322,0,
2023-10-12T13:40:00Z,721170,0.011576,0,
2023-10-12T14:40:00Z,721176,0.013090,0,
2023-10-12T15:40:00Z,721182,0.010538,0,
2023-10-12T16:40:00Z,721188,0.009881,0,
2023-10-12T17:40:00Z,721194,0.009713,0,
2023-10-12T18:40:00Z,721200,0.015820,0,
2023-10-12T19:40:00Z,721206,0.015977,0,
2023-10-12T20:40:00Z,721212,0.013177,0,
2023-10-12T21:40:00Z,721218,0.014137,0,
2023-10-12T22:40:00Z,721224,0.013655,0,
2023-10-12T23:40:00Z,721230,0.006663,0,
2023-10-13T00:40:00Z,721236,0.008955,0,
2023-10-13T01:40:00Z,721242,0.008020,0,
2023-10-13T02:40:00Z,721248,0.007344,0,
2023-10-13T03:40:00Z,721254,0.010884,0,
2023-10-13T04:40:00Z,721260,0.008596,0,
2023-10-13T05:40:00Z,721266,0.015395,0,
2023-10-13T06:40:00Z,721272,0.012840,0,
2023-10-13T07:40:00Z,721278,0.016301,0,
2023-10-13T08:40:00Z,721284,0.018825,0,
2023-10-13T09:40:00Z,721290,0.021390,0,
2023-10-13T10:40:00Z,721296,0.021945,0,
2023-10-13T11:40:00Z,721302,0.019711,0,
2023-10-13T12:40:00Z,721308,0.031249,0,
2023-10-13T13:40:00Z,721314,0.022131,0,
2023-10-13T14:40:00Z,721320,0.016082,0,
2023-10-13T15:40:00Z,721326,0.013467,0,
2023-10-13T16:40:00Z,721332,0.009551,0,
2023-10-13T17:40:00Z,721338,0.010348,0,
2023-10-13T18:40:00Z,721344,0.008253,0,
2023-10-13T19:40:00Z,721350,0.008303,0,
2023-10-13T20:40:00Z,721356,0.005150,0,
2023-10-13T21:40:00Z,721362,0.005001,0,
2023-10-13T22:40:00Z,721368,0.005317,0,
2023-10-13T23:40:00Z,721374,0.006667,0,
2023-10-14T00:40:00Z,721380,0.007544,0,
2023-10-14T01:40:00Z,721386,0.008659,0,
2023-10-14T02:40:00Z,721392,0.008665,0,
2023-10-14T03:40:00Z,721398,0.008881,0,
2023-10-14T04:40:00Z,721404,0.009475,0,
2023-10-14T05:40:00Z,721410,0.009661,0,
2023-10-14T06:40:00Z,721416,0.004375,0,
2023-10-14T07:40:00Z,721422,0.005521,0,
2023-10-14T08:40:00Z,721428,0.005122,0,
2023-10-14T09:40:00Z,721434,0.004709,0,
2023-10-14T10:40:00Z,721440,0.007526,0,
2023-10-14T11:40:00Z,721446,0.008877,0,
2023-10-14T12:40:00Z,721452,0.006629,0,
2023-10-14T13:40:00Z,721458,0.006493,0,
2023-10-14T14:40:00Z,721464,0.005136,0,
2023-10-14T15:40:00Z,721470,0.004936,0,
2023-10-14T16:40:00Z,721476,0.007736,0,
2023-10-14T17:40:00Z,721482,0.008727,0,
2023-10-14T18:40:00Z,721488,0.007479,0,
2023-10-14T19:40:00Z,721494,0.006635,0,
2023-10-14T20:40:00Z,721500,0.007114,0,
2023-10-14T21:40:00Z,721506,0.005478,0,
2023-10-14T22:40:00Z,721512,0.003529,0,
2023-10-14T23:40:00Z,721518,0.004201,0,
2023-10-15T00:40:00Z,721524,0.004246,0,
2023-10-15T01:40:00Z,721530,0.004132,0,
2023-10-15T02:40:00Z,721536,0.005525,0,
2023-10-15T03:40:00Z,721542,0.009405,0,
2023-10-15T04:40:00Z,721548,0.010553,0,
2023-10-15T05:40:00Z,721554,0.007924,0,
2023-10-15T06:40:00Z,721560,0.010155,0,
2023-10-15T07:40:00Z,721566,0.008600,0,
2023-10-15T08:40:00Z,721572,0.008448,0,
2023-10-15T09:40:00Z,721578,0.007935,0,
2023-10-15T10:40:00Z,721584,0.008149,0,
2023-10-15T11:40:00Z,721590,0.007599,0,
2023-10-15T12:40:00Z,721596,0.007894,0,
2023-10-15T13:40:00Z,721602,0.014042,0,
2023-10-15T14:40:00Z,721608,0.015263,0,
2023-10-15T15:40:00Z,721614,0.019290,0,
2023-10-15T16:40:00Z,721620,0.018048,0,
2023-10-15T17:40:00Z,721626,0.015575,0,
2023-10-15T18:40:00Z,721632,0.017362,0,
2023-10-15T19:40:00Z,721638,0.014778,0,
2023-10-15T20:40:00Z,721644,0.011429,0,
2023-10-15T21:40:00Z,721650,0.011285,0,
2023-10-15T22:40:00Z,721656,0.011784,0,
2023-10-15T23:40:00Z,721662,0.011580,0,
2023-10-16T00:40:00Z,721668,0.012063,0,
2023-10-16T01:40:00Z,721674,0.012945,0,
2023-10-16T02:40:00Z,721680,0.013185,0,
2023-10-16T03:40:00Z,721686,0.012057,0,
2023-10-16T04:40:00Z,721692,0.012901,0,
2023-10-16T05:40:00Z,721698,0.013235,0,
2023-10-16T06:40:00Z,721704,0.014089,0,
2023-10-16T07:40:00Z,721710,0.015419,0,
2023-10-16T08:40:00Z,721716,0.014982,0,
2023-10-16T09:40:00Z,721722,0.013085,0,
2023-10-16T10:40:00Z,721728,0.014608,0,
2023-10-16T11:40:00Z,721734,0.012821,0,
2023-10-16T12:40:00Z,721740,0.017165,0,
2023-10-16T13:40:00Z,721746,0.016064,0,
2023-10-16T14:40:00Z,721752,0.008741,0,
2023-10-16T15:40:00Z,721758,0.013336,0,
2023-10-16T16:40:00Z,721764,0.013237,0,
2023-10-16T17:40:00Z,721770,0.009770,0,
2023-10-16T18:40:00Z,721776,0.007213,0,
2023-10-16T19:40:00Z,721782,0.008384,0,
2023-10-16T20:40:00Z,721788,0.007447,0,
2023-10-16T21:40:00Z,721794,0.007267,0,
2023-10-16T22:40:00Z,721800,0.005691,0,
2023-10-16T23:40:00Z,721806,0.007091,0,
2023-10-17T00:40:00Z,721812,0.008199,0,
2023-10-17T01:40:00Z,721818,0.007338,0,
2023-10-17T02:40:00Z,721824,0.008722,0,
2023-10-17T03:40:00Z,721830,0.007678,0,
2023-10-17T04:40:00Z,721836,0.006612,0,
2023-10-17T05:40:00Z,721842,0.007405,0,
2023-10-17T06:40:00Z,721848,0.005733,0,
2023-10-17T07:40:00Z,721854,0.005159,0,
2023-10-17T08:40:00Z,721860,0.005748,0,
2023-10-17T09:40:00Z,721866,0.006916,0,
2023-10-17T10:40:00Z,721872,0.008820,0,
2023-10-17T11:40:00Z,721878,0.016273,0,
2023-10-17T12:40:00Z,721884,0.021735,0,
2023-10-17T13:40:00Z,721890,0.018909,0,
2023-10-17T14:40:00Z,721896,0.015653,0,
2023-10-17T15:40:00Z,721902,0.013217,0,
2023-10-17T16:40:00Z,721908,0.013689,0,
2023-10-17T17:40:00Z,721914,0.011214,0,
2023-10-17T18:40:00Z,721920,0.010916,0,
2023-10-17T19:40:00Z,721926,0.009108,0,
2023-10-17T20:40:00Z,721932,0.010013,0,
2023-10-17T21:40:00Z,721938,0.008707,0,
2023-10-17T22:40:00Z,721944,0.004269,0,
2023-10-17T23:40:00Z,721950,0.004362,0,
2023-10-18T00:40:00Z,721956,0.004740,0,
2023-10-18T01:40:00Z,721962,0.004717,0,
2023-10-18T02:40:00Z,721968,0.005032,0,
2023-10-18T03:40:00Z,721974,0.005738,0,
2023-10-18T04:40:00Z,721980,0.006521,0,
2023-10-18T05:40:00Z,721986,0.006367,0,
2023-10-18T06:40:00Z,721992,0.006592,0,
2023-10-18T07:40:00Z,721998,0.005729,0,
2023-10-18T08:40:00Z,722004,0.005988,0,
2023-10-18T09:40:00Z,722010,0.016347,0,
2023-10-18T10:40:00Z,722016,0.020340,0,
2023-10-18T11:40:00Z,722022,0.017721,0,
2023-10-18T12:40:00Z,722028,0.016366,0,
2023-10-18T13:40:00Z,722034,0.014668,0,
2023-10-18T14:40:00Z,722040,0.016398,0,
2023-10-18T15:40:00Z,722046,0.013916,0,
2023-10-18T16:40:00Z,722052,0.012958,0,
2023-10-18T17:40:00Z,722058,0.013356,0,
2023-10-18T18:40:00Z,722064,0.013761,0,
2023-10-18T19:40:00Z,722070,0.013730,0,
2023-10-18T20:40:00Z,722076,0.015947,0,
2023-10-18T21:40:00Z,722082,0.010245,0,
2023-10-18T22:40:00Z,722088,0.018767,0,
2023-10-18T23:40:00Z,722094,0.016918,0,
2023-10-19T00:40:00Z,722100,0.014832,0,
2023-10-19T01:40:00Z,722106,0.018134,0,
2023-10-19T02:40:00Z,722112,0.015354,0,
2023-10-19T03:40:00Z,722118,0.016225,0,
2023-10-19T04:40:00Z,722124,0.017388,0,
2023-10-19T05:40:00Z,722130,0.016271,0,
2023-10-19T06:40:00Z,722136,0.013032,0,
2023-10-19T07:40:00Z,722142,0.008855,0,
2023-10-19T08:40:00Z,722148,0.008170,0,
2023-10-19T09:40:00Z,722154,0.007899,0,
2023-10-19T10:40:00Z,722160,0.006561,0,
2023-10-19T11:40:00Z,722166,0.008738,0,
2023-10-19T12:40:00Z,722172,0.007267,0,
2023-10-19T13:40:00Z,722178,0.006815,0,
2023-10-19T14:40:00Z,722184,0.006038,0,
2023-10-19T15:40:00Z,722190,0.006652,0,
2023-10-19T16:40:00Z,722196,0.006247,0,
2023-10-19T17:40:00Z,722202,0.006528,0,
2023-10-19T18:40:00Z,722208,0.011181,0,
2023-10-19T19:40:00Z,722214,0.010685,0,
2023-10-19T20:40:00Z,722220,0.016351,0,
2023-10-19T21:40:00Z,722226,0.014745,0,
2023-10-19T22:40:00Z,722232,0.013206,0,
2023-10-19T23:40:00Z,722238,0.012624,0,
2023-10-20T00:40:00Z,722244,0.011829,0,
2023-10-20T01:40:00Z,722250,0.007967,0,
2023-10-20T02:40:00Z,722256,0.008236,0,
2023-10-20T03:40:00Z,722262,0.008673,0,
2023-10-20T04:40:00Z,722268,0.005247,0,
2023-10-20T05:40:00Z,722274,0.005723,0,
2023-10-20T06:40:00Z,722280,0.006514,0,
2023-10-20T07:40:00Z,722286,0.006439,0,
2023-10-20T08:40:00Z,722292,0.007722,0,
2023-10-20T09:40:00Z,722298,0.011434,0,
2023-10-20T10:40:00Z,722304,0.008416,0,
2023-10-20T11:40:00Z,722310,0.008655,0,
2023-10-20T12:40:00Z,722316,0.008988,0,
2023-10-20T13:40:00Z,722322,0.008988,0,
2023-10-20T14:40:00Z,722328,0.010926,0,
2023-10-20T15:40:00Z,722334,0.013882,0,
2023-10-20T16:40:00Z,722340,0.008605,0,
2023-10-20T17:40:00Z,722346,0.007276,0,
2023-10-20T18:40:00Z,722352,0.008089,0,
2023-10-20T19:40:00Z,722358,0.006957,0,
2023-10-20T20:40:00Z,722364,0.010168,0,
2023-10-20T21:40:00Z,722370,0.010866,0,
2023-10-20T22:40:00Z,722376,0.012737,0,
2023-10-20T23:40:00Z,722382,0.011552,0,
2023-10-21T00:40:00Z,722388,0.011594,0,
2023-10-21T01:40:00Z,722394,0.012191,0,
2023-10-21T02:40:00Z,722400,0.012033,0,
2023-10-21T03:40:00Z,722406,0.011598,0,
2023-10-21T04:40:00Z,722412,0.011767,0,
2023-10-21T05:40:00Z,722418,0.007567,0,
2023-10-21T06:40:00Z,722424,0.012877,0,
2023-10-21T07:40:00Z,722430,0.010808,0,
2023-10-21T08:40:00Z,722436,0.011480,0,
2023-10-21T09:40:00Z,722442,0.011527,0,
2023-10-21T10:40:00Z,722448,0.009146,0,
2023-10-21T11:40:00Z,722454,0.008954,0,
2023-10-21T12:40:00Z,722460,0.009212,0,
2023-10-21T13:40:00Z,722466,0.006762,0,
2023-10-21T14:40:00Z,722472,0.004454,0,
2023-10-21T15:40:00Z,722478,0.005048,0,
2023-10-21T16:40:00Z,722484,0.005829,0,
2023-10-21T17:40:00Z,722490,0.008184,0,
2023-10-21T18:40:00Z,722496,0.008184,0,
2023-10-21T19:40:00Z,722502,0.008716,0,
2023-10-21T20:40:00Z,722508,0.002821,0,
2023-10-21T21:40:00Z,722514,0.003780,0,
2023-10-21T22:40:00Z,722520,0.004115,0,
2023-10-21T23:40:00Z,722526,0.004199,0,
2023-10-22T00:40:00Z,722532,0.007884,0,
2023-10-22T01:40:00Z,722538,0.009550,0,
2023-10-22T02:40:00Z,722544,0.008775,0,
2023-10-22T03:40:00Z,722550,0.007905,0,
2023-10-22T04:40:00Z,722556,0.011919,0,
2023-10-22T05:40:00Z,722562,0.009965,0,
2023-10-22T06:40:00Z,722568,0.011882,0,
2023-10-22T07:40:00Z,722574,0.016279,0,
2023-10-22T08:40:00Z,722580,0.014209,0,
2023-10-22T09:40:00Z,722586,0.015439,0,
2023-10-22T10:40:00Z,722592,0.012787,0,
2023-10-22T11:40:00Z,722598,0.013800,0,
2023-10-22T12:40:00Z,722604,0.014320,0,
2023-10-22T13:40:00Z,722610,0.016678,0,
2023-10-22T14:40:00Z,722616,0.016221,0,
2023-10-22T15:40:00Z,722622,0.020386,0,
2023-10-22T16:40:00Z,722628,0.015847,0,
2023-10-22T17:40:00Z,722634,0.011149,0,
2023-10-22T18:40:00Z,722640,0.012475,0,
2023-10-22T19:40:00Z,722646,0.010837,0,
2023-10-22T20:40:00Z,722652,0.008761,0,
2023-10-22T21:40:00Z,722658,0.007763,0,
2023-10-22T22:40:00Z,722664,0.006205,0,
2023-10-22T23:40:00Z,722670,0.007731,0,
2023-10-23T00:40:00Z,722676,0.005472,0,
2023-10-23T01:40:00Z,722682,0.005093,0,
2023-10-23T02:40:00Z,722688,0.010262,0,
2023-10-23T03:40:00Z,722694,0.013640,0,
2023-10-23T04:40:00Z,722700,0.010442,0,
2023-10-23T05:40:00Z,722706,0.010535,0,
2023-10-23T06:40:00Z,722712,0.005196,0,
2023-10-23T07:40:00Z,722718,0.006768,0,
2023-10-23T08:40:00Z,722724,0.006988,0,
2023-10-23T09:40:00Z,722730,0.010910,0,
2023-10-23T10:40:00Z,722736,0.013560,0,
2023-10-23T11:40:00Z,722742,0.013337,0,
2023-10-23T12:40:00Z,722748,0.012294,0,
2023-10-23T13:40:00Z,722754,0.010337,0,
2023-10-23T14:40:00Z,722760,0.009427,0,
2023-10-23T15:40:00Z,722766,0.008544,0,
2023-10-23T16:40:00Z,722772,0.007562,0,
2023-10-23T17:40:00Z,722778,0.007391,0,
2023-10-23T18:40:00Z,722784,0.007858,0,
2023-10-23T19:40:00Z,722790,0.008417,0,
2023-10-23T20:40:00Z,722796,0.006486,0,
2023-10-23T21:40:00Z,722802,0.005864,0,
2023-10-23T22:40:00Z,722808,0.005598,0,
2023-10-23T23:40:00Z,722814,0.004334,0,
2023-10-24T00:40:00Z,722820,0.006289,0,
2023-10-24T01:40:00Z,722826,0.008546,0,
2023-10-24T02:40:00Z,722832,0.008851,0,
2023-10-24T03:40:00Z,722838,0.009943,0,
2023-10-24T04:40:00Z,722844,0.012457,0,
2023-10-24T05:40:00Z,722850,0.012220,0,
2023-10-24T06:40:00Z,722856,0.013144,0,
2023-10-24T07:40:00Z,722862,0.018434,0,
2023-10-24T08:40:00Z,722868,0.015843,0,
2023-10-24T09:40:00Z,722874,0.015406,0,
2023-10-24T10:40:00Z,722880,0.015721,0,
2023-10-24T11:40:00Z,722886,0.025483,0,
2023-10-24T12:40:00Z,722892,0.022675,0,
2023-10-24T13:40:00Z,722898,0.017724,0,
2023-10-24T14:40:00Z,722904,0.017239,0,
2023-10-24T15:40:00Z,722910,0.019266,0,
2023-10-24T16:40:00Z,722916,0.017727,0,
2023-10-24T17:40:00Z,722922,0.018527,0,
2023-10-24T18:40:00Z,722928,0.016129,0,
2023-10-24T19:40:00Z,722934,0.024804,0,
2023-10-24T20:40:00Z,722940,0.020063,0,
2023-10-24T21:40:00Z,722946,0.020167,0,
2023-10-24T22:40:00Z,722952,0.022861,0,
2023-10-24T23:40:00Z,722958,0.018330,0,
2023-10-25T00:40:00Z,722964,0.017308,0,
2023-10-25T01:40:00Z,722970,0.018216,0,
2023-10-25T02:40:00Z,722976,0.013731,0,
2023-10-25T03:40:00Z,722982,0.011853,0,
2023-10-25T04:40:00Z,722988,0.013635,0,
2023-10-25T05:40:00Z,722994,0.012287,0,
2023-10-25T06:40:00Z,723000,0.012200,0,
2023-10-25T07:40:00Z,723006,0.010184,0,
2023-10-25T08:40:00Z,723012,0.010888,0,
2023-10-25T09:40:00Z,723018,0.009978,0,
2023-10-25T10:40:00Z,723024,0.012661,0,
2023-10-25T11:40:00Z,723030,0.013659,0,
2023-10-25T12:40:00Z,723036,0.013837,0,
2023-10-25T13:40:00Z,723042,0.012694,0,
2023-10-25T14:40:00Z,723048,0.011382,0,
2023-10-25T15:40:00Z,723054,0.010495,0,
2023-10-25T16:40:00Z,723060,0.008443,0,
2023-10-25T17:40:00Z,723066,0.009033,0,
2023-10-25T18:40:00Z,723072,0.011643,0,
2023-10-25T19:40:00Z,723078,0.015696,0,
2023-10-25T20:40:00Z,723084,0.020146,0,
2023-10-25T21:40:00Z,723090,0.012552,0,
2023-10-25T22:40:00Z,723096,0.017179,0,
2023-10-25T23:40:00Z,723102,0.017077,0,
2023-10-26T00:40:00Z,723108,0.017585,0,
2023-10-26T01:40:00Z,723114,0.016034,0,
2023-10-26T02:40:00Z,723120,0.015420,0,
2023-10-26T03:40:00Z,723126,0.017265,0,
2023-10-26T04:40:00Z,723132,0.012931,0,
2023-10-26T05:40:00Z,723138,0.011853,0,
2023-10-26T06:40:00Z,723144,0.012378,0,
2023-10-26T07:40:00Z,723150,0.013658,0,
2023-10-26T08:40:00Z,723156,0.014851,0,
2023-10-26T09:40:00Z,723162,0.019589,0,
2023-10-26T10:40:00Z,723168,0.019818,0,
2023-10-26T11:40:00Z,723174,0.021572,0,
2023-10-26T12:40:00Z,723180,0.020801,0,
2023-10-26T13:40:00Z,723186,0.024798,0,
2023-10-26T14:40:00Z,723192,0.028854,0,
2023-10-26T15:40:00Z,723198,0.021052,0,
2023-10-26T16:40:00Z,723204,0.016681,0,
2023-10-26T17:40:00Z,723210,0.018631,0,
2023-10-26T18:40:00Z,723216,0.017402,0,
2023-10-26T19:40:00Z,723222,0.023889,0,
2023-10-26T20:40:00Z,723228,0.010386,0,
2023-10-26T21:40:00Z,723234,0.014223,0,
2023-10-26T22:40:00Z,723240,0.015520,0,
2023-10-26T23:40:00Z,723246,0.012827,0,
2023-10-27T00:40:00Z,723252,0.015995,0,
2023-10-27T01:40:00Z,723258,0.013697,0,
2023-10-27T02:40:00Z,723264,0.014729,0,
2023-10-27T03:40:00Z,723270,0.022194,0,
2023-10-27T04:40:00Z,723276,0.020953,0,
2023-10-27T05:40:00Z,723282,0.019270,0,
2023-10-27T06:40:00Z,723288,0.018623,0,
2023-10-27T07:40:00Z,723294,0.020782,0,
2023-10-27T08:40:00Z,723300,0.018922,0,
2023-10-27T09:40:00Z,723306,0.019152,0,
2023-10-27T10:40:00Z,723312,0.021431,0,
2023-10-27T11:40:00Z,723318,0.027416,0,
2023-10-27T12:40:00Z,723324,0.023728,0,
2023-10-27T13:40:00Z,723330,0.027250,0,
2023-10-27T14:40:00Z,723336,0.030247,0,
2023-10-27T15:40:00Z,723342,0.025856,0,
2023-10-27T16:40:00Z,723348,0.018143,0,
2023-10-27T17:40:00Z,723354,0.016762,0,
2023-10-27T18:40:00Z,723360,0.016441,0,
2023-10-27T19:40:00Z,723366,0.015163,0,
2023-10-27T20:40:00Z,723372,0.016349,0,
2023-10-27T21:40:00Z,723378,0.015299,0,
2023-10-27T22:40:00Z,723384,0.011079,0,
2023-10-27T23:40:00Z,723390,0.008150,0,
2023-10-28T00:40:00Z,723396,0.009249,0,
2023-10-28T01:40:00Z,723402,0.009609,0,
2023-10-28T02:40:00Z,723408,0.008890,0,
2023-10-28T03:40:00Z,723414,0.008752,0,
2023-10-28T04:40:00Z,723420,0.010678,0,
2023-10-28T05:40:00Z,723426,0.011278,0,
2023-10-28T06:40:00Z,723432,0.012933,0,
2023-10-28T07:40:00Z,723438,0.014807,0,
2023-10-28T08:40:00Z,723444,0.013648,0,
2023-10-28T09:40:00Z,723450,0.013849,0,
2023-10-28T10:40:00Z,723456,0.013804,0,
2023-10-28T11:40:00Z,723462,0.008870,0,
2023-10-28T12:40:00Z,723468,0.006456,0,
2023-10-28T13:40:00Z,723474,0.006490,0,
2023-10-28T14:40:00Z,723480,0.008992,0,
2023-10-28T15:40:00Z,723486,0.008324,0,
2023-10-28T16:40:00Z,723492,0.007536,0,
2023-10-28T17:40:00Z,723498,0.007896,0,
2023-10-28T18:40:00Z,723504,0.006922,0,
2023-10-28T19:40:00Z,723510,0.006015,0,
2023-10-28T20:40:00Z,723516,0.006682,0,
2023-10-28T21:40:00Z,723522,0.007281,0,
2023-10-28T22:40:00Z,723528,0.008935,0,
2023-10-28T23:40:00Z,723534,0.008646,0,
2023-10-29T00:40:00Z,723540,0.008213,0,
2023-10-29T01:40:00Z,723546,0.008066,0,
2023-10-29T02:40:00Z,723552,0.007454,0,
2023-10-29T03:40:00Z,723558,0.006789,0,
2023-10-29T04:40:00Z,723564,0.006969,0,
2023-10-29T05:40:00Z,723570,0.008093,0,
2023-10-29T06:40:00Z,723576,0.006384,0,
2023-10-29T07:40:00Z,723582,0.009420,0,
2023-10-29T08:40:00Z,723588,0.011306,0,
2023-10-29T09:40:00Z,723594,0.011933,0,
2023-10-29T10:40:00Z,723600,0.011871,0,
2023-10-29T11:40:00Z,723606,0.014155,0,
2023-10-29T12:40:00Z,723612,0.012633,0,
2023-10-29T13:40:00Z,723618,0.009989,0,
2023-10-29T14:40:00Z,723624,0.010598,0,
2023-10-29T15:40:00Z,723630,0.009891,0,
2023-10-29T16:40:00Z,723636,0.008293,0,
2023-10-29T17:40:00Z,723642,0.008380,0,
2023-10-29T18:40:00Z,723648,0.008778,0,
2023-10-29T19:40:00Z,723654,0.007435,0,
2023-10-29T20:40:00Z,723660,0.007115,0,
2023-10-29T21:40:00Z,723666,0.006094,0,
2023-10-29T22:40:00Z,723672,0.008915,0,
2023-10-29T23:40:00Z,723678,0.008272,0,
2023-10-30T00:40:00Z,723684,0.006355,0,
2023-10-30T01:40:00Z,723690,0.007196,0,
2023-10-30T02:40:00Z,723696,0.007698,0,
2023-10-30T03:40:00Z,723702,0.006998,0,
2023-10-30T04:40:00Z,723708,0.007490,0,
2023-10-30T05:40:00Z,723714,0.010004,0,
2023-10-30T06:40:00Z,723720,0.008936,0,
2023-10-30T07:40:00Z,723726,0.008387,0,
2023-10-30T08:40:00Z,723732,0.004431,0,
2023-10-30T09:40:00Z,723738,0.008407,0,
2023-10-30T10:40:00Z,723744,0.011385,0,
2023-10-30T11:40:00Z,723750,0.014902,0,
2023-10-30T12:40:00Z,723756,0.020312,0,
2023-10-30T13:40:00Z,723762,0.022578,0,
2023-10-30T14:40:00Z,723768,0.022712,0,
2023-10-30T15:40:00Z,723774,0.014172,0,
2023-10-30T16:40:00Z,723780,0.016383,0,
2023-10-30T17:40:00Z,723786,0.016977,0,
2023-10-30T18:40:00Z,723792,0.016786,0,
2023-10-30T19:40:00Z,723798,0.015924,0,
2023-10-30T20:40:00Z,723804,0.021430,0,
2023-10-30T21:40:00Z,723810,0.028590,0,
2023-10-30T22:40:00Z,723816,0.023463,0,
2023-10-30T23:40:00Z,723822,0.027708,0,
2023-10-31T00:40:00Z,723828,0.024854,0,
2023-10-31T01:40:00Z,723834,0.023732,0,
2023-10-31T02:40:00Z,723840,0.021468,0,
2023-10-31T03:40:00Z,723846,0.020263,0,
2023-10-31T04:40:00Z,723852,0.028477,0,
2023-10-31T05:40:00Z,723858,0.032856,0,
2023-10-31T06:40:00Z,723864,0.023032,0,
2023-10-31T07:40:00Z,723870,0.029014,0,
2023-10-31T08:40:00Z,723876,0.027564,0,
2023-10-31T09:40:00Z,723882,0.015278,0,
2023-10-31T10:40:00Z,723888,0.011970,0,
2023-10-31T11:40:00Z,723894,0.012745,0,
2023-10-31T12:40:00Z,723900,0.014156,0,
2023-10-31T13:40:00Z,723906,0.013389,0,
2023-10-31T14:40:00Z,723912,0.011183,0,
2023-10-31T15:40:00Z,723918,0.010550,0,
2023-10-31T16:40:00Z,723924,0.011439,0,
2023-10-31T17:40:00Z,723930,0.012126,0,
2023-10-31T18:40:00Z,723936,0.015409,0,
2023-10-31T19:40:00Z,723942,0.018597,0,
2023-10-31T20:40:00Z,723948,0.020924,0,
2023-10-31T21:40:00Z,723954,0.023872,0,
2023-10-31T22:40:00Z,723960,0.021540,0,
2023-10-31T23:40:00Z,723966,0.014881,0,
2023-11-01T00:40:00Z,723972,0.013103,0,
2023-11-01T01:40:00Z,723978,0.010644,0,
2023-11-01T02:40:00Z,723984,0.008781,0,
2023-11-01T03:40:00Z,723990,0.005687,0,
2023-11-01T04:40:00Z,723996,0.006244,0,
2023-11-01T05:40:00Z,724002,0.005795,0,
2023-11-01T06:40:00Z,724008,0.005797,0,
2023-11-01T07:40:00Z,724014,0.007504,0,
2023-11-01T08:40:00Z,724020,0.008713,0,
2023-11-01T09:40:00Z,724026,0.013732,0,
2023-11-01T10:40:00Z,724032,0.019146,0,
2023-11-01T11:40:00Z,724038,0.018820,0,
2023-11-01T12:40:00Z,724044,0.017144,0,
2023-11-01T13:40:00Z,724050,0.025675,0,
2023-11-01T14:40:00Z,724056,0.017996,0,
2023-11-01T15:40:00Z,724062,0.027906,0,
2023-11-01T16:40:00Z,724068,0.019565,0,
2023-11-01T17:40:00Z,724074,0.019918,0,
2023-11-01T18:40:00Z,724080,0.010720,0,
2023-11-01T19:40:00Z,724086,0.011345,0,
2023-11-01T20:40:00Z,724092,0.010322,0,
2023-11-01T21:40:00Z,724098,0.008275,0,
2023-11-01T22:40:00Z,724104,0.007301,0,
2023-11-01T23:40:00Z,724110,0.007894,0,
2023-11-02T00:40:00Z,724116,0.010420,0,
2023-11-02T01:40:00Z,724122,0.023143,0,
2023-11-02T02:40:00Z,724128,0.022385,0,
2023-11-02T03:40:00Z,724134,0.014106,0,
2023-11-02T04:40:00Z,724140,0.012106,0,
2023-11-02T05:40:00Z,724146,0.015056,0,
2023-11-02T06:40:00Z,724152,0.012908,0,
2023-11-02T07:40:00Z,724158,0.006443,0,
2023-11-02T08:40:00Z,724164,0.008014,0,
2023-11-02T09:40:00Z,724170,0.007660,0,
2023-11-02T10:40:00Z,724176,0.006531,0,
2023-11-02T11:40:00Z,724182,0.005890,0,
2023-11-02T12:40:00Z,724188,0.004358,0,
2023-11-02T13:40:00Z,724194,0.006739,0,
2023-11-02T14:40:00Z,724200,0.010579,0,
2023-11-02T15:40:00Z,724206,0.012925,0,
2023-11-02T16:40:00Z,724212,0.010807,0,
2023-11-02T17:40:00Z,724218,0.013880,0,
2023-11-02T18:40:00Z,724224,0.011126,0,
2023-11-02T19:40:00Z,724230,0.015425,0,
2023-11-02T20:40:00Z,724236,0.017145,0,
2023-11-02T21:40:00Z,724242,0.019701,0,
2023-11-02T22:40:00Z,724248,0.017831,0,
2023-11-02T23:40:00Z,724254,0.019919,0,
2023-11-03T00:40:00Z,724260,0.020249,0,
2023-11-03T01:40:00Z,724266,0.010406,0,
2023-11-03T02:40:00Z,724272,0.010413,0,
2023-11-03T03:40:00Z,724278,0.013644,0,
2023-11-03T04:40:00Z,724284,0.012603,0,
2023-11-03T05:40:00Z,724290,0.013357,0,
2023-11-03T06:40:00Z,724296,0.011008,0,
2023-11-03T07:40:00Z,724302,0.013163,0,
2023-11-03T08:40:00Z,724308,0.013316,0,
2023-11-03T09:40:00Z,724314,0.013403,0,
2023-11-03T10:40:00Z,724320,0.011930,0,
2023-11-03T11:40:00Z,724326,0.009814,0,
2023-11-03T12:40:00Z,724332,0.011420,0,
2023-11-03T13:40:00Z,724338,0.010878,0,
2023-11-03T14:40:00Z,724344,0.010613,0,
2023-11-03T15:40:00Z,724350,0.009325,0,
2023-11-03T16:40:00Z,724356,0.009227,0,
2023-11-03T17:40:00Z,724362,0.009852,0,
2023-11-03T18:40:00Z,724368,0.007114,0,
2023-11-03T19:40:00Z,724374,0.005926,0,
2023-11-03T20:40:00Z,724380,0.006316,0,
2023-11-03T21:40:00Z,724386,0.008298,0,
2023-11-03T22:40:00Z,724392,0.009098,0,
2023-11-03T23:40:00Z,724398,0.006548,0,
2023-11-04T00:40:00Z,724404,0.006470,0,
2023-11-04T01:40:00Z,724410,0.007359,0,
2023-11-04T02:40:00Z,724416,0.007210,0,
2023-11-04T03:40:00Z,724422,0.012287,0,
2023-11-04T04:40:00Z,724428,0.009461,0,
2023-11-04T05:40:00Z,724434,0.010477,0,
2023-11-04T06:40:00Z,724440,0.009303,0,
2023-11-04T07:40:00Z,724446,0.010803,0,
2023-11-04T08:40:00Z,724452,0.011748,0,
2023-11-04T09:40:00Z,724458,0.010042,0,
2023-11-04T10:40:00Z,724464,0.009644,0,
2023-11-04T11:40:00Z,724470,0.009589,0,
2023-11-04T12:40:00Z,724476,0.009765,0,
2023-11-04T13:40:00Z,724482,0.011725,0,
2023-11-04T14:40:00Z,724488,0.016381,0,
2023-11-04T15:40:00Z,724494,0.019353,0,
2023-11-04T16:40:00Z,724500,0.018414,0,
2023-11-04T17:40:00Z,724506,0.020826,0,
2023-11-04T18:40:00Z,724512,0.017908,0,
2023-11-04T19:40:00Z,724518,0.014328,0,
2023-11-04T20:40:00Z,724524,0.007976,0,
2023-11-04T21:40:00Z,724530,0.011326,0,
2023-11-04T22:40:00Z,724536,0.025755,0,
2023-11-04T23:40:00Z,724542,0.023058,0,
2023-11-05T00:40:00Z,724548,0.023537,0,
2023-11-05T01:40:00Z,724554,0.017687,0,
2023-11-05T02:40:00Z,724560,0.013101,0,
2023-11-05T03:40:00Z,724566,0.010399,0,
2023-11-05T04:40:00Z,724572,0.007742,0,
2023-11-05T05:40:00Z,724578,0.004797,0,
2023-11-05T06:40:00Z,724584,0.004228,0,
2023-11-05T07:40:00Z,724590,0.004529,0,
2023-11-05T08:40:00Z,724596,0.005256,0,
2023-11-05T09:40:00Z,724602,0.007558,0,
2023-11-05T10:40:00Z,724608,0.006754,0,
2023-11-05T11:40:00Z,724614,0.004995,0,
2023-11-05T12:40:00Z,724620,0.004919,0,
2023-11-05T13:40:00Z,724626,0.004697,0,
2023-11-05T14:40:00Z,724632,0.003858,0,
2023-11-05T15:40:00Z,724638,0.005526,0,
2023-11-05T16:40:00Z,724644,0.006343,0,
2023-11-05T17:40:00Z,724650,0.005779,0,
2023-11-05T18:40:00Z,724656,0.012351,0,
2023-11-05T19:40:00Z,724662,0.008853,0,
2023-11-05T20:40:00Z,724668,0.008867,0,
2023-11-05T21:40:00Z,724674,0.008838,0,
2023-11-05T22:40:00Z,724680,0.006865,0,
2023-11-05T23:40:00Z,724686,0.007105,0,
2023-11-06T00:40:00Z,724692,0.008396,0,
2023-11-06T01:40:00Z,724698,0.008276,0,
2023-11-06T02:40:00Z,724704,0.009454,0,
2023-11-06T03:40:00Z,724710,0.011338,0,
2023-11-06T04:40:00Z,724716,0.010891,0,
2023-11-06T05:40:00Z,724722,0.009441,0,
2023-11-06T06:40:00Z,724728,0.009157,0,
2023-11-06T07:40:00Z,724734,0.010546,0,
2023-11-06T08:40:00Z,724740,0.008795,0,
2023-11-06T09:40:00Z,724746,0.008411,0,
2023-11-06T10:40:00Z,724752,0.006874,0,
2023-11-06T11:40:00Z,724758,0.008209,0,
2023-11-06T12:40:00Z,724764,0.008762,0,
2023-11-06T13:40:00Z,724770,0.009676,0,
2023-11-06T14:40:00Z,724776,0.009696,0,
2023-11-06T15:40:00Z,724782,0.012760,0,
2023-11-06T16:40:00Z,724788,0.008534,0,
2023-11-06T17:40:00Z,724794,0.008676,0,
2023-11-06T18:40:00Z,724800,0.008571,0,
2023-11-06T19:40:00Z,724806,0.008651,0,
2023-11-06T20:40:00Z,724812,0.007548,0,
2023-11-06T21:40:00Z,724818,0.011273,0,
2023-11-06T22:40:00Z,724824,0.007978,0,
2023-11-06T23:40:00Z,724830,0.009626,0,
2023-11-07T00:40:00Z,724836,0.006634,0,
2023-11-07T01:40:00Z,724842,0.007881,0,
2023-11-07T02:40:00Z,724848,0.010755,0,
2023-11-07T03:40:00Z,724854,0.008345,0,
2023-11-07T04:40:00Z,724860,0.008887,0,
2023-11-07T05:40:00Z,724866,0.008704,0,
2023-11-07T06:40:00Z,724872,0.008602,0,
2023-11-07T07:40:00Z,724878,0.009956,0,
2023-11-07T08:40:00Z,724884,0.010676,0,
2023-11-07T09:40:00Z,724890,0.009352,0,
2023-11-07T10:40:00Z,724896,0.008633,0,
2023-11-07T11:40:00Z,724902,0.010293,0,
2023-11-07T12:40:00Z,724908,0.008464,0,
2023-11-07T13:40:00Z,724914,0.007872,0,
2023-11-07T14:40:00Z,724920,0.006509,0,
2023-11-07T15:40:00Z,724926,0.006856,0,
2023-11-07T16:40:00Z,724932,0.006189,0,
2023-11-07T17:40:00Z,724938,0.005974,0,
2023-11-07T18:40:00Z,724944,0.007370,0,
2023-11-07T19:40:00Z,724950,0.005585,0,
2023-11-07T20:40:00Z,724956,0.005246,0,
2023-11-07T21:40:00Z,724962,0.005411,0,
2023-11-07T22:40:00Z,724968,0.006146,0,
2023-11-07T23:40:00Z,724974,0.006000,0,
2023-11-08T00:40:00Z,724980,0.007923,0,
2023-11-08T01:40:00Z,724986,0.008034,0,
2023-11-08T02:40:00Z,724992,0.007325,0,
2023-11-08T03:40:00Z,724998,0.009755,0,
2023-11-08T04:40:00Z,725004,0.010706,0,
2023-11-08T05:40:00Z,725010,0.008363,0,
2023-11-08T06:40:00Z,725016,0.007827,0,
2023-11-08T07:40:00Z,725022,0.007459,0,
2023-11-08T08:40:00Z,725028,0.008309,0,
2023-11-08T09:40:00Z,725034,0.009081,0,
2023-11-08T10:40:00Z,725040,0.014227,0,
2023-11-08T11:40:00Z,725046,0.024164,0,
2023-11-08T12:40:00Z,725052,0.023996,0,
2023-11-08T13:40:00Z,725058,0.021767,0,
2023-11-08T14:40:00Z,725064,0.008515,0,
2023-11-08T15:40:00Z,725070,0.007145,0,
2023-11-08T16:40:00Z,725076,0.009886,0,
2023-11-08T17:40:00Z,725082,0.010430,0,
2023-11-08T18:40:00Z,725088,0.009536,0,
2023-11-08T19:40:00Z,725094,0.009455,0,
2023-11-08T20:40:00Z,725100,0.009964,0,
2023-11-08T21:40:00Z,725106,0.011205,0,
2023-11-08T22:40:00Z,725112,0.004383,0,
2023-11-08T23:40:00Z,725118,0.007284,0,
2023-11-09T00:40:00Z,725124,0.008216,0,
2023-11-09T01:40:00Z,725130,0.009370,0,
2023-11-09T02:40:00Z,725136,0.010364,0,
2023-11-09T03:40:00Z,725142,0.010022,0,
2023-11-09T04:40:00Z,725148,0.010650,0,
2023-11-09T05:40:00Z,725154,0.010674,0,
2023-11-09T06:40:00Z,725160,0.007735,0,
2023-11-09T07:40:00Z,725166,0.005332,0,
2023-11-09T08:40:00Z,725172,0.004982,0,
2023-11-09T09:40:00Z,725178,0.009941,0,
2023-11-09T10:40:00Z,725184,0.011438,0,
2023-11-09T11:40:00Z,725190,0.013157,0,
2023-11-09T12:40:00Z,725196,0.016060,0,
2023-11-09T13:40:00Z,725202,0.019487,0,
2023-11-09T14:40:00Z,725208,0.020328,0,
2023-11-09T15:40:00Z,725214,0.018568,0,
2023-11-09T16:40:00Z,725220,0.016687,0,
2023-11-09T17:40:00Z,725226,0.016590,0,
2023-11-09T18:40:00Z,725232,0.012538,0,
2023-11-09T19:40:00Z,725238,0.010460,0,
2023-11-09T20:40:00Z,725244,0.012943,0,
2023-11-09T21:40:00Z,725250,0.014007,0,
2023-11-09T22:40:00Z,725256,0.016783,0,
2023-11-09T23:40:00Z,725262,0.021929,0,
2023-11-10T00:40:00Z,725268,0.018049,0,
2023-11-10T01:40:00Z,725274,0.015604,0,
2023-11-10T02:40:00Z,725280,0.013568,0,
2023-11-10T03:40:00Z,725286,0.010861,0,
2023-11-10T04:40:00Z,725292,0.014463,0,
2023-11-10T05:40:00Z,725298,0.012966,0,
2023-11-10T06:40:00Z,725304,0.013105,0,
2023-11-10T07:40:00Z,725310,0.018118,0,
2023-11-10T08:40:00Z,725316,0.024836,0,
2023-11-10T09:40:00Z,725322,0.022310,0,
2023-11-10T10:40:00Z,725328,0.018790,0,
2023-11-10T11:40:00Z,725334,0.014114,0,
2023-11-10T12:40:00Z,725340,0.011044,0,
2023-11-10T13:40:00Z,725346,0.009769,0,
2023-11-10T14:40:00Z,725352,0.009794,0,
2023-11-10T15:40:00Z,725358,0.011357,0,
2023-11-10T16:40:00Z,725364,0.008535,0,
2023-11-10T17:40:00Z,725370,0.006810,0,
2023-11-10T18:40:00Z,725376,0.006415,0,
2023-11-10T19:40:00Z,725382,0.006194,0,
2023-11-10T20:40:00Z,725388,0.005633,0,
2023-11-10T21:40:00Z,725394,0.005501,0,
2023-11-10T22:40:00Z,725400,0.005896,0,
2023-11-10T23:40:00Z,725406,0.007207,0,
2023-11-11T00:40:00Z,725412,0.006687,0,
2023-11-11T01:40:00Z,725418,0.006072,0,
2023-11-11T02:40:00Z,725424,0.007799,0,
2023-11-11T03:40:00Z,725430,0.007815,0,
2023-11-11T04:40:00Z,725436,0.006314,0,
2023-11-11T05:40:00Z,725442,0.003723,0,
2023-11-11T06:40:00Z,725448,0.008817,0,
2023-11-11T07:40:00Z,725454,0.006639,0,
2023-11-11T08:40:00Z,725460,0.010065,0,
2023-11-11T09:40:00Z,725466,0.009097,0,
2023-11-11T10:40:00Z,725472,0.008769,0,
2023-11-11T11:40:00Z,725478,0.010544,0,
2023-11-11T12:40:00Z,725484,0.011819,0,
2023-11-11T13:40:00Z,725490,0.023435,0,
2023-11-11T14:40:00Z,725496,0.015605,0,
2023-11-11T15:40:00Z,725502,0.018276,0,
2023-11-11T16:40:00Z,725508,0.016443,0,
2023-11-11T17:40:00Z,725514,0.018055,0,
2023-11-11T18:40:00Z,725520,0.017430,0,
2023-11-11T19:40:00Z,725526,0.019018,0,
2023-11-11T20:40:00Z,725532,0.016034,0,
2023-11-11T21:40:00Z,725538,0.016767,0,
2023-11-11T22:40:00Z,725544,0.013515,0,
2023-11-11T23:40:00Z,725550,0.011942,0,
2023-11-12T00:40:00Z,725556,0.010498,0,
2023-11-12T01:40:00Z,725562,0.010255,0,
2023-11-12T02:40:00Z,725568,0.007764,0,
2023-11-12T03:40:00Z,725574,0.007842,0,
2023-11-12T04:40:00Z,725580,0.007711,0,
2023-11-12T05:40:00Z,725586,0.008057,0,
2023-11-12T06:40:00Z,725592,0.007092,0,
2023-11-12T07:40:00Z,725598,0.006850,0,
2023-11-12T08:40:00Z,725604,0.012945,0,
2023-11-12T09:40:00Z,725610,0.015672,0,
2023-11-12T10:40:00Z,725616,0.015600,0,
2023-11-12T11:40:00Z,725622,0.014967,0,
2023-11-12T12:40:00Z,725628,0.014661,0,
2023-11-12T13:40:00Z,725634,0.016100,0,
2023-11-12T14:40:00Z,725640,0.011561,0,
2023-11-12T15:40:00Z,725646,0.010473,0,
2023-11-12T16:40:00Z,725652,0.010660,0,
2023-11-12T17:40:00Z,725658,0.008866,0,
2023-11-12T18:40:00Z,725664,0.009335,0,
2023-11-12T19:40:00Z,725670,0.009633,0,
2023-11-12T20:40:00Z,725676,0.009235,0,
2023-11-12T21:40:00Z,725682,0.009640,0,
2023-11-12T22:40:00Z,725688,0.007448,0,
2023-11-12T23:40:00Z,725694,0.008324,0,
2023-11-13T00:40:00Z,725700,0.005987,0,
2023-11-13T01:40:00Z,725706,0.005701,0,
2023-11-13T02:40:00Z,725712,0.008713,0,
2023-11-13T03:40:00Z,725718,0.006785,0,
2023-11-13T04:40:00Z,725724,0.006971,0,
2023-11-13T05:40:00Z,725730,0.013372,0,
2023-11-13T06:40:00Z,725736,0.011229,0,
2023-11-13T07:40:00Z,725742,0.010027,0,
2023-11-13T08:40:00Z,725748,0.011573,0,
2023-11-13T09:40:00Z,725754,0.014972,0,
2023-11-13T10:40:00Z,725760,0.028343,0,
2023-11-13T11:40:00Z,725766,0.033130,0,
2023-11-13T12:40:00Z,725772,0.037571,0,
2023-11-13T13:40:00Z,725778,0.040355,0,
2023-11-13T14:40:00Z,725784,0.044137,0,
2023-11-13T15:40:00Z,725790,0.037024,0,
2023-11-13T16:40:00Z,725796,0.041033,0,
2023-11-13T17:40:00Z,725802,0.041391,0,
2023-11-13T18:40:00Z,725808,0.034741,0,
2023-11-13T19:40:00Z,725814,0.044663,0,
2023-11-13T20:40:00Z,725820,0.045642,0,
2023-11-13T21:40:00Z,725826,0.045770,0,
2023-11-13T22:40:00Z,725832,0.043723,0,
2023-11-13T23:40:00Z,725838,0.040947,0,
2023-11-14T00:40:00Z,725844,0.044280,0,
2023-11-14T01:40:00Z,725850,0.040734,0,
2023-11-14T02:40:00Z,725856,0.046108,0,
2023-11-14T03:40:00Z,725862,0.043146,0,
2023-11-14T04:40:00Z,725868,0.049048,0,
2023-11-14T05:40:00Z,725874,0.049876,0,
2023-11-14T06:40:00Z,725880,0.043269,0,
2023-11-14T07:40:00Z,725886,0.030897,0,
2023-11-14T08:40:00Z,725892,0.022579,0,
2023-11-14T09:40:00Z,725898,0.016688,0,
2023-11-14T10:40:00Z,725904,0.014346,0,
2023-11-14T11:40:00Z,725910,0.017576,0,
2023-11-14T12:40:00Z,725916,0.013997,0,
2023-11-14T13:40:00Z,725922,0.013862,0,
2023-11-14T14:40:00Z,725928,0.013533,0,
2023-11-14T15:40:00Z,725934,0.011919,0,
2023-11-14T16:40:00Z,725940,0.008792,0,
2023-11-14T17:40:00Z,725946,0.008361,0,
2023-11-14T18:40:00Z,725952,0.006853,0,
2023-11-14T19:40:00Z,725958,0.010125,0,
2023-11-14T20:40:00Z,725964,0.009687,0,
2023-11-14T21:40:00Z,725970,0.013777,0,
2023-11-14T22:40:00Z,725976,0.023508,0,
2023-11-14T23:40:00Z,725982,0.011788,0,
2023-11-15T00:40:00Z,725988,0.007668,0,
2023-11-15T01:40:00Z,725994,0.008374,0,
2023-11-15T02:40:00Z,726000,0.007584,0,
2023-11-15T03:40:00Z,726006,0.007650,0,
2023-11-15T04:40:00Z,726012,0.007933,0,
2023-11-15T05:40:00Z,726018,0.012782,0,
2023-11-15T06:40:00Z,726024,0.012598,0,
2023-11-15T07:40:00Z,726030,0.010007,0,
2023-11-15T08:40:00Z,726036,0.011852,0,
2023-11-15T09:40:00Z,726042,0.013544,0,
2023-11-15T10:40:00Z,726048,0.013852,0,
2023-11-15T11:40:00Z,726054,0.017653,0,
2023-11-15T12:40:00Z,726060,0.017580,0,
2023-11-15T13:40:00Z,726066,0.015567,0,
2023-11-15T14:40:00Z,726072,0.011525,0,
2023-11-15T15:40:00Z,726078,0.008938,0,
2023-11-15T16:40:00Z,726084,0.011513,0,
2023-11-15T17:40:00Z,726090,0.011925,0,
2023-11-15T18:40:00Z,726096,0.009308,0,
2023-11-15T19:40:00Z,726102,0.008925,0,
2023-11-15T20:40:00Z,726108,0.009894,0,
2023-11-15T21:40:00Z,726114,0.008424,0,
2023-11-15T22:40:00Z,726120,0.012469,0,
2023-11-15T23:40:00Z,726126,0.010403,0,
2023-11-16T00:40:00Z,726132,0.015499,0,
2023-11-16T01:40:00Z,726138,0.013894,0,
2023-11-16T02:40:00Z,726144,0.016977,0,
2023-11-16T03:40:00Z,726150,0.026226,0,
2023-11-16T04:40:00Z,726156,0.021832,0,
2023-11-16T05:40:00Z,726162,0.021248,0,
2023-11-16T06:40:00Z,726168,0.022347,0,
2023-11-16T07:40:00Z,726174,0.019773,0,
2023-11-16T08:40:00Z,726180,0.017641,0,
2023-11-16T09:40:00Z,726186,0.019078,0,
2023-11-16T10:40:00Z,726192,0.015763,0,
2023-11-16T11:40:00Z,726198,0.017742,0,
2023-11-16T12:40:00Z,726204,0.014325,0,
2023-11-16T13:40:00Z,726210,0.016298,0,
2023-11-16T14:40:00Z,726216,0.016447,0,
2023-11-16T15:40:00Z,726222,0.016205,0,
2023-11-16T16:40:00Z,726228,0.015449,0,
2023-11-16T17:40:00Z,726234,0.015636,0,
2023-11-16T18:40:00Z,726240,0.013232,0,
2023-11-16T19:40:00Z,726246,0.012024,0,
2023-11-16T20:40:00Z,726252,0.012242,0,
2023-11-16T21:40:00Z,726258,0.014164,0,
2023-11-16T22:40:00Z,726264,0.014337,0,
2023-11-16T23:40:00Z,726270,0.012963,0,
2023-11-17T00:40:00Z,726276,0.012091,0,
2023-11-17T01:40:00Z,726282,0.009714,0,
2023-11-17T02:40:00Z,726288,0.009166,0,
2023-11-17T03:40:00Z,726294,0.009937,0,
2023-11-17T04:40:00Z,726300,0.009878,0,
2023-11-17T05:40:00Z,726306,0.009040,0,
2023-11-17T06:40:00Z,726312,0.008033,0,
2023-11-17T07:40:00Z,726318,0.011403,0,
2023-11-17T08:40:00Z,726324,0.008511,0,
2023-11-17T09:40:00Z,726330,0.010681,0,
2023-11-17T10:40:00Z,726336,0.016483,0,
2023-11-17T11:40:00Z,726342,0.010933,0,
2023-11-17T12:40:00Z,726348,0.007853,0,
2023-11-17T13:40:00Z,726354,0.013630,0,
2023-11-17T14:40:00Z,726360,0.019785,0,
2023-11-17T15:40:00Z,726366,0.021415,0,
2023-11-17T16:40:00Z,726372,0.021080,0,
2023-11-17T17:40:00Z,726378,0.018387,0,
2023-11-17T18:40:00Z,726384,0.016709,0,
2023-11-17T19:40:00Z,726390,0.016075,0,
2023-11-17T20:40:00Z,726396,0.017604,0,
2023-11-17T21:40:00Z,726402,0.013696,0,
2023-11-17T22:40:00Z,726408,0.013416,0,
2023-11-17T23:40:00Z,726414,0.013742,0,
2023-11-18T00:40:00Z,726420,0.013048,0,
2023-11-18T01:40:00Z,726426,0.008259,0,
2023-11-18T02:40:00Z,726432,0.009993,0,
2023-11-18T03:40:00Z,726438,0.011670,0,
2023-11-18T04:40:00Z,726444,0.013292,0,
2023-11-18T05:40:00Z,726450,0.009839,0,
2023-11-18T06:40:00Z,726456,0.009010,0,
2023-11-18T07:40:00Z,726462,0.008387,0,
2023-11-18T08:40:00Z,726468,0.008540,0,
2023-11-18T09:40:00Z,726474,0.006845,0,
2023-11-18T10:40:00Z,726480,0.007261,0,
2023-11-18T11:40:00Z,726486,0.007566,0,
2023-11-18T12:40:00Z,726492,0.010498,0,
2023-11-18T13:40:00Z,726498,0.019128,0,
2023-11-18T14:40:00Z,726504,0.016729,0,
2023-11-18T15:40:00Z,726510,0.023742,0,
2023-11-18T16:40:00Z,726516,0.027718,0,
2023-11-18T17:40:00Z,726522,0.028257,0,
2023-11-18T18:40:00Z,726528,0.025116,0,
2023-11-18T19:40:00Z,726534,0.022566,0,
2023-11-18T20:40:00Z,726540,0.023461,0,
2023-11-18T21:40:00Z,726546,0.026097,0,
2023-11-18T22:40:00Z,726552,0.024713,0,
2023-11-18T23:40:00Z,726558,0.035094,0,
2023-11-19T00:40:00Z,726564,0.030272,0,
2023-11-19T01:40:00Z,726570,0.032076,0,
2023-11-19T02:40:00Z,726576,0.031854,0,
2023-11-19T03:40:00Z,726582,0.040872,0,
2023-11-19T04:40:00Z,726588,0.042025,0,
2023-11-19T05:40:00Z,726594,0.033169,0,
2023-11-19T06:40:00Z,726600,0.032091,0,
2023-11-19T07:40:00Z,726606,0.031374,0,
2023-11-19T08:40:00Z,726612,0.032512,0,
2023-11-19T09:40:00Z,726618,0.036851,0,
2023-11-19T10:40:00Z,726624,0.041316,0,
2023-11-19T11:40:00Z,726630,0.044140,0,
2023-11-19T12:40:00Z,726636,0.045780,0,
2023-11-19T13:40:00Z,726642,0.037776,0,
2023-11-19T14:40:00Z,726648,0.039003,0,
2023-11-19T15:40:00Z,726654,0.039912,0,
2023-11-19T16:40:00Z,726660,0.034806,0,
2023-11-19T17:40:00Z,726666,0.037444,0,
2023-11-19T18:40:00Z,726672,0.024287,0,
2023-11-19T19:40:00Z,726678,0.026769,0,
2023-11-19T20:40:00Z,726684,0.020210,0,
2023-11-19T21:40:00Z,726690,0.020800,0,
2023-11-19T22:40:00Z,726696,0.019737,0,
2023-11-19T23:40:00Z,726702,0.017438,0,
2023-11-20T00:40:00Z,726708,0.015724,0,
2023-11-20T01:40:00Z,726714,0.010012,0,
2023-11-20T02:40:00Z,726720,0.010606,0,
2023-11-20T03:40:00Z,726726,0.008884,0,
2023-11-20T04:40:00Z,726732,0.012028,0,
2023-11-20T05:40:00Z,726738,0.010473,0,
2023-11-20T06:40:00Z,726744,0.011237,0,
2023-11-20T07:40:00Z,726750,0.016665,0,
2023-11-20T08:40:00Z,726756,0.014797,0,
2023-11-20T09:40:00Z,726762,0.011798,0,
2023-11-20T10:40:00Z,726768,0.006959,0,
2023-11-20T11:40:00Z,726774,0.008645,0,
2023-11-20T12:40:00Z,726780,0.013629,0,
2023-11-20T13:40:00Z,726786,0.012304,0,
2023-11-20T14:40:00Z,726792,0.007784,0,
2023-11-20T15:40:00Z,726798,0.006237,0,
2023-11-20T16:40:00Z,726804,0.004919,0,
2023-11-20T17:40:00Z,726810,0.006042,0,
2023-11-20T18:40:00Z,726816,0.008754,0,
2023-11-20T19:40:00Z,726822,0.005646,0,
2023-11-20T20:40:00Z,726828,0.003839,0,
2023-11-20T21:40:00Z,726834,0.003987,0,
2023-11-20T22:40:00Z,726840,0.003035,0,
2023-11-20T23:40:00Z,726846,0.003056,0,
2023-11-21T00:40:00Z,726852,0.002733,0,
2023-11-21T01:40:00Z,726858,0.002811,0,
2023-11-21T02:40:00Z,726864,0.003475,0,
2023-11-21T03:40:00Z,726870,0.008452,0,
2023-11-21T04:40:00Z,726876,0.007174,0,
2023-11-21T05:40:00Z,726882,0.003968,0,
2023-11-21T06:40:00Z,726888,0.003568,0,
2023-11-21T07:40:00Z,726894,0.003655,0,
2023-11-21T08:40:00Z,726900,0.002755,0,
2023-11-21T09:40:00Z,726906,0.004003,0,
2023-11-21T10:40:00Z,726912,0.008582,0,
2023-11-21T11:40:00Z,726918,0.012000,0,
2023-11-21T12:40:00Z,726924,0.014352,0,
2023-11-21T13:40:00Z,726930,0.010300,0,
2023-11-21T14:40:00Z,726936,0.005733,0,
2023-11-21T15:40:00Z,726942,0.004928,0,
2023-11-21T16:40:00Z,726948,0.005011,0,
2023-11-21T17:40:00Z,726954,0.004753,0,
2023-11-21T18:40:00Z,726960,0.004486,0,
2023-11-21T19:40:00Z,726966,0.005627,0,
2023-11-21T20:40:00Z,726972,0.006025,0,
2023-11-21T21:40:00Z,726978,0.005713,0,
2023-11-21T22:40:00Z,726984,0.005946,0,
2023-11-21T23:40:00Z,726990,0.008104,0,
2023-11-22T00:40:00Z,726996,0.013275,0,
2023-11-22T01:40:00Z,727002,0.010604,0,
2023-11-22T02:40:00Z,727008,0.012589,0,
2023-11-22T03:40:00Z,727014,0.013183,0,
2023-11-22T04:40:00Z,727020,0.013594,0,
2023-11-22T05:40:00Z,727026,0.012608,0,
2023-11-22T06:40:00Z,727032,0.010160,0,
2023-11-22T07:40:00Z,727038,0.010868,0,
2023-11-22T08:40:00Z,727044,0.009878,0,
2023-11-22T09:40:00Z,727050,0.007724,0,
2023-11-22T10:40:00Z,727056,0.010640,0,
2023-11-22T11:40:00Z,727062,0.009747,0,
2023-11-22T12:40:00Z,727068,0.010102,0,
2023-11-22T13:40:00Z,727074,0.007019,0,
2023-11-22T14:40:00Z,727080,0.007175,0,
2023-11-22T15:40:00Z,727086,0.004053,0,
2023-11-22T16:40:00Z,727092,0.006562,0,
2023-11-22T17:40:00Z,727098,0.014479,0,
2023-11-22T18:40:00Z,727104,0.011808,0,
2023-11-22T19:40:00Z,727110,0.007705,0,
2023-11-22T20:40:00Z,727116,0.011010,0,
2023-11-22T21:40:00Z,727122,0.006490,0,
2023-11-22T22:40:00Z,727128,0.006671,0,
2023-11-22T23:40:00Z,727134,0.005432,0,
2023-11-23T00:40:00Z,727140,0.007199,0,
2023-11-23T01:40:00Z,727146,0.005514,0,
2023-11-23T02:40:00Z,727152,0.008876,0,
2023-11-23T03:40:00Z,727158,0.007162,0,
2023-11-23T04:40:00Z,727164,0.007417,0,
2023-11-23T05:40:00Z,727170,0.006329,0,
2023-11-23T06:40:00Z,727176,0.005475,0,
2023-11-23T07:40:00Z,727182,0.005305,0,
2023-11-23T08:40:00Z,727188,0.005960,0,
2023-11-23T09:40:00Z,727194,0.013636,0,
2023-11-23T10:40:00Z,727200,0.018601,0,
2023-11-23T11:40:00Z,727206,0.022386,0,
2023-11-23T12:40:00Z,727212,0.017348,0,
2023-11-23T13:40:00Z,727218,0.018049,0,
2023-11-23T14:40:00Z,727224,0.017118,0,
2023-11-23T15:40:00Z,727230,0.015585,0,
2023-11-23T16:40:00Z,727236,0.012443,0,
2023-11-23T17:40:00Z,727242,0.012759,0,
2023-11-23T18:40:00Z,727248,0.019503,0,
2023-11-23T19:40:00Z,727254,0.015943,0,
2023-11-23T20:40:00Z,727260,0.017622,0,
2023-11-23T21:40:00Z,727266,0.014069,0,
2023-11-23T22:40:00Z,727272,0.006631,0,
2023-11-23T23:40:00Z,727278,0.005318,0,
2023-11-24T00:40:00Z,727284,0.007088,0,
2023-11-24T01:40:00Z,727290,0.008070,0,
2023-11-24T02:40:00Z,727296,0.004899,0,
2023-11-24T03:40:00Z,727302,0.004938,0,
2023-11-24T04:40:00Z,727308,0.004234,0,
2023-11-24T05:40:00Z,727314,0.004954,0,
2023-11-24T06:40:00Z,727320,0.005394,0,
2023-11-24T07:40:00Z,727326,0.005151,0,
2023-11-24T08:40:00Z,727332,0.008962,0,
2023-11-24T09:40:00Z,727338,0.009607,0,
2023-11-24T10:40:00Z,727344,0.013834,0,
2023-11-24T11:40:00Z,727350,0.014612,0,
2023-11-24T12:40:00Z,727356,0.011876,0,
2023-11-24T13:40:00Z,727362,0.009995,0,
2023-11-24T14:40:00Z,727368,0.010451,0,
2023-11-24T15:40:00Z,727374,0.009919,0,
2023-11-24T16:40:00Z,727380,0.008030,0,
2023-11-24T17:40:00Z,727386,0.005586,0,
2023-11-24T18:40:00Z,727392,0.005624,0,
2023-11-24T19:40:00Z,727398,0.004118,0,
2023-11-24T20:40:00Z,727404,0.003117,0,
2023-11-24T21:40:00Z,727410,0.005140,0,
2023-11-24T22:40:00Z,727416,0.006754,0,
2023-11-24T23:40:00Z,727422,0.007206,0,
2023-11-25T00:40:00Z,727428,0.006778,0,
2023-11-25T01:40:00Z,727434,0.010025,0,
2023-11-25T02:40:00Z,727440,0.007373,0,
2023-11-25T03:40:00Z,727446,0.007337,0,
2023-11-25T04:40:00Z,727452,0.006882,0,
2023-11-25T05:40:00Z,727458,0.011374,0,
2023-11-25T06:40:00Z,727464,0.009683,0,
2023-11-25T07:40:00Z,727470,0.002638,0,
2023-11-25T08:40:00Z,727476,0.009235,0,
2023-11-25T09:40:00Z,727482,0.009542,0,
2023-11-25T10:40:00Z,727488,0.002481,0,
2023-11-25T11:40:00Z,727494,0.013038,0,
2023-11-25T12:40:00Z,727500,0.009803,0,
2023-11-25T13:40:00Z,727506,0.010092,0,
2023-11-25T14:40:00Z,727512,0.008276,0,
2023-11-25T15:40:00Z,727518,0.014155,0,
2023-11-25T16:40:00Z,727524,0.014128,0,
2023-11-25T17:40:00Z,727530,0.010877,0,
2023-11-25T18:40:00Z,727536,0.014712,0,
2023-11-25T19:40:00Z,727542,0.013774,0,
2023-11-25T20:40:00Z,727548,0.012281,0,
2023-11-25T21:40:00Z,727554,0.010926,0,
2023-11-25T22:40:00Z,727560,0.014781,0,
2023-11-25T23:40:00Z,727566,0.015994,0,
2023-11-26T00:40:00Z,727572,0.017049,0,
2023-11-26T01:40:00Z,727578,0.012958,0,
2023-11-26T02:40:00Z,727584,0.012905,0,
2023-11-26T03:40:00Z,727590,0.012461,0,
2023-11-26T04:40:00Z,727596,0.014501,0,
2023-11-26T05:40:00Z,727602,0.015138,0,
2023-11-26T06:40:00Z,727608,0.018737,0,
2023-11-26T07:40:00Z,727614,0.016696,0,
2023-11-26T08:40:00Z,727620,0.017326,0,
2023-11-26T09:40:00Z,727626,0.017708,0,
2023-11-26T10:40:00Z,727632,0.016497,0,
2023-11-26T11:40:00Z,727638,0.016288,0,
2023-11-26T12:40:00Z,727644,0.017337,0,
2023-11-26T13:40:00Z,727650,0.014833,0,
2023-11-26T14:40:00Z,727656,0.015706,0,
2023-11-26T15:40:00Z,727662,0.012179,0,
2023-11-26T16:40:00Z,727668,0.012891,0,
2023-11-26T17:40:00Z,727674,0.009784,0,
2023-11-26T18:40:00Z,727680,0.012045,0,
2023-11-26T19:40:00Z,727686,0.016827,0,
2023-11-26T20:40:00Z,727692,0.016364,0,
2023-11-26T21:40:00Z,727698,0.015752,0,
2023-11-26T22:40:00Z,727704,0.012587,0,
2023-11-26T23:40:00Z,727710,0.012158,0,
2023-11-27T00:40:00Z,727716,0.015114,0,
2023-11-27T01:40:00Z,727722,0.012934,0,
2023-11-27T02:40:00Z,727728,0.012028,0,
2023-11-27T03:40:00Z,727734,0.009613,0,
2023-11-27T04:40:00Z,727740,0.011397,0,
2023-11-27T05:40:00Z,727746,0.010338,0,
2023-11-27T06:40:00Z,727752,0.013964,0,
2023-11-27T07:40:00Z,727758,0.012784,0,
2023-11-27T08:40:00Z,727764,0.007562,0,
2023-11-27T09:40:00Z,727770,0.011805,0,
2023-11-27T10:40:00Z,727776,0.008691,0,
2023-11-27T11:40:00Z,727782,0.006918,0,
2023-11-27T12:40:00Z,727788,0.008457,0,
2023-11-27T13:40:00Z,727794,0.007596,0,
2023-11-27T14:40:00Z,727800,0.006614,0,
2023-11-27T15:40:00Z,727806,0.005932,0,
2023-11-27T16:40:00Z,727812,0.004276,0,
2023-11-27T17:40:00Z,727818,0.004093,0,
2023-11-27T18:40:00Z,727824,0.003399,0,
2023-11-27T19:40:00Z,727830,0.004482,0,
2023-11-27T20:40:00Z,727836,0.004257,0,
2023-11-27T21:40:00Z,727842,0.005412,0,
2023-11-27T22:40:00Z,727848,0.004694,0,
2023-11-27T23:40:00Z,727854,0.003269,0,
2023-11-28T00:40:00Z,727860,0.004261,0,
2023-11-28T01:40:00Z,727866,0.004938,0,
2023-11-28T02:40:00Z,727872,0.004291,0,
2023-11-28T03:40:00Z,727878,0.003353,0,
2023-11-28T04:40:00Z,727884,0.004228,0,
2023-11-28T05:40:00Z,727890,0.003765,0,
2023-11-28T06:40:00Z,727896,0.004072,0,
2023-11-28T07:40:00Z,727902,0.003968,0,
2023-11-28T08:40:00Z,727908,0.007087,0,
2023-11-28T09:40:00Z,727914,0.005768,0,
2023-11-28T10:40:00Z,727920,0.009353,0,
2023-11-28T11:40:00Z,727926,0.008778,0,
2023-11-28T12:40:00Z,727932,0.010495,0,
2023-11-28T13:40:00Z,727938,0.010279,0,
2023-11-28T14:40:00Z,727944,0.011416,0,
2023-11-28T15:40:00Z,727950,0.010396,0,
2023-11-28T16:40:00Z,727956,0.014762,0,
2023-11-28T17:40:00Z,727962,0.010846,0,
2023-11-28T18:40:00Z,727968,0.011481,0,
2023-11-28T19:40:00Z,727974,0.014559,0,
2023-11-28T20:40:00Z,727980,0.010555,0,
2023-11-28T21:40:00Z,727986,0.010922,0,
2023-11-28T22:40:00Z,727992,0.007873,0,
2023-11-28T23:40:00Z,727998,0.007772,0,
2023-11-29T00:40:00Z,728004,0.010658,0,
2023-11-29T01:40:00Z,728010,0.012433,0,
2023-11-29T02:40:00Z,728016,0.015089,0,
2023-11-29T03:40:00Z,728022,0.011239,0,
2023-11-29T04:40:00Z,728028,0.010719,0,
2023-11-29T05:40:00Z,728034,0.008703,0,
2023-11-29T06:40:00Z,728040,0.009010,0,
2023-11-29T07:40:00Z,728046,0.008388,0,
2023-11-29T08:40:00Z,728052,0.012543,0,
2023-11-29T09:40:00Z,728058,0.012218,0,
2023-11-29T10:40:00Z,728064,0.010139,0,
2023-11-29T11:40:00Z,728070,0.010045,0,
2023-11-29T12:40:00Z,728076,0.009797,0,
2023-11-29T13:40:00Z,728082,0.009725,0,
2023-11-29T14:40:00Z,728088,0.010875,0,
2023-11-29T15:40:00Z,728094,0.010394,0,
2023-11-29T16:40:00Z,728100,0.013528,0,
2023-11-29T17:40:00Z,728106,0.016315,0,
2023-11-29T18:40:00Z,728112,0.017587,0,
2023-11-29T19:40:00Z,728118,0.017555,0,
2023-11-29T20:40:00Z,728124,0.010285,0,
2023-11-29T21:40:00Z,728130,0.008678,0,
2023-11-29T22:40:00Z,728136,0.009390,0,
2023-11-29T23:40:00Z,728142,0.009840,0,
2023-11-30T00:40:00Z,728148,0.009448,0,
2023-11-30T01:40:00Z,728154,0.007260,0,
2023-11-30T02:40:00Z,728160,0.007448,0,
2023-11-30T03:40:00Z,728166,0.006263,0,
2023-11-30T04:40:00Z,728172,0.006704,0,
2023-11-30T05:40:00Z,728178,0.006122,0,
2023-11-30T06:40:00Z,728184,0.004931,0,
2023-11-30T07:40:00Z,728190,0.005960,0,
2023-11-30T08:40:00Z,728196,0.005447,0,
2023-11-30T09:40:00Z,728202,0.006403,0,
2023-11-30T10:40:00Z,728208,0.006801,0,
2023-11-30T11:40:00Z,728214,0.006837,0,
2023-11-30T12:40:00Z,728220,0.009126,0,
2023-11-30T13:40:00Z,728226,0.008972,0,
2023-11-30T14:40:00Z,728232,0.009602,0,
2023-11-30T15:40:00Z,728238,0.009094,0,
2023-11-30T16:40:00Z,728244,0.007920,0,
2023-11-30T17:40:00Z,728250,0.008464,0,
2023-11-30T18:40:00Z,728256,0.009498,0,
2023-11-30T19:40:00Z,728262,0.008102,0,
2023-11-30T20:40:00Z,728268,0.006949,0,
2023-11-30T21:40:00Z,728274,0.006969,0,
2023-11-30T22:40:00Z,728280,0.006800,0,
2023-11-30T23:40:00Z,728286,0.006883,0,
2023-12-01T00:40:00Z,728292,0.007225,0,
2023-12-01T01:40:00Z,728298,0.007438,0,
2023-12-01T02:40:00Z,728304,0.008020,0,
2023-12-01T03:40:00Z,728310,0.007712,0,
2023-12-01T04:40:00Z,728316,0.008353,0,
2023-12-01T05:40:00Z,728322,0.007982,0,
2023-12-01T06:40:00Z,728328,0.007467,0,
2023-12-01T07:40:00Z,728334,0.009632,0,
2023-12-01T08:40:00Z,728340,0.008459,0,
2023-12-01T09:40:00Z,728346,0.008652,0,
2023-12-01T10:40:00Z,728352,0.011242,0,
2023-12-01T11:40:00Z,728358,0.011731,0,
2023-12-01T12:40:00Z,728364,0.011414,0,
2023-12-01T13:40:00Z,728370,0.011377,0,
2023-12-01T14:40:00Z,728376,0.010905,0,
2023-12-01T15:40:00Z,728382,0.008064,0,
2023-12-01T16:40:00Z,728388,0.008871,0,
2023-12-01T17:40:00Z,728394,0.009390,0,
2023-12-01T18:40:00Z,728400,0.010458,0,
2023-12-01T19:40:00Z,728406,0.010153,0,
2023-12-01T20:40:00Z,728412,0.012490,0,
2023-12-01T21:40:00Z,728418,0.016009,0,
2023-12-01T22:40:00Z,728424,0.021082,0,
2023-12-01T23:40:00Z,728430,0.019212,0,
2023-12-02T00:40:00Z,728436,0.025191,0,
2023-12-02T01:40:00Z,728442,0.025568,0,
2023-12-02T02:40:00Z,728448,0.030099,0,
2023-12-02T03:40:00Z,728454,0.032989,0,
2023-12-02T04:40:00Z,728460,0.034532,0,
2023-12-02T05:40:00Z,728466,0.038091,0,
2023-12-02T06:40:00Z,728472,0.047896,0,
2023-12-02T07:40:00Z,728478,0.051088,0,
2023-12-02T08:40:00Z,728484,0.056553,0,
2023-12-02T09:40:00Z,728490,0.060985,0,
2023-12-02T10:40:00Z,728496,0.063475,0,
2023-12-02T11:40:00Z,728502,0.068220,0,
2023-12-02T12:40:00Z,728508,0.067973,0,
2023-12-02T13:40:00Z,728514,0.072828,0,
2023-12-02T14:40:00Z,728520,0.074517,0,
2023-12-02T15:40:00Z,728526,0.096091,0,
2023-12-02T16:40:00Z,728532,0.101183,0,
2023-12-02T17:40:00Z,728538,0.107467,0,
2023-12-02T18:40:00Z,728544,0.118355,0,
2023-12-02T19:40:00Z,728550,0.124084,0,
2023-12-02T20:40:00Z,728556,0.128440,0,
2023-12-02T21:40:00Z,728562,0.130991,0,
2023-12-02T22:40:00Z,728568,0.136613,0,
2023-12-02T23:40:00Z,728574,0.145505,0,
2023-12-03T00:40:00Z,728580,0.150392,0,
2023-12-03T01:40:00Z,728586,0.159553,0,
2023-12-03T02:40:00Z,728592,0.158190,0,
2023-12-03T03:40:00Z,728598,0.158302,0,
2023-12-03T04:40:00Z,728604,0.160471,0,
2023-12-03T05:40:00Z,728610,0.164481,0,
2023-12-03T06:40:00Z,728616,0.165204,0,
2023-12-03T07:40:00Z,728622,0.165247,0,
2023-12-03T08:40:00Z,728628,0.164554,0,
2023-12-03T09:40:00Z,728634,0.099933,0,
2023-12-03T10:40:00Z,728640,0.092856,0,
2023-12-03T11:40:00Z,728646,0.094014,0,
2023-12-03T12:40:00Z,728652,0.094915,0,
2023-12-03T13:40:00Z,728658,0.098763,0,
2023-12-03T14:40:00Z,728664,0.097697,0,
2023-12-03T15:40:00Z,728670,0.141871,0,
2023-12-03T16:40:00Z,728676,0.138529,0,
2023-12-03T17:40:00Z,728682,0.110911,0,
2023-12-03T18:40:00Z,728688,0.101470,0,
2023-12-03T19:40:00Z,728694,0.087017,0,
2023-12-03T20:40:00Z,728700,0.068671,0,
2023-12-03T21:40:00Z,728706,0.057482,0,
2023-12-03T22:40:00Z,728712,0.045358,0,
2023-12-03T23:40:00Z,728718,0.032365,0,
2023-12-04T00:40:00Z,728724,0.013848,0,
2023-12-04T01:40:00Z,728730,0.012831,0,
2023-12-04T02:40:00Z,728736,0.008204,0,
2023-12-04T03:40:00Z,728742,0.009911,0,
2023-12-04T04:40:00Z,728748,0.011538,0,
2023-12-04T05:40:00Z,728754,0.011434,0,
2023-12-04T06:40:00Z,728760,0.010522,0,
2023-12-04T07:40:00Z,728766,0.011151,0,
2023-12-04T08:40:00Z,728772,0.008808,0,
2023-12-04T09:40:00Z,728778,0.015052,0,
2023-12-04T10:40:00Z,728784,0.017490,0,
2023-12-04T11:40:00Z,728790,0.019900,0,
2023-12-04T12:40:00Z,728796,0.026562,0,
2023-12-04T13:40:00Z,728802,0.024855,0,
2023-12-04T14:40:00Z,728808,0.030785,0,
2023-12-04T15:40:00Z,728814,0.031628,0,
2023-12-04T16:40:00Z,728820,0.033215,0,
2023-12-04T17:40:00Z,728826,0.037439,0,
2023-12-04T18:40:00Z,728832,0.026642,0,
2023-12-04T19:40:00Z,728838,0.015683,0,
2023-12-04T20:40:00Z,728844,0.015336,0,
2023-12-04T21:40:00Z,728850,0.013547,0,
2023-12-04T22:40:00Z,728856,0.011219,0,
2023-12-04T23:40:00Z,728862,0.009634,0,
2023-12-05T00:40:00Z,728868,0.013496,0,
2023-12-05T01:40:00Z,728874,0.011606,0,
2023-12-05T02:40:00Z,728880,0.010367,0,
2023-12-05T03:40:00Z,728886,0.011110,0,
2023-12-05T04:40:00Z,728892,0.011581,0,
2023-12-05T05:40:00Z,728898,0.009433,0,
2023-12-05T06:40:00Z,728904,0.010121,0,
2023-12-05T07:40:00Z,728910,0.009574,0,
2023-12-05T08:40:00Z,728916,0.009228,0,
2023-12-05T09:40:00Z,728922,0.009187,0,
2023-12-05T10:40:00Z,728928,0.008343,0,
2023-12-05T11:40:00Z,728934,0.007803,0,
2023-12-05T12:40:00Z,728940,0.006264,0,
2023-12-05T13:40:00Z,728946,0.005141,0,
2023-12-05T14:40:00Z,728952,0.006355,0,
2023-12-05T15:40:00Z,728958,0.006177,0,
2023-12-05T16:40:00Z,728964,0.004496,0,
2023-12-05T17:40:00Z,728970,0.006198,0,
2023-12-05T18:40:00Z,728976,0.005418,0,
2023-12-05T19:40:00Z,728982,0.004181,0,
2023-12-05T20:40:00Z,728988,0.008653,0,
2023-12-05T21:40:00Z,728994,0.007602,0,
2023-12-05T22:40:00Z,729000,0.007301,0,
2023-12-05T23:40:00Z,729006,0.010659,0,
2023-12-06T00:40:00Z,729012,0.010330,0,
2023-12-06T01:40:00Z,729018,0.008130,0,
2023-12-06T02:40:00Z,729024,0.009841,0,
2023-12-06T03:40:00Z,729030,0.010399,0,
2023-12-06T04:40:00Z,729036,0.012183,0,
2023-12-06T05:40:00Z,729042,0.015099,0,
2023-12-06T06:40:00Z,729048,0.014646,0,
2023-12-06T07:40:00Z,729054,0.012370,0,
2023-12-06T08:40:00Z,729060,0.014800,0,
2023-12-06T09:40:00Z,729066,0.009587,0,
2023-12-06T10:40:00Z,729072,0.009223,0,
2023-12-06T11:40:00Z,729078,0.010077,0,
2023-12-06T12:40:00Z,729084,0.008396,0,
2023-12-06T13:40:00Z,729090,0.008274,0,
2023-12-06T14:40:00Z,729096,0.009583,0,
2023-12-06T15:40:00Z,729102,0.009180,0,
2023-12-06T16:40:00Z,729108,0.011355,0,
2023-12-06T17:40:00Z,729114,0.011562,0,
2023-12-06T18:40:00Z,729120,0.004319,0,
2023-12-06T19:40:00Z,729126,0.007647,0,
2023-12-06T20:40:00Z,729132,0.010551,0,
2023-12-06T21:40:00Z,729138,0.009504,0,
2023-12-06T22:40:00Z,729144,0.008992,0,
2023-12-06T23:40:00Z,729150,0.007131,0,
2023-12-07T00:40:00Z,729156,0.007808,0,
2023-12-07T01:40:00Z,729162,0.006374,0,
2023-12-07T02:40:00Z,729168,0.006557,0,
2023-12-07T03:40:00Z,729174,0.006243,0,
2023-12-07T04:40:00Z,729180,0.008846,0,
2023-12-07T05:40:00Z,729186,0.009409,0,
2023-12-07T06:40:00Z,729192,0.014499,0,
2023-12-07T07:40:00Z,729198,0.015145,0,
2023-12-07T08:40:00Z,729204,0.017171,0,
2023-12-07T09:40:00Z,729210,0.016800,0,
2023-12-07T10:40:00Z,729216,0.012789,0,
2023-12-07T11:40:00Z,729222,0.017732,0,
2023-12-07T12:40:00Z,729228,0.018318,0,
2023-12-07T13:40:00Z,729234,0.018904,0,
2023-12-07T14:40:00Z,729240,0.018454,0,
2023-12-07T15:40:00Z,729246,0.018970,0,
2023-12-07T16:40:00Z,729252,0.019550,0,
2023-12-07T17:40:00Z,729258,0.016334,0,
2023-12-07T18:40:00Z,729264,0.011068,0,
2023-12-07T19:40:00Z,729270,0.008262,0,
2023-12-07T20:40:00Z,729276,0.008913,0,
2023-12-07T21:40:00Z,729282,0.009801,0,
2023-12-07T22:40:00Z,729288,0.009592,0,
2023-12-07T23:40:00Z,729294,0.010273,0,
2023-12-08T00:40:00Z,729300,0.012544,0,
2023-12-08T01:40:00Z,729306,0.005394,0,
2023-12-08T02:40:00Z,729312,0.012857,0,
2023-12-08T03:40:00Z,729318,0.011121,0,
2023-12-08T04:40:00Z,729324,0.014600,0,
2023-12-08T05:40:00Z,729330,0.013888,0,
2023-12-08T06:40:00Z,729336,0.015388,0,
2023-12-08T07:40:00Z,729342,0.020425,0,
2023-12-08T08:40:00Z,729348,0.016827,0,
2023-12-08T09:40:00Z,729354,0.018474,0,
2023-12-08T10:40:00Z,729360,0.014583,0,
2023-12-08T11:40:00Z,729366,0.018969,0,
2023-12-08T12:40:00Z,729372,0.016660,0,
2023-12-08T13:40:00Z,729378,0.011823,0,
2023-12-08T14:40:00Z,729384,0.007334,0,
2023-12-08T15:40:00Z,729390,0.011572,0,
2023-12-08T16:40:00Z,729396,0.016134,0,
2023-12-08T17:40:00Z,729402,0.013165,0,
2023-12-08T18:40:00Z,729408,0.022511,0,
2023-12-08T19:40:00Z,729414,0.020606,0,
2023-12-08T20:40:00Z,729420,0.017294,0,
2023-12-08T21:40:00Z,729426,0.013415,0,
2023-12-08T22:40:00Z,729432,0.014017,0,
2023-12-08T23:40:00Z,729438,0.012714,0,
2023-12-09T00:40:00Z,729444,0.013927,0,
2023-12-09T01:40:00Z,729450,0.014005,0,
2023-12-09T02:40:00Z,729456,0.014854,0,
2023-12-09T03:40:00Z,729462,0.015704,0,
2023-12-09T04:40:00Z,729468,0.012818,0,
2023-12-09T05:40:00Z,729474,0.010043,0,
2023-12-09T06:40:00Z,729480,0.011175,0,
2023-12-09T07:40:00Z,729486,0.014711,0,
2023-12-09T08:40:00Z,729492,0.014992,0,
2023-12-09T09:40:00Z,729498,0.019004,0,
2023-12-09T10:40:00Z,729504,0.017887,0,
2023-12-09T11:40:00Z,729510,0.014245,0,
2023-12-09T12:40:00Z,729516,0.016571,0,
2023-12-09T13:40:00Z,729522,0.021065,0,
2023-12-09T14:40:00Z,729528,0.027161,0,
2023-12-09T15:40:00Z,729534,0.023844,0,
2023-12-09T16:40:00Z,729540,0.027227,0,
2023-12-09T17:40:00Z,729546,0.025724,0,
2023-12-09T18:40:00Z,729552,0.029844,0,
2023-12-09T19:40:00Z,729558,0.025924,0,
2023-12-09T20:40:00Z,729564,0.027503,0,
2023-12-09T21:40:00Z,729570,0.025774,0,
2023-12-09T22:40:00Z,729576,0.025545,0,
2023-12-09T23:40:00Z,729582,0.027464,0,
2023-12-10T00:40:00Z,729588,0.027895,0,
2023-12-10T01:40:00Z,729594,0.030389,0,
2023-12-10T02:40:00Z,729600,0.029406,0,
2023-12-10T03:40:00Z,729606,0.027167,0,
2023-12-10T04:40:00Z,729612,0.021032,0,
2023-12-10T05:40:00Z,729618,0.023824,0,
2023-12-10T06:40:00Z,729624,0.018775,0,
2023-12-10T07:40:00Z,729630,0.017879,0,
2023-12-10T08:40:00Z,729636,0.022637,0,
2023-12-10T09:40:00Z,729642,0.014451,0,
2023-12-10T10:40:00Z,729648,0.014819,0,
2023-12-10T11:40:00Z,729654,0.017286,0,
2023-12-10T12:40:00Z,729660,0.015540,0,
2023-12-10T13:40:00Z,729666,0.020528,0,
2023-12-10T14:40:00Z,729672,0.019502,0,
2023-12-10T15:40:00Z,729678,0.023453,0,
2023-12-10T16:40:00Z,729684,0.021764,0,
2023-12-10T17:40:00Z,729690,0.024220,0,
2023-12-10T18:40:00Z,729696,0.025408,0,
2023-12-10T19:40:00Z,729702,0.024863,0,
2023-12-10T20:40:00Z,729708,0.028690,0,
2023-12-10T21:40:00Z,729714,0.027880,0,
2023-12-10T22:40:00Z,729720,0.030605,0,
2023-12-10T23:40:00Z,729726,0.028252,0,
2023-12-11T00:40:00Z,729732,0.028525,0,
2023-12-11T01:40:00Z,729738,0.029195,0,
2023-12-11T02:40:00Z,729744,0.028416,0,
2023-12-11T03:40:00Z,729750,0.034449,0,
2023-12-11T04:40:00Z,729756,0.020911,0,
2023-12-11T05:40:00Z,729762,0.014708,0,
2023-12-11T06:40:00Z,729768,0.012818,0,
2023-12-11T07:40:00Z,729774,0.010896,0,
2023-12-11T08:40:00Z,729780,0.009496,0,
2023-12-11T09:40:00Z,729786,0.010450,0,
2023-12-11T10:40:00Z,729792,0.008148,0,
2023-12-11T11:40:00Z,729798,0.008707,0,
2023-12-11T12:40:00Z,729804,0.009403,0,
2023-12-11T13:40:00Z,729810,0.013923,0,
2023-12-11T14:40:00Z,729816,0.009783,0,
2023-12-11T15:40:00Z,729822,0.011329,0,
2023-12-11T16:40:00Z,729828,0.016991,0,
2023-12-11T17:40:00Z,729834,0.023643,0,
2023-12-11T18:40:00Z,729840,0.023097,0,
2023-12-11T19:40:00Z,729846,0.022452,0,
2023-12-11T20:40:00Z,729852,0.018462,0,
2023-12-11T21:40:00Z,729858,0.018964,0,
2023-12-11T22:40:00Z,729864,0.010495,0,
2023-12-11T23:40:00Z,729870,0.005421,0,
2023-12-12T00:40:00Z,729876,0.007468,0,
2023-12-12T01:40:00Z,729882,0.003811,0,
2023-12-14T01:50:00Z,730031,0.002333,0,
2023-12-14T02:50:00Z,730037,0.013171,0,
2023-12-14T03:50:00Z,730043,0.012907,0,
2023-12-14T04:50:00Z,730049,0.014897,0,
2023-12-14T05:50:00Z,730055,0.014026,0,
2023-12-14T06:50:00Z,730061,0.015231,0,
2023-12-14T07:50:00Z,730067,0.012084,0,
2023-12-14T08:50:00Z,730073,0.011009,0,
2023-12-14T09:50:00Z,730079,0.017217,0,
2023-12-14T10:50:00Z,730085,0.012379,0,
2023-12-14T11:50:00Z,730091,0.016999,0,
2023-12-14T12:50:00Z,730097,0.006786,0,
2023-12-14T13:50:00Z,730103,0.012827,0,
2023-12-14T14:50:00Z,730109,0.017949,0,
2023-12-14T15:50:00Z,730115,0.013790,0,
2023-12-14T16:50:00Z,730121,0.017838,0,
2023-12-14T17:50:00Z,730127,0.015056,0,
2023-12-14T18:50:00Z,730133,0.012832,0,
2023-12-14T19:50:00Z,730139,0.018225,0,
2023-12-14T20:50:00Z,730145,0.013046,0,
2023-12-14T21:50:00Z,730151,0.005279,0,
2023-12-14T22:50:00Z,730157,0.012347,0,
2023-12-14T23:50:00Z,730163,0.012067,0,
2023-12-15T00:50:00Z,730169,0.009794,0,
2023-12-15T01:50:00Z,730175,0.003341,0,
2023-12-15T02:50:00Z,730181,0.003205,0,
2023-12-15T03:50:00Z,730187,0.010024,0,
2023-12-15T04:50:00Z,730193,0.011241,0,
2023-12-15T05:50:00Z,730199,0.011146,0,
2023-12-15T06:50:00Z,730205,0.010488,0,
2023-12-15T07:50:00Z,730211,0.009036,0,
2023-12-15T08:50:00Z,730217,0.010055,0,
2023-12-15T09:50:00Z,730223,0.015347,0,
2023-12-15T10:50:00Z,730229,0.007202,0,
2023-12-15T11:50:00Z,730235,0.017470,0,
2023-12-15T12:50:00Z,730241,0.020535,0,
2023-12-15T13:50:00Z,730247,0.019479,0,
2023-12-15T14:50:00Z,730253,0.021032,0,
2023-12-15T15:50:00Z,730259,0.015355,0,
2023-12-15T16:50:00Z,730265,0.014448,0,
2023-12-15T17:50:00Z,730271,0.013432,0,
2023-12-15T18:50:00Z,730277,0.012711,0,
2023-12-15T19:50:00Z,730283,0.013493,0,
2023-12-15T20:50:00Z,730289,0.013044,0,
2023-12-15T21:50:00Z,730295,0.009899,0,
2023-12-15T22:50:00Z,730301,0.011218,0,
2023-12-15T23:50:00Z,730307,0.020448,0,
2023-12-16T00:50:00Z,730313,0.019278,0,
2023-12-16T01:50:00Z,730319,0.015123,0,
2023-12-16T02:50:00Z,730325,0.011772,0,
2023-12-16T03:50:00Z,730331,0.013148,0,
2023-12-16T04:50:00Z,730337,0.012975,0,
2023-12-16T05:50:00Z,730343,0.011557,0,
2023-12-16T06:50:00Z,730349,0.011918,0,
2023-12-16T07:50:00Z,730355,0.010583,0,
2023-12-16T08:50:00Z,730361,0.013647,0,
2023-12-16T09:50:00Z,730367,0.016298,0,
2023-12-16T10:50:00Z,730373,0.016189,0,
2023-12-16T11:50:00Z,730379,0.013897,0,
2023-12-16T12:50:00Z,730385,0.018047,0,
2023-12-16T13:50:00Z,730391,0.021630,0,
2023-12-16T14:50:00Z,730397,0.019097,0,
2023-12-16T15:50:00Z,730403,0.022488,0,
2023-12-16T16:50:00Z,730409,0.024074,0,
2023-12-16T17:50:00Z,730415,0.026905,0,
2023-12-16T18:50:00Z,730421,0.023014,0,
2023-12-16T19:50:00Z,730427,0.020050,0,
2023-12-16T20:50:00Z,730433,0.016234,0,
2023-12-16T21:50:00Z,730439,0.017100,0,
2023-12-16T22:50:00Z,730445,0.015032,0,
2023-12-16T23:50:00Z,730451,0.012077,0,
2023-12-17T00:50:00Z,730457,0.018265,0,
2023-12-17T01:50:00Z,730463,0.023661,0,
2023-12-17T02:50:00Z,730469,0.028694,0,
2023-12-17T03:50:00Z,730475,0.031422,0,
2023-12-17T04:50:00Z,730481,0.032554,0,
2023-12-17T05:50:00Z,730487,0.029687,0,
2023-12-17T06:50:00Z,730493,0.035074,0,
2023-12-17T07:50:00Z,730499,0.035243,0,
2023-12-17T08:50:00Z,730505,0.033120,0,
2023-12-17T09:50:00Z,730511,0.036599,0,
2023-12-17T10:50:00Z,730517,0.036771,0,
2023-12-17T11:50:00Z,730523,0.034780,0,
2023-12-17T12:50:00Z,730529,0.034511,0,
2023-12-17T13:50:00Z,730535,0.037153,0,
2023-12-17T14:50:00Z,730541,0.033298,0,
2023-12-17T15:50:00Z,730547,0.033529,0,
2023-12-17T16:50:00Z,730553,0.029862,0,
2023-12-17T17:50:00Z,730559,0.031709,0,
2023-12-17T18:50:00Z,730565,0.034580,0,
2023-12-17T19:50:00Z,730571,0.033895,0,
2023-12-17T20:50:00Z,730577,0.034487,0,
2023-12-17T21:50:00Z,730583,0.037082,0,
2023-12-17T22:50:00Z,730589,0.039827,0,
2023-12-17T23:50:00Z,730595,0.046760,0,
2023-12-18T00:50:00Z,730601,0.045714,0,
2023-12-18T01:50:00Z,730607,0.039822,0,
2023-12-18T02:50:00Z,730613,0.041047,0,
2023-12-18T03:50:00Z,730619,0.032312,0,
2023-12-18T04:50:00Z,730625,0.021930,0,
2023-12-18T05:50:00Z,730631,0.017530,0,
2023-12-18T06:50:00Z,730637,0.016415,0,
2023-12-18T07:50:00Z,730643,0.016640,0,
2023-12-18T08:50:00Z,730649,0.019410,0,
2023-12-18T09:50:00Z,730655,0.016526,0,
2023-12-18T10:50:00Z,730661,0.016816,0,
2023-12-18T11:50:00Z,730667,0.015071,0,
2023-12-18T12:50:00Z,730673,0.023230,0,
2023-12-18T13:50:00Z,730679,0.027061,0,
2023-12-18T14:50:00Z,730685,0.034657,0,
2023-12-18T15:50:00Z,730691,0.041351,0,
2023-12-18T16:50:00Z,730697,0.029353,0,
2023-12-18T17:50:00Z,730703,0.040184,0,
2023-12-18T18:50:00Z,730709,0.047161,0,
2023-12-18T19:50:00Z,730715,0.049242,0,
2023-12-18T20:50:00Z,730721,0.051139,0,
2023-12-18T21:50:00Z,730727,0.051568,0,
2023-12-18T22:50:00Z,730733,0.046034,0,
2023-12-18T23:50:00Z,730739,0.046554,0,
2023-12-19T00:50:00Z,730745,0.037695,0,
2023-12-19T01:50:00Z,730751,0.032480,0,
2023-12-19T02:50:00Z,730757,0.026054,0,
2023-12-19T03:50:00Z,730763,0.018964,0,
2023-12-19T04:50:00Z,730769,0.011719,0,
2023-12-19T05:50:00Z,730775,0.009230,0,
2023-12-19T06:50:00Z,730781,0.015827,0,
2023-12-19T07:50:00Z,730787,0.012310,0,
2023-12-19T08:50:00Z,730793,0.014772,0,
2023-12-19T09:50:00Z,730799,0.017109,0,
2023-12-19T10:50:00Z,730805,0.015543,0,
2023-12-19T11:50:00Z,730811,0.009264,0,
2023-12-19T12:50:00Z,730817,0.007440,0,
2023-12-19T13:50:00Z,730823,0.005442,0,
2023-12-19T14:50:00Z,730829,0.011277,0,
2023-12-19T15:50:00Z,730835,0.006908,0,
2023-12-19T16:50:00Z,730841,0.005365,0,
2023-12-19T17:50:00Z,730847,0.004734,0,
2023-12-19T18:50:00Z,730853,0.002853,0,
2023-12-19T19:50:00Z,730859,0.005225,0,
2023-12-19T20:50:00Z,730865,0.005587,0,
2023-12-19T21:50:00Z,730871,0.006296,0,
2023-12-19T22:50:00Z,730877,0.005384,0,
2023-12-19T23:50:00Z,730883,0.005280,0,
2023-12-20T00:50:00Z,730889,0.010045,0,
2023-12-20T01:50:00Z,730895,0.008633,0,
2023-12-20T02:50:00Z,730901,0.011102,0,
2023-12-20T03:50:00Z,730907,0.011428,0,
2023-12-20T04:50:00Z,730913,0.006933,0,
2023-12-20T05:50:00Z,730919,0.008306,0,
2023-12-20T06:50:00Z,730925,0.018023,0,
2023-12-20T07:50:00Z,730931,0.014220,0,
2023-12-20T08:50:00Z,730937,0.011399,0,
2023-12-20T09:50:00Z,730943,0.013232,0,
2023-12-20T10:50:00Z,730949,0.009769,0,
2023-12-20T11:50:00Z,730955,0.009634,0,
2023-12-20T12:50:00Z,730961,0.016337,0,
2023-12-20T13:50:00Z,730967,0.013660,0,
2023-12-20T14:50:00Z,730973,0.022020,1,23.33
2023-12-20T15:50:00Z,730979,0.021532,1,22.33
2023-12-20T16:50:00Z,730985,0.018675,1,21.33
2023-12-20T17:50:00Z,730991,0.017653,1,20.33
2023-12-20T18:50:00Z,730997,0.018782,1,19.33
2023-12-20T19:50:00Z,731003,0.020949,1,18.33
2023-12-20T20:50:00Z,731009,0.021943,1,17.33
2023-12-20T21:50:00Z,731015,0.021939,1,16.33
2023-12-20T22:50:00Z,731021,0.024666,1,15.33
2023-12-20T23:50:00Z,731027,0.025092,1,14.33
2023-12-21T00:50:00Z,731033,0.025663,1,13.33
2023-12-21T01:50:00Z,731039,0.025528,1,12.33
2023-12-21T02:50:00Z,731045,0.025514,1,11.33
2023-12-21T03:50:00Z,731051,0.026916,1,10.33
2023-12-21T04:50:00Z,731057,0.028508,1,9.33
2023-12-21T05:50:00Z,731063,0.034661,1,8.33
2023-12-21T06:50:00Z,731069,0.032881,1,7.33
2023-12-21T07:50:00Z,731075,0.035250,1,6.33
2023-12-21T08:50:00Z,731081,0.035165,1,5.33
2023-12-21T09:50:00Z,731087,0.037688,1,4.33
2023-12-21T10:50:00Z,731093,0.036861,1,3.33
2023-12-21T11:50:00Z,731099,0.037970,1,2.33
2023-12-21T12:50:00Z,731105,0.031273,1,1.33
2023-12-21T13:50:00Z,731111,0.031736,1,0.33
2023-12-21T14:50:00Z,731117,0.027341,0,
2023-12-21T15:50:00Z,731123,0.030366,0,
2023-12-21T16:50:00Z,731129,0.028775,0,
2023-12-21T17:50:00Z,731135,0.027763,0,
2023-12-21T18:50:00Z,731141,0.034025,0,
2023-12-21T19:50:00Z,731147,0.032503,0,
2023-12-21T20:50:00Z,731153,0.029774,0,
2023-12-21T21:50:00Z,731159,0.026171,0,
2023-12-21T22:50:00Z,731165,0.025578,0,
2023-12-21T23:50:00Z,731171,0.026070,0,
2023-12-22T00:50:00Z,731177,0.026502,0,
2023-12-22T01:50:00Z,731183,0.025880,0,
2023-12-22T02:50:00Z,731189,0.018858,0,
2023-12-22T03:50:00Z,731195,0.014748,0,
2023-12-22T04:50:00Z,731201,0.017079,0,
2023-12-22T05:50:00Z,731207,0.020245,0,
2023-12-22T06:50:00Z,731213,0.020261,0,
2023-12-22T07:50:00Z,731219,0.022905,0,
2023-12-22T08:50:00Z,731225,0.023560,0,
2023-12-22T09:50:00Z,731231,0.023977,0,
2023-12-22T10:50:00Z,731237,0.024188,0,
2023-12-22T11:50:00Z,731243,0.024907,0,
2023-12-22T12:50:00Z,731249,0.023508,0,
2023-12-22T13:50:00Z,731255,0.026086,0,
2023-12-22T14:50:00Z,731261,0.026234,0,
2023-12-22T15:50:00Z,731267,0.028554,0,
2023-12-22T16:50:00Z,731273,0.028278,0,
2023-12-22T17:50:00Z,731279,0.030745,0,
2023-12-22T18:50:00Z,731285,0.024233,0,
2023-12-22T19:50:00Z,731291,0.014530,0,
2023-12-22T20:50:00Z,731297,0.012385,0,
2023-12-22T21:50:00Z,731303,0.012045,0,
2023-12-22T22:50:00Z,731309,0.015942,0,
2023-12-22T23:50:00Z,731315,0.016709,0,
2023-12-23T00:50:00Z,731321,0.021504,0,
2023-12-23T01:50:00Z,731327,0.025170,0,
2023-12-23T02:50:00Z,731333,0.027314,0,
2023-12-23T03:50:00Z,731339,0.029382,0,
2023-12-23T04:50:00Z,731345,0.026730,0,
2023-12-23T05:50:00Z,731351,0.024973,0,
2023-12-23T06:50:00Z,731357,0.026341,0,
2023-12-23T07:50:00Z,731363,0.027442,0,
2023-12-23T08:50:00Z,731369,0.032408,0,
2023-12-23T09:50:00Z,731375,0.032569,0,
2023-12-23T10:50:00Z,731381,0.029914,0,
2023-12-23T11:50:00Z,731387,0.035887,0,
2023-12-23T12:50:00Z,731393,0.038252,0,
2023-12-23T13:50:00Z,731399,0.043321,0,
2023-12-23T14:50:00Z,731405,0.041450,0,
2023-12-23T15:50:00Z,731411,0.039880,0,
2023-12-23T16:50:00Z,731417,0.037681,0,
2023-12-23T17:50:00Z,731423,0.038988,0,
2023-12-23T18:50:00Z,731429,0.039495,0,
2023-12-23T19:50:00Z,731435,0.038520,0,
2023-12-23T20:50:00Z,731441,0.045828,0,
2023-12-23T21:50:00Z,731447,0.049286,0,
2023-12-23T22:50:00Z,731453,0.041211,0,
2023-12-23T23:50:00Z,731459,0.044303,0,
2023-12-24T00:50:00Z,731465,0.057367,0,
2023-12-24T01:50:00Z,731471,0.054753,0,
2023-12-24T02:50:00Z,731477,0.056442,0,
2023-12-24T03:50:00Z,731483,0.058159,0,
2023-12-24T04:50:00Z,731489,0.058143,0,
2023-12-24T05:50:00Z,731495,0.055118,0,
2023-12-24T06:50:00Z,731501,0.049138,0,
2023-12-24T07:50:00Z,731507,0.049854,0,
2023-12-24T08:50:00Z,731513,0.052715,0,
2023-12-24T09:50:00Z,731519,0.056492,0,
2023-12-24T10:50:00Z,731525,0.046360,0,
2023-12-24T11:50:00Z,731531,0.051621,0,
2023-12-24T12:50:00Z,731537,0.054309,0,
2023-12-24T13:50:00Z,731543,0.051557,0,
2023-12-24T14:50:00Z,731549,0.050439,0,
2023-12-24T15:50:00Z,731555,0.049088,0,
2023-12-24T16:50:00Z,731561,0.039322,0,
2023-12-24T17:50:00Z,731567,0.040669,0,
2023-12-24T18:50:00Z,731573,0.051626,0,
2023-12-24T19:50:00Z,731579,0.051943,0,
2023-12-24T20:50:00Z,731585,0.037698,0,
2023-12-24T21:50:00Z,731591,0.046274,0,
2023-12-24T22:50:00Z,731597,0.038188,0,
2023-12-24T23:50:00Z,731603,0.042314,0,
2023-12-25T00:50:00Z,731609,0.033266,0,
2023-12-25T01:50:00Z,731615,0.016740,0,
2023-12-25T02:50:00Z,731621,0.013841,0,
2023-12-25T03:50:00Z,731627,0.013109,0,
2023-12-25T04:50:00Z,731633,0.011105,0,
2023-12-25T05:50:00Z,731639,0.011173,0,
2023-12-25T06:50:00Z,731645,0.011417,0,
2023-12-25T07:50:00Z,731651,0.009881,0,
2023-12-25T08:50:00Z,731657,0.010478,0,
2023-12-25T09:50:00Z,731663,0.011833,0,
2023-12-25T10:50:00Z,731669,0.010737,0,
2023-12-25T11:50:00Z,731675,0.011577,0,
2023-12-25T12:50:00Z,731681,0.011586,0,
2023-12-25T13:50:00Z,731687,0.007957,0,
2023-12-25T14:50:00Z,731693,0.010546,0,
2023-12-25T15:50:00Z,731699,0.010907,0,
2023-12-25T16:50:00Z,731705,0.010175,0,
2023-12-25T17:50:00Z,731711,0.009672,0,
2023-12-25T18:50:00Z,731717,0.012202,0,
2023-12-25T19:50:00Z,731723,0.009247,0,
2023-12-25T20:50:00Z,731729,0.011504,0,
2023-12-25T21:50:00Z,731735,0.016587,0,
2023-12-25T22:50:00Z,731741,0.020082,0,
2023-12-25T23:50:00Z,731747,0.013383,0,
2023-12-26T00:50:00Z,731753,0.010966,0,
2023-12-26T01:50:00Z,731759,0.014072,0,
2023-12-26T02:50:00Z,731765,0.018432,0,
2023-12-26T03:50:00Z,731771,0.017757,0,
2023-12-26T04:50:00Z,731777,0.017987,0,
2023-12-26T05:50:00Z,731783,0.018988,0,
2023-12-26T06:50:00Z,731789,0.024163,0,
2023-12-26T07:50:00Z,731795,0.028682,0,
2023-12-26T08:50:00Z,731801,0.028029,0,
2023-12-26T09:50:00Z,731807,0.015047,0,
2023-12-26T10:50:00Z,731813,0.018481,0,
2023-12-26T11:50:00Z,731819,0.018668,0,
2023-12-26T12:50:00Z,731825,0.014334,0,
2023-12-26T13:50:00Z,731831,0.017960,0,
2023-12-26T14:50:00Z,731837,0.022796,0,
2023-12-26T15:50:00Z,731843,0.028021,0,
2023-12-26T16:50:00Z,731849,0.021822,0,
2023-12-26T17:50:00Z,731855,0.022773,0,
2023-12-26T18:50:00Z,731861,0.020011,0,
2023-12-26T19:50:00Z,731867,0.022729,0,
2023-12-26T20:50:00Z,731873,0.020573,0,
2023-12-26T21:50:00Z,731879,0.020058,0,
2023-12-26T22:50:00Z,731885,0.011912,0,
2023-12-26T23:50:00Z,731891,0.013474,0,
2023-12-27T00:50:00Z,731897,0.010265,0,
2023-12-27T01:50:00Z,731903,0.009082,0,
2023-12-27T02:50:00Z,731909,0.007712,0,
2023-12-27T03:50:00Z,731915,0.010122,0,
2023-12-27T04:50:00Z,731921,0.010952,0,
2023-12-27T05:50:00Z,731927,0.008238,0,
2023-12-27T06:50:00Z,731933,0.008037,0,
2023-12-27T07:50:00Z,731939,0.006981,0,
2023-12-27T08:50:00Z,731945,0.012357,0,
2023-12-27T09:50:00Z,731951,0.013768,0,
2023-12-27T10:50:00Z,731957,0.016517,0,
2023-12-27T11:50:00Z,731963,0.019397,0,
2023-12-27T12:50:00Z,731969,0.021918,0,
2023-12-27T13:50:00Z,731975,0.022123,0,
2023-12-27T14:50:00Z,731981,0.023439,0,
2023-12-27T15:50:00Z,731987,0.027652,0,
2023-12-27T16:50:00Z,731993,0.028187,0,
2023-12-27T17:50:00Z,731999,0.026420,0,
2023-12-27T18:50:00Z,732005,0.029384,0,
2023-12-27T19:50:00Z,732011,0.031308,0,
2023-12-27T20:50:00Z,732017,0.035080,0,
2023-12-27T21:50:00Z,732023,0.035774,0,
2023-12-27T22:50:00Z,732029,0.033669,0,
2023-12-27T23:50:00Z,732035,0.037553,0,
2023-12-28T00:50:00Z,732041,0.041349,0,
2023-12-28T01:50:00Z,732047,0.037790,0,
2023-12-28T02:50:00Z,732053,0.038503,0,
2023-12-28T03:50:00Z,732059,0.042219,0,
2023-12-28T04:50:00Z,732065,0.042841,0,
2023-12-28T05:50:00Z,732071,0.045342,0,
2023-12-28T06:50:00Z,732077,0.044833,0,
2023-12-28T07:50:00Z,732083,0.049818,0,
2023-12-28T08:50:00Z,732089,0.047512,0,
2023-12-28T09:50:00Z,732095,0.047660,0,
2023-12-28T10:50:00Z,732101,0.044356,0,
2023-12-28T11:50:00Z,732107,0.047058,0,
2023-12-28T12:50:00Z,732113,0.044203,0,
2023-12-28T13:50:00Z,732119,0.050644,0,
2023-12-28T14:50:00Z,732125,0.048518,0,
2023-12-28T15:50:00Z,732131,0.042382,0,
2023-12-28T16:50:00Z,732137,0.045269,0,
2023-12-28T17:50:00Z,732143,0.050733,0,
2023-12-28T18:50:00Z,732149,0.060808,0,
2023-12-28T19:50:00Z,732155,0.059947,0,
2023-12-28T20:50:00Z,732161,0.056638,0,
2023-12-28T21:50:00Z,732167,0.042093,0,
2023-12-28T22:50:00Z,732173,0.040820,0,
2023-12-28T23:50:00Z,732179,0.049919,0,
2023-12-29T00:50:00Z,732185,0.043873,0,
2023-12-29T01:50:00Z,732191,0.039564,0,
2023-12-29T02:50:00Z,732197,0.037582,0,
2023-12-29T03:50:00Z,732203,0.039774,0,
2023-12-29T04:50:00Z,732209,0.038208,0,
2023-12-29T05:50:00Z,732215,0.036157,0,
2023-12-29T06:50:00Z,732221,0.036779,0,
2023-12-29T07:50:00Z,732227,0.026151,0,
2023-12-29T08:50:00Z,732233,0.023641,0,
2023-12-29T09:50:00Z,732239,0.021371,0,
2023-12-29T10:50:00Z,732245,0.017511,0,
2023-12-29T11:50:00Z,732251,0.015792,0,
2023-12-29T12:50:00Z,732257,0.018691,0,
2023-12-29T13:50:00Z,732263,0.015775,0,
2023-12-29T14:50:00Z,732269,0.011752,0,
2023-12-29T15:50:00Z,732275,0.013573,0,
2023-12-29T16:50:00Z,732281,0.016194,0,
2023-12-29T17:50:00Z,732287,0.009887,0,
2023-12-29T18:50:00Z,732293,0.011351,0,
2023-12-29T19:50:00Z,732299,0.016370,0,
2023-12-29T20:50:00Z,732305,0.023481,0,
2023-12-29T21:50:00Z,732311,0.023698,0,
2023-12-29T22:50:00Z,732317,0.022309,0,
2023-12-29T23:50:00Z,732323,0.024547,0,
2023-12-30T00:50:00Z,732329,0.023612,0,
2023-12-30T01:50:00Z,732335,0.019282,0,
2023-12-30T02:50:00Z,732341,0.018126,0,
2023-12-30T03:50:00Z,732347,0.014637,0,
2023-12-30T04:50:00Z,732353,0.014575,0,
2023-12-30T05:50:00Z,732359,0.013487,0,
2023-12-30T06:50:00Z,732365,0.012564,0,
2023-12-30T07:50:00Z,732371,0.011370,0,
2023-12-30T08:50:00Z,732377,0.011175,0,
2023-12-30T09:50:00Z,732383,0.009993,0,
2023-12-30T10:50:00Z,732389,0.007877,0,
2023-12-30T11:50:00Z,732395,0.009658,0,
2023-12-30T12:50:00Z,732401,0.011544,0,
2023-12-30T13:50:00Z,732407,0.010983,0,
2023-12-30T14:50:00Z,732413,0.015143,0,
2023-12-30T15:50:00Z,732419,0.016712,0,
2023-12-30T16:50:00Z,732425,0.018230,0,
2023-12-30T17:50:00Z,732431,0.023830,0,
2023-12-30T18:50:00Z,732437,0.024437,0,
2023-12-30T19:50:00Z,732443,0.029080,0,
2023-12-30T20:50:00Z,732449,0.031469,0,
2023-12-30T21:50:00Z,732455,0.034893,0,
2023-12-30T22:50:00Z,732461,0.027803,0,
2023-12-30T23:50:00Z,732467,0.021037,0,
2023-12-31T00:50:00Z,732473,0.019000,0,
2023-12-31T01:50:00Z,732479,0.017715,0,
2023-12-31T02:50:00Z,732485,0.015047,0,
2023-12-31T03:50:00Z,732491,0.017890,0,
2023-12-31T04:50:00Z,732497,0.015748,0,
2023-12-31T05:50:00Z,732503,0.014389,0,
2023-12-31T06:50:00Z,732509,0.012274,0,
2023-12-31T07:50:00Z,732515,0.015969,0,
2023-12-31T08:50:00Z,732521,0.012383,0,
2023-12-31T09:50:00Z,732527,0.013922,0,
2023-12-31T10:50:00Z,732533,0.023494,0,
2023-12-31T11:50:00Z,732539,0.022358,0,
2023-12-31T12:50:00Z,732545,0.029859,0,
2023-12-31T13:50:00Z,732551,0.027702,0,
2023-12-31T14:50:00Z,732557,0.024513,0,
2023-12-31T15:50:00Z,732563,0.025147,0,
2023-12-31T16:50:00Z,732569,0.024570,0,
2023-12-31T17:50:00Z,732575,0.023779,0,
2023-12-31T18:50:00Z,732581,0.028163,0,
2023-12-31T19:50:00Z,732587,0.028536,0,
2023-12-31T20:50:00Z,732593,0.028723,0,
2023-12-31T21:50:00Z,732599,0.032599,0,
2023-12-31T22:50:00Z,732605,0.032973,0,
2023-12-31T23:50:00Z,732611,0.032899,0,
